Workbook
Name Suppl_Rent_Final: Final_Data!$A$1:$D$50

Sheet SF_Data
A1: Associated Assembly: Assembly Type | B1: Supplemental Rent: Name | C1: Associated Assembly: Serial Number | D1: Effective Unit | E1: Effective Rate | F1: Net Units | G1: MR Total
A2: Airframe | B2: 6Y Check | C2: 1 | D2: Monthly | E2: 915 | F2: 1 | G2: 915
A3: Airframe | B3: 12 Y Check | C3: 1 | D3: Monthly | E3: 412 | F3: 1 | G3: 412
A4: Airframe | B4: LG Overhaul | C4: 1 | D4: Cycles | E4: 76 | F4: 50 | G4: 3800
A5: APU | B5: APU PR | C5: 7 | D5: Hours | E5: 27 | F5: 100 | G5: 2700
A6: Engine 1 | B6: E1 PR | C6: 2 | D6: Hours | E6: 126 | F6: 100 | G6: 12600
A7: Engine 1 | B7: E2 LLP | C7: 2 | D7: Cycles | E7: 57 | F7: 50 | G7: 2850
A8: Engine 2 | B8: E2 PR | C8: 3 | D8: Hours | E8: 126 | F8: 100 | G8: 12600
A9: Engine 2 | B9: E2 LLP | C9: 3 | D9: Cycles | E9: 57 | F9: 50 | G9: 2850

Sheet Final_Data
A1: Description | B1: Utilisation | C1: Rate | D1: Amount
A2: =IF(SF_Data!B2="","",SF_Data!B2&" [SN:"&SF_Data!C2&"]") -> 6Y Check [SN:1] | B2: =IF(SF_Data!F2="","",TEXT(SF_Data!F2,"#,##0.00")&" "&IF(SF_Data!D2="Monthly", "Month",IF(SF_Data!D2="Cycles","Flight Cycle",IF(SF_Data!D2="Hours","Flight Hour",SF_Data!D2)))) -> 1.00 Month | C2: =IF(SF_Data!E2="","",IF(SF_Data!E2=0,"N/A",SF_Data!E2)) -> 915 | D2: =IF(SF_Data!G2="","",SF_Data!G2) -> 915
A3: =IF(SF_Data!B3="","",SF_Data!B3&" [SN:"&SF_Data!C3&"]") -> 12 Y Check [SN:1] | B3: =IF(SF_Data!F3="","",TEXT(SF_Data!F3,"#,##0.00")&" "&IF(SF_Data!D3="Monthly", "Month",IF(SF_Data!D3="Cycles","Flight Cycle",IF(SF_Data!D3="Hours","Flight Hour",SF_Data!D3)))) -> 1.00 Month | C3: =IF(SF_Data!E3="","",IF(SF_Data!E3=0,"N/A",SF_Data!E3)) -> 412 | D3: =IF(SF_Data!G3="","",SF_Data!G3) -> 412
A4: =IF(SF_Data!B4="","",SF_Data!B4&" [SN:"&SF_Data!C4&"]") -> LG Overhaul [SN:1] | B4: =IF(SF_Data!F4="","",TEXT(SF_Data!F4,"#,##0.00")&" "&IF(SF_Data!D4="Monthly", "Month",IF(SF_Data!D4="Cycles","Flight Cycle",IF(SF_Data!D4="Hours","Flight Hour",SF_Data!D4)))) -> 50.00 Flight Cycle | C4: =IF(SF_Data!E4="","",IF(SF_Data!E4=0,"N/A",SF_Data!E4)) -> 76 | D4: =IF(SF_Data!G4="","",SF_Data!G4) -> 3800
A5: =IF(SF_Data!B5="","",SF_Data!B5&" [SN:"&SF_Data!C5&"]") -> APU PR [SN:7] | B5: =IF(SF_Data!F5="","",TEXT(SF_Data!F5,"#,##0.00")&" "&IF(SF_Data!D5="Monthly", "Month",IF(SF_Data!D5="Cycles","Flight Cycle",IF(SF_Data!D5="Hours","Flight Hour",SF_Data!D5)))) -> 100.00 Flight Hour | C5: =IF(SF_Data!E5="","",IF(SF_Data!E5=0,"N/A",SF_Data!E5)) -> 27 | D5: =IF(SF_Data!G5="","",SF_Data!G5) -> 2700
A6: =IF(SF_Data!B6="","",SF_Data!B6&" [SN:"&SF_Data!C6&"]") -> E1 PR [SN:2] | B6: =IF(SF_Data!F6="","",TEXT(SF_Data!F6,"#,##0.00")&" "&IF(SF_Data!D6="Monthly", "Month",IF(SF_Data!D6="Cycles","Flight Cycle",IF(SF_Data!D6="Hours","Flight Hour",SF_Data!D6)))) -> 100.00 Flight Hour | C6: =IF(SF_Data!E6="","",IF(SF_Data!E6=0,"N/A",SF_Data!E6)) -> 126 | D6: =IF(SF_Data!G6="","",SF_Data!G6) -> 12600
A7: =IF(SF_Data!B7="","",SF_Data!B7&" [SN:"&SF_Data!C7&"]") -> E2 LLP [SN:2] | B7: =IF(SF_Data!F7="","",TEXT(SF_Data!F7,"#,##0.00")&" "&IF(SF_Data!D7="Monthly", "Month",IF(SF_Data!D7="Cycles","Flight Cycle",IF(SF_Data!D7="Hours","Flight Hour",SF_Data!D7)))) -> 50.00 Flight Cycle | C7: =IF(SF_Data!E7="","",IF(SF_Data!E7=0,"N/A",SF_Data!E7)) -> 57 | D7: =IF(SF_Data!G7="","",SF_Data!G7) -> 2850
A8: =IF(SF_Data!B8="","",SF_Data!B8&" [SN:"&SF_Data!C8&"]") -> E2 PR [SN:3] | B8: =IF(SF_Data!F8="","",TEXT(SF_Data!F8,"#,##0.00")&" "&IF(SF_Data!D8="Monthly", "Month",IF(SF_Data!D8="Cycles","Flight Cycle",IF(SF_Data!D8="Hours","Flight Hour",SF_Data!D8)))) -> 100.00 Flight Hour | C8: =IF(SF_Data!E8="","",IF(SF_Data!E8=0,"N/A",SF_Data!E8)) -> 126 | D8: =IF(SF_Data!G8="","",SF_Data!G8) -> 12600
A9: =IF(SF_Data!B9="","",SF_Data!B9&" [SN:"&SF_Data!C9&"]") -> E2 LLP [SN:3] | B9: =IF(SF_Data!F9="","",TEXT(SF_Data!F9,"#,##0.00")&" "&IF(SF_Data!D9="Monthly", "Month",IF(SF_Data!D9="Cycles","Flight Cycle",IF(SF_Data!D9="Hours","Flight Hour",SF_Data!D9)))) -> 50.00 Flight Cycle | C9: =IF(SF_Data!E9="","",IF(SF_Data!E9=0,"N/A",SF_Data!E9)) -> 57 | D9: =IF(SF_Data!G9="","",SF_Data!G9) -> 2850
A10: =IF(SF_Data!B10="","",SF_Data!B10&" [SN:"&SF_Data!C10&"]") | B10: =IF(SF_Data!F10="","",TEXT(SF_Data!F10,"#,##0.00")&" "&IF(SF_Data!D10="Monthly", "Month",IF(SF_Data!D10="Cycles","Flight Cycle",IF(SF_Data!D10="Hours","Flight Hour",SF_Data!D10)))) | C10: =IF(SF_Data!E10="","",IF(SF_Data!E10=0,"N/A",SF_Data!E10)) | D10: =IF(SF_Data!G10="","",SF_Data!G10)
A11: =IF(SF_Data!B11="","",SF_Data!B11&" [SN:"&SF_Data!C11&"]") | B11: =IF(SF_Data!F11="","",TEXT(SF_Data!F11,"#,##0.00")&" "&IF(SF_Data!D11="Monthly", "Month",IF(SF_Data!D11="Cycles","Flight Cycle",IF(SF_Data!D11="Hours","Flight Hour",SF_Data!D11)))) | C11: =IF(SF_Data!E11="","",IF(SF_Data!E11=0,"N/A",SF_Data!E11)) | D11: =IF(SF_Data!G11="","",SF_Data!G11)
A12: =IF(SF_Data!B12="","",SF_Data!B12&" [SN:"&SF_Data!C12&"]") | B12: =IF(SF_Data!F12="","",TEXT(SF_Data!F12,"#,##0.00")&" "&IF(SF_Data!D12="Monthly", "Month",IF(SF_Data!D12="Cycles","Flight Cycle",IF(SF_Data!D12="Hours","Flight Hour",SF_Data!D12)))) | C12: =IF(SF_Data!E12="","",IF(SF_Data!E12=0,"N/A",SF_Data!E12)) | D12: =IF(SF_Data!G12="","",SF_Data!G12)
A13: =IF(SF_Data!B13="","",SF_Data!B13&" [SN:"&SF_Data!C13&"]") | B13: =IF(SF_Data!F13="","",TEXT(SF_Data!F13,"#,##0.00")&" "&IF(SF_Data!D13="Monthly", "Month",IF(SF_Data!D13="Cycles","Flight Cycle",IF(SF_Data!D13="Hours","Flight Hour",SF_Data!D13)))) | C13: =IF(SF_Data!E13="","",IF(SF_Data!E13=0,"N/A",SF_Data!E13)) | D13: =IF(SF_Data!G13="","",SF_Data!G13)
... A50: =IF(SF_Data!B50="","",SF_Data!B50&" [SN:"&SF_Data!C50&"]") | B50: =IF(SF_Data!F50="","",TEXT(SF_Data!F50,"#,##0.00")&" "&IF(SF_Data!D50="Monthly", "Month",IF(SF_Data!D50="Cycles","Flight Cycle",IF(SF_Data!D50="Hours","Flight Hour",SF_Data!D50)))) | C50: =IF(SF_Data!E50="","",IF(SF_Data!E50=0,"N/A",SF_Data!E50)) | D50: =IF(SF_Data!G50="","",SF_Data!G50)
