Workbook
Name LLP_Count: TransformData!$AO$3
Name TableRange: FinalData!$A$2:$U$60
Name Thrust_1: FinalData!$G$1
Name Thrust_2: FinalData!$J$1
Name Thrust_3: FinalData!$M$1
Name Thrust_4: FinalData!$P$1
Name Thrust_5: FinalData!$S$1
Name Total_No_Of_Thrust: TransformData!$AO$2

Sheet SFReportData

Sheet TransformData
A1: Unique Data | G1: Transpose Data Stage | J1: {=TRANSPOSE(D3:D7)} -> 0 | O1: {=TRANSPOSE(D3:D7)} -> 0 | T1: {=TRANSPOSE(D3:D7)} -> 0 | Y1: Final Formatted Data Stage | Z1: =J1 -> 0 | AC1: =K1 | AF1: =L1 | AI1: =M1 | AL1: =N1 | AO1: Total # Thrusts
A2: Component Description | B2: Part Number | C2: Serial Number | D2: Thrust Settings | E2: TSN | F2: CSN | H2: Module | I2: {=CELL("contents",A2)} -> Component Description | J2: Remaining Cycles | K2: Remaining Cycles | L2: Remaining Cycles | M2: Remaining Cycles | N2: Remaining Cycles | O2: Weighted Cycles Used | P2: Weighted Cycles Used | Q2: Weighted Cycles Used | R2: Weighted Cycles Used | S2: Weighted Cycles Used | T2: Cycles Limit | U2: Cycles Limit | V2: Cycles Limit | W2: Cycles Limit | X2: Cycles Limit | Z2: CSN | AA2: Total Life | AB2: Life Remaining | AC2: CSN | AD2: Total Life | AE2: Life Remaining | AF2: CSN | AG2: Total Life | AH2: Life Remaining | AI2: CSN | AJ2: Total Life | AK2: Life Remaining | AL2: CSN | AM2: Total Life | AN2: Life Remaining | AO2: =IF(OR((COUNTIF(D3:D20,">""")>5),(COUNTIF(D3:D20,">""")=0)), "LLP_Table",COUNTIF(D3:D20,">""")) -> LLP_Table
A3: {=IF(IFERROR(INDEX(SFReportData!$A$2:'SFReportData'!$A$500, MATCH(0, COUNTIF(TransformData!$A$2:'TransformData'!$A2, SFReportData!$A$2:'SFReportData'!$A$500), 0)),"") = 0,"", IFERROR(INDEX(SFReportData!$A$2:'SFReportData'!$A$500, MATCH(0, COUNTIF(TransformData!$A$2:'TransformData'!$A2, SFReportData!$A$2:'SFReportData'!$A$500), 0)),""))} | B3: =IFERROR(VLOOKUP(A3,SFReportData!$A$2:$B$500,2,0),"") | C3: =IFERROR(VLOOKUP(A3,SFReportData!$A$2:$C$500,3,0),"") | D3: {=IFERROR(INDEX(SFReportData!$D$2:'SFReportData'!$D$500, MATCH(0, COUNTIF(TransformData!$D$2:'TransformData'!$D2, SFReportData!$D$2:'SFReportData'!$D$500), 0)),"")} -> 0 | E3: =IFERROR(VLOOKUP(A3,SFReportData!$A$2:$J$500,10,0),"") | F3: =IFERROR(VLOOKUP(A3,SFReportData!$A$2:$K$500,11,0),"") | H3: =IFERROR(VLOOKUP(B3,SFReportData!B2:H500,7,0),"") | I3: {=CELL("contents",A3)} | J3: {=IFERROR(INDEX(SFReportData!$E$2:$E$500,MATCH(1,($I3=SFReportData!$A$2:$A$500)*(J$1=SFReportData!$D$2:'SFReportData'!$D$500),0)),"")} -> 0 | K3: {=IFERROR(INDEX(SFReportData!$E$2:$E$500,MATCH(1,($I3=SFReportData!$A$2:$A$500)*(K$1=SFReportData!$D$2:'SFReportData'!$D$500),0)),"")} -> 0 | L3: {=IFERROR(INDEX(SFReportData!$E$2:$E$500,MATCH(1,($I3=SFReportData!$A$2:$A$500)*(L$1=SFReportData!$D$2:'SFReportData'!$D$500),0)),"")} -> 0 | M3: {=IFERROR(INDEX(SFReportData!$E$2:$E$500,MATCH(1,($I3=SFReportData!$A$2:$A$500)*(M$1=SFReportData!$D$2:'SFReportData'!$D$500),0)),"")} -> 0 | N3: {=IFERROR(INDEX(SFReportData!$E$2:$E$500,MATCH(1,($I3=SFReportData!$A$2:$A$500)*(N$1=SFReportData!$D$2:'SFReportData'!$D$500),0)),"")} -> 0 | O3: {=IFERROR(INDEX(SFReportData!$F$2:$F$500,MATCH(1,($I3=SFReportData!$A$2:$A$500)*(O$1=SFReportData!$D$2:'SFReportData'!$D$500),0)),"")} -> 0 | P3: {=IFERROR(INDEX(SFReportData!$F$2:$F$500,MATCH(1,($I3=SFReportData!$A$2:$A$500)*(P$1=SFReportData!$D$2:'SFReportData'!$D$500),0)),"")} -> 0 | Q3: {=IFERROR(INDEX(SFReportData!$F$2:$F$500,MATCH(1,($I3=SFReportData!$A$2:$A$500)*(Q$1=SFReportData!$D$2:'SFReportData'!$D$500),0)),"")} -> 0 | R3: {=IFERROR(INDEX(SFReportData!$F$2:$F$500,MATCH(1,($I3=SFReportData!$A$2:$A$500)*(R$1=SFReportData!$D$2:'SFReportData'!$D$500),0)),"")} -> 0 | S3: {=IFERROR(INDEX(SFReportData!$F$2:$F$500,MATCH(1,($I3=SFReportData!$A$2:$A$500)*(S$1=SFReportData!$D$2:'SFReportData'!$D$500),0)),"")} -> 0 | T3: {=IFERROR(INDEX(SFReportData!$G$2:$G$500,MATCH(1,($I3=SFReportData!$A$2:$A$500)*(T$1=SFReportData!$D$2:'SFReportData'!$D$500),0)),"")} -> 0 | U3: {=IFERROR(INDEX(SFReportData!$G$2:$G$500,MATCH(1,($I3=SFReportData!$A$2:$A$500)*(U$1=SFReportData!$D$2:'SFReportData'!$D$500),0)),"")} -> 0 | V3: {=IFERROR(INDEX(SFReportData!$G$2:$G$500,MATCH(1,($I3=SFReportData!$A$2:$A$500)*(V$1=SFReportData!$D$2:'SFReportData'!$D$500),0)),"")} -> 0 | W3: {=IFERROR(INDEX(SFReportData!$G$2:$G$500,MATCH(1,($I3=SFReportData!$A$2:$A$500)*(W$1=SFReportData!$D$2:'SFReportData'!$D$500),0)),"")} -> 0 | X3: {=IFERROR(INDEX(SFReportData!$G$2:$G$500,MATCH(1,($I3=SFReportData!$A$2:$A$500)*(X$1=SFReportData!$D$2:'SFReportData'!$D$500),0)),"")} -> 0 | Z3: =O3 -> 0 | AA3: =T3 -> 0 | AB3: =J3 -> 0 | AC3: =P3 -> 0 | AD3: =U3 -> 0 | AE3: =K3 -> 0 | AF3: =Q3 -> 0 | AG3: =V3 -> 0 | AH3: =L3 -> 0 | AI3: =R3 -> 0 | AJ3: =W3 -> 0 | AK3: =M3 -> 0 | AL3: =S3 -> 0 | AM3: =X3 -> 0 | AN3: =N3 -> 0 | AO3: =IF(AND((COUNTIF(A3:A50,">""")=0),(COUNTIF(D3:D20,">""")=0)),"No_LLP","") -> No_LLP
A4: {=IF(IFERROR(INDEX(SFReportData!$A$2:'SFReportData'!$A$500, MATCH(0, COUNTIF(TransformData!$A$2:'TransformData'!$A3, SFReportData!$A$2:'SFReportData'!$A$500), 0)),"") = 0,"", IFERROR(INDEX(SFReportData!$A$2:'SFReportData'!$A$500, MATCH(0, COUNTIF(TransformData!$A$2:'TransformData'!$A3, SFReportData!$A$2:'SFReportData'!$A$500), 0)),""))} | B4: =IFERROR(VLOOKUP(A4,SFReportData!$A$2:$B$500,2,0),"") | C4: =IFERROR(VLOOKUP(A4,SFReportData!$A$2:$C$500,3,0),"") | D4: {=IFERROR(INDEX(SFReportData!$D$2:'SFReportData'!$D$500, MATCH(0, COUNTIF(TransformData!$D$2:'TransformData'!$D3, SFReportData!$D$2:'SFReportData'!$D$500), 0)),"")} | E4: =IFERROR(VLOOKUP(A4,SFReportData!$A$2:$J$500,10,0),"") | F4: =IFERROR(VLOOKUP(A4,SFReportData!$A$2:$K$500,11,0),"") | H4: =IFERROR(VLOOKUP(B4,SFReportData!B3:H501,7,0),"") | I4: {=CELL("contents",A4)} | J4: {=IFERROR(INDEX(SFReportData!$E$2:$E$500,MATCH(1,($I4=SFReportData!$A$2:$A$500)*(J$1=SFReportData!$D$2:'SFReportData'!$D$500),0)),"")} -> 0 | K4: {=IFERROR(INDEX(SFReportData!$E$2:$E$500,MATCH(1,($I4=SFReportData!$A$2:$A$500)*(K$1=SFReportData!$D$2:'SFReportData'!$D$500),0)),"")} -> 0 | L4: {=IFERROR(INDEX(SFReportData!$E$2:$E$500,MATCH(1,($I4=SFReportData!$A$2:$A$500)*(L$1=SFReportData!$D$2:'SFReportData'!$D$500),0)),"")} -> 0 | M4: {=IFERROR(INDEX(SFReportData!$E$2:$E$500,MATCH(1,($I4=SFReportData!$A$2:$A$500)*(M$1=SFReportData!$D$2:'SFReportData'!$D$500),0)),"")} -> 0 | N4: {=IFERROR(INDEX(SFReportData!$E$2:$E$500,MATCH(1,($I4=SFReportData!$A$2:$A$500)*(N$1=SFReportData!$D$2:'SFReportData'!$D$500),0)),"")} -> 0 | O4: {=IFERROR(INDEX(SFReportData!$F$2:$F$500,MATCH(1,($I4=SFReportData!$A$2:$A$500)*(O$1=SFReportData!$D$2:'SFReportData'!$D$500),0)),"")} -> 0 | P4: {=IFERROR(INDEX(SFReportData!$F$2:$F$500,MATCH(1,($I4=SFReportData!$A$2:$A$500)*(P$1=SFReportData!$D$2:'SFReportData'!$D$500),0)),"")} -> 0 | Q4: {=IFERROR(INDEX(SFReportData!$F$2:$F$500,MATCH(1,($I4=SFReportData!$A$2:$A$500)*(Q$1=SFReportData!$D$2:'SFReportData'!$D$500),0)),"")} -> 0 | R4: {=IFERROR(INDEX(SFReportData!$F$2:$F$500,MATCH(1,($I4=SFReportData!$A$2:$A$500)*(R$1=SFReportData!$D$2:'SFReportData'!$D$500),0)),"")} -> 0 | S4: {=IFERROR(INDEX(SFReportData!$F$2:$F$500,MATCH(1,($I4=SFReportData!$A$2:$A$500)*(S$1=SFReportData!$D$2:'SFReportData'!$D$500),0)),"")} -> 0 | T4: {=IFERROR(INDEX(SFReportData!$G$2:$G$500,MATCH(1,($I4=SFReportData!$A$2:$A$500)*(T$1=SFReportData!$D$2:'SFReportData'!$D$500),0)),"")} -> 0 | U4: {=IFERROR(INDEX(SFReportData!$G$2:$G$500,MATCH(1,($I4=SFReportData!$A$2:$A$500)*(U$1=SFReportData!$D$2:'SFReportData'!$D$500),0)),"")} -> 0 | V4: {=IFERROR(INDEX(SFReportData!$G$2:$G$500,MATCH(1,($I4=SFReportData!$A$2:$A$500)*(V$1=SFReportData!$D$2:'SFReportData'!$D$500),0)),"")} -> 0 | W4: {=IFERROR(INDEX(SFReportData!$G$2:$G$500,MATCH(1,($I4=SFReportData!$A$2:$A$500)*(W$1=SFReportData!$D$2:'SFReportData'!$D$500),0)),"")} -> 0 | X4: {=IFERROR(INDEX(SFReportData!$G$2:$G$500,MATCH(1,($I4=SFReportData!$A$2:$A$500)*(X$1=SFReportData!$D$2:'SFReportData'!$D$500),0)),"")} -> 0 | Z4: =O4 -> 0 | AA4: =T4 -> 0 | AB4: =J4 -> 0 | AC4: =P4 -> 0 | AD4: =U4 -> 0 | AE4: =K4 -> 0 | AF4: =Q4 -> 0 | AG4: =V4 -> 0 | AH4: =L4 -> 0 | AI4: =R4 -> 0 | AJ4: =W4 -> 0 | AK4: =M4 -> 0 | AL4: =S4 -> 0 | AM4: =X4 -> 0 | AN4: =N4 -> 0
A5: {=IF(IFERROR(INDEX(SFReportData!$A$2:'SFReportData'!$A$500, MATCH(0, COUNTIF(TransformData!$A$2:'TransformData'!$A4, SFReportData!$A$2:'SFReportData'!$A$500), 0)),"") = 0,"", IFERROR(INDEX(SFReportData!$A$2:'SFReportData'!$A$500, MATCH(0, COUNTIF(TransformData!$A$2:'TransformData'!$A4, SFReportData!$A$2:'SFReportData'!$A$500), 0)),""))} | B5: =IFERROR(VLOOKUP(A5,SFReportData!$A$2:$B$500,2,0),"") | C5: =IFERROR(VLOOKUP(A5,SFReportData!$A$2:$C$500,3,0),"") | D5: {=IFERROR(INDEX(SFReportData!$D$2:'SFReportData'!$D$500, MATCH(0, COUNTIF(TransformData!$D$2:'TransformData'!$D4, SFReportData!$D$2:'SFReportData'!$D$500), 0)),"")} | E5: =IFERROR(VLOOKUP(A5,SFReportData!$A$2:$J$500,10,0),"") | F5: =IFERROR(VLOOKUP(A5,SFReportData!$A$2:$K$500,11,0),"") | H5: =IFERROR(VLOOKUP(B5,SFReportData!B4:H502,7,0),"") | I5: {=CELL("contents",A5)} | J5: {=IFERROR(INDEX(SFReportData!$E$2:$E$500,MATCH(1,($I5=SFReportData!$A$2:$A$500)*(J$1=SFReportData!$D$2:'SFReportData'!$D$500),0)),"")} -> 0 | K5: {=IFERROR(INDEX(SFReportData!$E$2:$E$500,MATCH(1,($I5=SFReportData!$A$2:$A$500)*(K$1=SFReportData!$D$2:'SFReportData'!$D$500),0)),"")} -> 0 | L5: {=IFERROR(INDEX(SFReportData!$E$2:$E$500,MATCH(1,($I5=SFReportData!$A$2:$A$500)*(L$1=SFReportData!$D$2:'SFReportData'!$D$500),0)),"")} -> 0 | M5: {=IFERROR(INDEX(SFReportData!$E$2:$E$500,MATCH(1,($I5=SFReportData!$A$2:$A$500)*(M$1=SFReportData!$D$2:'SFReportData'!$D$500),0)),"")} -> 0 | N5: {=IFERROR(INDEX(SFReportData!$E$2:$E$500,MATCH(1,($I5=SFReportData!$A$2:$A$500)*(N$1=SFReportData!$D$2:'SFReportData'!$D$500),0)),"")} -> 0 | O5: {=IFERROR(INDEX(SFReportData!$F$2:$F$500,MATCH(1,($I5=SFReportData!$A$2:$A$500)*(O$1=SFReportData!$D$2:'SFReportData'!$D$500),0)),"")} -> 0 | P5: {=IFERROR(INDEX(SFReportData!$F$2:$F$500,MATCH(1,($I5=SFReportData!$A$2:$A$500)*(P$1=SFReportData!$D$2:'SFReportData'!$D$500),0)),"")} -> 0 | Q5: {=IFERROR(INDEX(SFReportData!$F$2:$F$500,MATCH(1,($I5=SFReportData!$A$2:$A$500)*(Q$1=SFReportData!$D$2:'SFReportData'!$D$500),0)),"")} -> 0 | R5: {=IFERROR(INDEX(SFReportData!$F$2:$F$500,MATCH(1,($I5=SFReportData!$A$2:$A$500)*(R$1=SFReportData!$D$2:'SFReportData'!$D$500),0)),"")} -> 0 | S5: {=IFERROR(INDEX(SFReportData!$F$2:$F$500,MATCH(1,($I5=SFReportData!$A$2:$A$500)*(S$1=SFReportData!$D$2:'SFReportData'!$D$500),0)),"")} -> 0 | T5: {=IFERROR(INDEX(SFReportData!$G$2:$G$500,MATCH(1,($I5=SFReportData!$A$2:$A$500)*(T$1=SFReportData!$D$2:'SFReportData'!$D$500),0)),"")} -> 0 | U5: {=IFERROR(INDEX(SFReportData!$G$2:$G$500,MATCH(1,($I5=SFReportData!$A$2:$A$500)*(U$1=SFReportData!$D$2:'SFReportData'!$D$500),0)),"")} -> 0 | V5: {=IFERROR(INDEX(SFReportData!$G$2:$G$500,MATCH(1,($I5=SFReportData!$A$2:$A$500)*(V$1=SFReportData!$D$2:'SFReportData'!$D$500),0)),"")} -> 0 | W5: {=IFERROR(INDEX(SFReportData!$G$2:$G$500,MATCH(1,($I5=SFReportData!$A$2:$A$500)*(W$1=SFReportData!$D$2:'SFReportData'!$D$500),0)),"")} -> 0 | X5: {=IFERROR(INDEX(SFReportData!$G$2:$G$500,MATCH(1,($I5=SFReportData!$A$2:$A$500)*(X$1=SFReportData!$D$2:'SFReportData'!$D$500),0)),"")} -> 0 | Z5: =O5 -> 0 | AA5: =T5 -> 0 | AB5: =J5 -> 0 | AC5: =P5 -> 0 | AD5: =U5 -> 0 | AE5: =K5 -> 0 | AF5: =Q5 -> 0 | AG5: =V5 -> 0 | AH5: =L5 -> 0 | AI5: =R5 -> 0 | AJ5: =W5 -> 0 | AK5: =M5 -> 0 | AL5: =S5 -> 0 | AM5: =X5 -> 0 | AN5: =N5 -> 0
A6: {=IF(IFERROR(INDEX(SFReportData!$A$2:'SFReportData'!$A$500, MATCH(0, COUNTIF(TransformData!$A$2:'TransformData'!$A5, SFReportData!$A$2:'SFReportData'!$A$500), 0)),"") = 0,"", IFERROR(INDEX(SFReportData!$A$2:'SFReportData'!$A$500, MATCH(0, COUNTIF(TransformData!$A$2:'TransformData'!$A5, SFReportData!$A$2:'SFReportData'!$A$500), 0)),""))} | B6: =IFERROR(VLOOKUP(A6,SFReportData!$A$2:$B$500,2,0),"") | C6: =IFERROR(VLOOKUP(A6,SFReportData!$A$2:$C$500,3,0),"") | D6: {=IFERROR(INDEX(SFReportData!$D$2:'SFReportData'!$D$500, MATCH(0, COUNTIF(TransformData!$D$2:'TransformData'!$D5, SFReportData!$D$2:'SFReportData'!$D$500), 0)),"")} | E6: =IFERROR(VLOOKUP(A6,SFReportData!$A$2:$J$500,10,0),"") | F6: =IFERROR(VLOOKUP(A6,SFReportData!$A$2:$K$500,11,0),"") | H6: =IFERROR(VLOOKUP(B6,SFReportData!B5:H503,7,0),"") | I6: {=CELL("contents",A6)} | J6: {=IFERROR(INDEX(SFReportData!$E$2:$E$500,MATCH(1,($I6=SFReportData!$A$2:$A$500)*(J$1=SFReportData!$D$2:'SFReportData'!$D$500),0)),"")} -> 0 | K6: {=IFERROR(INDEX(SFReportData!$E$2:$E$500,MATCH(1,($I6=SFReportData!$A$2:$A$500)*(K$1=SFReportData!$D$2:'SFReportData'!$D$500),0)),"")} -> 0 | L6: {=IFERROR(INDEX(SFReportData!$E$2:$E$500,MATCH(1,($I6=SFReportData!$A$2:$A$500)*(L$1=SFReportData!$D$2:'SFReportData'!$D$500),0)),"")} -> 0 | M6: {=IFERROR(INDEX(SFReportData!$E$2:$E$500,MATCH(1,($I6=SFReportData!$A$2:$A$500)*(M$1=SFReportData!$D$2:'SFReportData'!$D$500),0)),"")} -> 0 | N6: {=IFERROR(INDEX(SFReportData!$E$2:$E$500,MATCH(1,($I6=SFReportData!$A$2:$A$500)*(N$1=SFReportData!$D$2:'SFReportData'!$D$500),0)),"")} -> 0 | O6: {=IFERROR(INDEX(SFReportData!$F$2:$F$500,MATCH(1,($I6=SFReportData!$A$2:$A$500)*(O$1=SFReportData!$D$2:'SFReportData'!$D$500),0)),"")} -> 0 | P6: {=IFERROR(INDEX(SFReportData!$F$2:$F$500,MATCH(1,($I6=SFReportData!$A$2:$A$500)*(P$1=SFReportData!$D$2:'SFReportData'!$D$500),0)),"")} -> 0 | Q6: {=IFERROR(INDEX(SFReportData!$F$2:$F$500,MATCH(1,($I6=SFReportData!$A$2:$A$500)*(Q$1=SFReportData!$D$2:'SFReportData'!$D$500),0)),"")} -> 0 | R6: {=IFERROR(INDEX(SFReportData!$F$2:$F$500,MATCH(1,($I6=SFReportData!$A$2:$A$500)*(R$1=SFReportData!$D$2:'SFReportData'!$D$500),0)),"")} -> 0 | S6: {=IFERROR(INDEX(SFReportData!$F$2:$F$500,MATCH(1,($I6=SFReportData!$A$2:$A$500)*(S$1=SFReportData!$D$2:'SFReportData'!$D$500),0)),"")} -> 0 | T6: {=IFERROR(INDEX(SFReportData!$G$2:$G$500,MATCH(1,($I6=SFReportData!$A$2:$A$500)*(T$1=SFReportData!$D$2:'SFReportData'!$D$500),0)),"")} -> 0 | U6: {=IFERROR(INDEX(SFReportData!$G$2:$G$500,MATCH(1,($I6=SFReportData!$A$2:$A$500)*(U$1=SFReportData!$D$2:'SFReportData'!$D$500),0)),"")} -> 0 | V6: {=IFERROR(INDEX(SFReportData!$G$2:$G$500,MATCH(1,($I6=SFReportData!$A$2:$A$500)*(V$1=SFReportData!$D$2:'SFReportData'!$D$500),0)),"")} -> 0 | W6: {=IFERROR(INDEX(SFReportData!$G$2:$G$500,MATCH(1,($I6=SFReportData!$A$2:$A$500)*(W$1=SFReportData!$D$2:'SFReportData'!$D$500),0)),"")} -> 0 | X6: {=IFERROR(INDEX(SFReportData!$G$2:$G$500,MATCH(1,($I6=SFReportData!$A$2:$A$500)*(X$1=SFReportData!$D$2:'SFReportData'!$D$500),0)),"")} -> 0 | Z6: =O6 -> 0 | AA6: =T6 -> 0 | AB6: =J6 -> 0 | AC6: =P6 -> 0 | AD6: =U6 -> 0 | AE6: =K6 -> 0 | AF6: =Q6 -> 0 | AG6: =V6 -> 0 | AH6: =L6 -> 0 | AI6: =R6 -> 0 | AJ6: =W6 -> 0 | AK6: =M6 -> 0 | AL6: =S6 -> 0 | AM6: =X6 -> 0 | AN6: =N6 -> 0
A7: {=IF(IFERROR(INDEX(SFReportData!$A$2:'SFReportData'!$A$500, MATCH(0, COUNTIF(TransformData!$A$2:'TransformData'!$A6, SFReportData!$A$2:'SFReportData'!$A$500), 0)),"") = 0,"", IFERROR(INDEX(SFReportData!$A$2:'SFReportData'!$A$500, MATCH(0, COUNTIF(TransformData!$A$2:'TransformData'!$A6, SFReportData!$A$2:'SFReportData'!$A$500), 0)),""))} | B7: =IFERROR(VLOOKUP(A7,SFReportData!$A$2:$B$500,2,0),"") | C7: =IFERROR(VLOOKUP(A7,SFReportData!$A$2:$C$500,3,0),"") | D7: {=IFERROR(INDEX(SFReportData!$D$2:'SFReportData'!$D$500, MATCH(0, COUNTIF(TransformData!$D$2:'TransformData'!$D6, SFReportData!$D$2:'SFReportData'!$D$500), 0)),"")} | E7: =IFERROR(VLOOKUP(A7,SFReportData!$A$2:$J$500,10,0),"") | F7: =IFERROR(VLOOKUP(A7,SFReportData!$A$2:$K$500,11,0),"") | H7: =IFERROR(VLOOKUP(B7,SFReportData!B6:H504,7,0),"") | I7: {=CELL("contents",A7)} | J7: {=IFERROR(INDEX(SFReportData!$E$2:$E$500,MATCH(1,($I7=SFReportData!$A$2:$A$500)*(J$1=SFReportData!$D$2:'SFReportData'!$D$500),0)),"")} -> 0 | K7: {=IFERROR(INDEX(SFReportData!$E$2:$E$500,MATCH(1,($I7=SFReportData!$A$2:$A$500)*(K$1=SFReportData!$D$2:'SFReportData'!$D$500),0)),"")} -> 0 | L7: {=IFERROR(INDEX(SFReportData!$E$2:$E$500,MATCH(1,($I7=SFReportData!$A$2:$A$500)*(L$1=SFReportData!$D$2:'SFReportData'!$D$500),0)),"")} -> 0 | M7: {=IFERROR(INDEX(SFReportData!$E$2:$E$500,MATCH(1,($I7=SFReportData!$A$2:$A$500)*(M$1=SFReportData!$D$2:'SFReportData'!$D$500),0)),"")} -> 0 | N7: {=IFERROR(INDEX(SFReportData!$E$2:$E$500,MATCH(1,($I7=SFReportData!$A$2:$A$500)*(N$1=SFReportData!$D$2:'SFReportData'!$D$500),0)),"")} -> 0 | O7: {=IFERROR(INDEX(SFReportData!$F$2:$F$500,MATCH(1,($I7=SFReportData!$A$2:$A$500)*(O$1=SFReportData!$D$2:'SFReportData'!$D$500),0)),"")} -> 0 | P7: {=IFERROR(INDEX(SFReportData!$F$2:$F$500,MATCH(1,($I7=SFReportData!$A$2:$A$500)*(P$1=SFReportData!$D$2:'SFReportData'!$D$500),0)),"")} -> 0 | Q7: {=IFERROR(INDEX(SFReportData!$F$2:$F$500,MATCH(1,($I7=SFReportData!$A$2:$A$500)*(Q$1=SFReportData!$D$2:'SFReportData'!$D$500),0)),"")} -> 0 | R7: {=IFERROR(INDEX(SFReportData!$F$2:$F$500,MATCH(1,($I7=SFReportData!$A$2:$A$500)*(R$1=SFReportData!$D$2:'SFReportData'!$D$500),0)),"")} -> 0 | S7: {=IFERROR(INDEX(SFReportData!$F$2:$F$500,MATCH(1,($I7=SFReportData!$A$2:$A$500)*(S$1=SFReportData!$D$2:'SFReportData'!$D$500),0)),"")} -> 0 | T7: {=IFERROR(INDEX(SFReportData!$G$2:$G$500,MATCH(1,($I7=SFReportData!$A$2:$A$500)*(T$1=SFReportData!$D$2:'SFReportData'!$D$500),0)),"")} -> 0 | U7: {=IFERROR(INDEX(SFReportData!$G$2:$G$500,MATCH(1,($I7=SFReportData!$A$2:$A$500)*(U$1=SFReportData!$D$2:'SFReportData'!$D$500),0)),"")} -> 0 | V7: {=IFERROR(INDEX(SFReportData!$G$2:$G$500,MATCH(1,($I7=SFReportData!$A$2:$A$500)*(V$1=SFReportData!$D$2:'SFReportData'!$D$500),0)),"")} -> 0 | W7: {=IFERROR(INDEX(SFReportData!$G$2:$G$500,MATCH(1,($I7=SFReportData!$A$2:$A$500)*(W$1=SFReportData!$D$2:'SFReportData'!$D$500),0)),"")} -> 0 | X7: {=IFERROR(INDEX(SFReportData!$G$2:$G$500,MATCH(1,($I7=SFReportData!$A$2:$A$500)*(X$1=SFReportData!$D$2:'SFReportData'!$D$500),0)),"")} -> 0 | Z7: =O7 -> 0 | AA7: =T7 -> 0 | AB7: =J7 -> 0 | AC7: =P7 -> 0 | AD7: =U7 -> 0 | AE7: =K7 -> 0 | AF7: =Q7 -> 0 | AG7: =V7 -> 0 | AH7: =L7 -> 0 | AI7: =R7 -> 0 | AJ7: =W7 -> 0 | AK7: =M7 -> 0 | AL7: =S7 -> 0 | AM7: =X7 -> 0 | AN7: =N7 -> 0
A8: {=IF(IFERROR(INDEX(SFReportData!$A$2:'SFReportData'!$A$500, MATCH(0, COUNTIF(TransformData!$A$2:'TransformData'!$A7, SFReportData!$A$2:'SFReportData'!$A$500), 0)),"") = 0,"", IFERROR(INDEX(SFReportData!$A$2:'SFReportData'!$A$500, MATCH(0, COUNTIF(TransformData!$A$2:'TransformData'!$A7, SFReportData!$A$2:'SFReportData'!$A$500), 0)),""))} | B8: =IFERROR(VLOOKUP(A8,SFReportData!$A$2:$B$500,2,0),"") | C8: =IFERROR(VLOOKUP(A8,SFReportData!$A$2:$C$500,3,0),"") | D8: {=IFERROR(INDEX(SFReportData!$D$2:'SFReportData'!$D$500, MATCH(0, COUNTIF(TransformData!$D$2:'TransformData'!$D7, SFReportData!$D$2:'SFReportData'!$D$500), 0)),"")} | E8: =IFERROR(VLOOKUP(A8,SFReportData!$A$2:$J$500,10,0),"") | F8: =IFERROR(VLOOKUP(A8,SFReportData!$A$2:$K$500,11,0),"") | H8: =IFERROR(VLOOKUP(B8,SFReportData!B7:H505,7,0),"") | I8: {=CELL("contents",A8)} | J8: {=IFERROR(INDEX(SFReportData!$E$2:$E$500,MATCH(1,($I8=SFReportData!$A$2:$A$500)*(J$1=SFReportData!$D$2:'SFReportData'!$D$500),0)),"")} -> 0 | K8: {=IFERROR(INDEX(SFReportData!$E$2:$E$500,MATCH(1,($I8=SFReportData!$A$2:$A$500)*(K$1=SFReportData!$D$2:'SFReportData'!$D$500),0)),"")} -> 0 | L8: {=IFERROR(INDEX(SFReportData!$E$2:$E$500,MATCH(1,($I8=SFReportData!$A$2:$A$500)*(L$1=SFReportData!$D$2:'SFReportData'!$D$500),0)),"")} -> 0 | M8: {=IFERROR(INDEX(SFReportData!$E$2:$E$500,MATCH(1,($I8=SFReportData!$A$2:$A$500)*(M$1=SFReportData!$D$2:'SFReportData'!$D$500),0)),"")} -> 0 | N8: {=IFERROR(INDEX(SFReportData!$E$2:$E$500,MATCH(1,($I8=SFReportData!$A$2:$A$500)*(N$1=SFReportData!$D$2:'SFReportData'!$D$500),0)),"")} -> 0 | O8: {=IFERROR(INDEX(SFReportData!$F$2:$F$500,MATCH(1,($I8=SFReportData!$A$2:$A$500)*(O$1=SFReportData!$D$2:'SFReportData'!$D$500),0)),"")} -> 0 | P8: {=IFERROR(INDEX(SFReportData!$F$2:$F$500,MATCH(1,($I8=SFReportData!$A$2:$A$500)*(P$1=SFReportData!$D$2:'SFReportData'!$D$500),0)),"")} -> 0 | Q8: {=IFERROR(INDEX(SFReportData!$F$2:$F$500,MATCH(1,($I8=SFReportData!$A$2:$A$500)*(Q$1=SFReportData!$D$2:'SFReportData'!$D$500),0)),"")} -> 0 | R8: {=IFERROR(INDEX(SFReportData!$F$2:$F$500,MATCH(1,($I8=SFReportData!$A$2:$A$500)*(R$1=SFReportData!$D$2:'SFReportData'!$D$500),0)),"")} -> 0 | S8: {=IFERROR(INDEX(SFReportData!$F$2:$F$500,MATCH(1,($I8=SFReportData!$A$2:$A$500)*(S$1=SFReportData!$D$2:'SFReportData'!$D$500),0)),"")} -> 0 | T8: {=IFERROR(INDEX(SFReportData!$G$2:$G$500,MATCH(1,($I8=SFReportData!$A$2:$A$500)*(T$1=SFReportData!$D$2:'SFReportData'!$D$500),0)),"")} -> 0 | U8: {=IFERROR(INDEX(SFReportData!$G$2:$G$500,MATCH(1,($I8=SFReportData!$A$2:$A$500)*(U$1=SFReportData!$D$2:'SFReportData'!$D$500),0)),"")} -> 0 | V8: {=IFERROR(INDEX(SFReportData!$G$2:$G$500,MATCH(1,($I8=SFReportData!$A$2:$A$500)*(V$1=SFReportData!$D$2:'SFReportData'!$D$500),0)),"")} -> 0 | W8: {=IFERROR(INDEX(SFReportData!$G$2:$G$500,MATCH(1,($I8=SFReportData!$A$2:$A$500)*(W$1=SFReportData!$D$2:'SFReportData'!$D$500),0)),"")} -> 0 | X8: {=IFERROR(INDEX(SFReportData!$G$2:$G$500,MATCH(1,($I8=SFReportData!$A$2:$A$500)*(X$1=SFReportData!$D$2:'SFReportData'!$D$500),0)),"")} -> 0 | Z8: =O8 -> 0 | AA8: =T8 -> 0 | AB8: =J8 -> 0 | AC8: =P8 -> 0 | AD8: =U8 -> 0 | AE8: =K8 -> 0 | AF8: =Q8 -> 0 | AG8: =V8 -> 0 | AH8: =L8 -> 0 | AI8: =R8 -> 0 | AJ8: =W8 -> 0 | AK8: =M8 -> 0 | AL8: =S8 -> 0 | AM8: =X8 -> 0 | AN8: =N8 -> 0
A9: {=IF(IFERROR(INDEX(SFReportData!$A$2:'SFReportData'!$A$500, MATCH(0, COUNTIF(TransformData!$A$2:'TransformData'!$A8, SFReportData!$A$2:'SFReportData'!$A$500), 0)),"") = 0,"", IFERROR(INDEX(SFReportData!$A$2:'SFReportData'!$A$500, MATCH(0, COUNTIF(TransformData!$A$2:'TransformData'!$A8, SFReportData!$A$2:'SFReportData'!$A$500), 0)),""))} | B9: =IFERROR(VLOOKUP(A9,SFReportData!$A$2:$B$500,2,0),"") | C9: =IFERROR(VLOOKUP(A9,SFReportData!$A$2:$C$500,3,0),"") | D9: {=IFERROR(INDEX(SFReportData!$D$2:'SFReportData'!$D$500, MATCH(0, COUNTIF(TransformData!$D$2:'TransformData'!$D8, SFReportData!$D$2:'SFReportData'!$D$500), 0)),"")} | E9: =IFERROR(VLOOKUP(A9,SFReportData!$A$2:$J$500,10,0),"") | F9: =IFERROR(VLOOKUP(A9,SFReportData!$A$2:$K$500,11,0),"") | H9: =IFERROR(VLOOKUP(B9,SFReportData!B8:H506,7,0),"") | I9: {=CELL("contents",A9)} | J9: {=IFERROR(INDEX(SFReportData!$E$2:$E$500,MATCH(1,($I9=SFReportData!$A$2:$A$500)*(J$1=SFReportData!$D$2:'SFReportData'!$D$500),0)),"")} -> 0 | K9: {=IFERROR(INDEX(SFReportData!$E$2:$E$500,MATCH(1,($I9=SFReportData!$A$2:$A$500)*(K$1=SFReportData!$D$2:'SFReportData'!$D$500),0)),"")} -> 0 | L9: {=IFERROR(INDEX(SFReportData!$E$2:$E$500,MATCH(1,($I9=SFReportData!$A$2:$A$500)*(L$1=SFReportData!$D$2:'SFReportData'!$D$500),0)),"")} -> 0 | M9: {=IFERROR(INDEX(SFReportData!$E$2:$E$500,MATCH(1,($I9=SFReportData!$A$2:$A$500)*(M$1=SFReportData!$D$2:'SFReportData'!$D$500),0)),"")} -> 0 | N9: {=IFERROR(INDEX(SFReportData!$E$2:$E$500,MATCH(1,($I9=SFReportData!$A$2:$A$500)*(N$1=SFReportData!$D$2:'SFReportData'!$D$500),0)),"")} -> 0 | O9: {=IFERROR(INDEX(SFReportData!$F$2:$F$500,MATCH(1,($I9=SFReportData!$A$2:$A$500)*(O$1=SFReportData!$D$2:'SFReportData'!$D$500),0)),"")} -> 0 | P9: {=IFERROR(INDEX(SFReportData!$F$2:$F$500,MATCH(1,($I9=SFReportData!$A$2:$A$500)*(P$1=SFReportData!$D$2:'SFReportData'!$D$500),0)),"")} -> 0 | Q9: {=IFERROR(INDEX(SFReportData!$F$2:$F$500,MATCH(1,($I9=SFReportData!$A$2:$A$500)*(Q$1=SFReportData!$D$2:'SFReportData'!$D$500),0)),"")} -> 0 | R9: {=IFERROR(INDEX(SFReportData!$F$2:$F$500,MATCH(1,($I9=SFReportData!$A$2:$A$500)*(R$1=SFReportData!$D$2:'SFReportData'!$D$500),0)),"")} -> 0 | S9: {=IFERROR(INDEX(SFReportData!$F$2:$F$500,MATCH(1,($I9=SFReportData!$A$2:$A$500)*(S$1=SFReportData!$D$2:'SFReportData'!$D$500),0)),"")} -> 0 | T9: {=IFERROR(INDEX(SFReportData!$G$2:$G$500,MATCH(1,($I9=SFReportData!$A$2:$A$500)*(T$1=SFReportData!$D$2:'SFReportData'!$D$500),0)),"")} -> 0 | U9: {=IFERROR(INDEX(SFReportData!$G$2:$G$500,MATCH(1,($I9=SFReportData!$A$2:$A$500)*(U$1=SFReportData!$D$2:'SFReportData'!$D$500),0)),"")} -> 0 | V9: {=IFERROR(INDEX(SFReportData!$G$2:$G$500,MATCH(1,($I9=SFReportData!$A$2:$A$500)*(V$1=SFReportData!$D$2:'SFReportData'!$D$500),0)),"")} -> 0 | W9: {=IFERROR(INDEX(SFReportData!$G$2:$G$500,MATCH(1,($I9=SFReportData!$A$2:$A$500)*(W$1=SFReportData!$D$2:'SFReportData'!$D$500),0)),"")} -> 0 | X9: {=IFERROR(INDEX(SFReportData!$G$2:$G$500,MATCH(1,($I9=SFReportData!$A$2:$A$500)*(X$1=SFReportData!$D$2:'SFReportData'!$D$500),0)),"")} -> 0 | Z9: =O9 -> 0 | AA9: =T9 -> 0 | AB9: =J9 -> 0 | AC9: =P9 -> 0 | AD9: =U9 -> 0 | AE9: =K9 -> 0 | AF9: =Q9 -> 0 | AG9: =V9 -> 0 | AH9: =L9 -> 0 | AI9: =R9 -> 0 | AJ9: =W9 -> 0 | AK9: =M9 -> 0 | AL9: =S9 -> 0 | AM9: =X9 -> 0 | AN9: =N9 -> 0
A10: {=IF(IFERROR(INDEX(SFReportData!$A$2:'SFReportData'!$A$500, MATCH(0, COUNTIF(TransformData!$A$2:'TransformData'!$A9, SFReportData!$A$2:'SFReportData'!$A$500), 0)),"") = 0,"", IFERROR(INDEX(SFReportData!$A$2:'SFReportData'!$A$500, MATCH(0, COUNTIF(TransformData!$A$2:'TransformData'!$A9, SFReportData!$A$2:'SFReportData'!$A$500), 0)),""))} | B10: =IFERROR(VLOOKUP(A10,SFReportData!$A$2:$B$500,2,0),"") | C10: =IFERROR(VLOOKUP(A10,SFReportData!$A$2:$C$500,3,0),"") | D10: {=IFERROR(INDEX(SFReportData!$D$2:'SFReportData'!$D$500, MATCH(0, COUNTIF(TransformData!$D$2:'TransformData'!$D9, SFReportData!$D$2:'SFReportData'!$D$500), 0)),"")} | E10: =IFERROR(VLOOKUP(A10,SFReportData!$A$2:$J$500,10,0),"") | F10: =IFERROR(VLOOKUP(A10,SFReportData!$A$2:$K$500,11,0),"") | H10: =IFERROR(VLOOKUP(B10,SFReportData!B9:H507,7,0),"") | I10: {=CELL("contents",A10)} | J10: {=IFERROR(INDEX(SFReportData!$E$2:$E$500,MATCH(1,($I10=SFReportData!$A$2:$A$500)*(J$1=SFReportData!$D$2:'SFReportData'!$D$500),0)),"")} -> 0 | K10: {=IFERROR(INDEX(SFReportData!$E$2:$E$500,MATCH(1,($I10=SFReportData!$A$2:$A$500)*(K$1=SFReportData!$D$2:'SFReportData'!$D$500),0)),"")} -> 0 | L10: {=IFERROR(INDEX(SFReportData!$E$2:$E$500,MATCH(1,($I10=SFReportData!$A$2:$A$500)*(L$1=SFReportData!$D$2:'SFReportData'!$D$500),0)),"")} -> 0 | M10: {=IFERROR(INDEX(SFReportData!$E$2:$E$500,MATCH(1,($I10=SFReportData!$A$2:$A$500)*(M$1=SFReportData!$D$2:'SFReportData'!$D$500),0)),"")} -> 0 | N10: {=IFERROR(INDEX(SFReportData!$E$2:$E$500,MATCH(1,($I10=SFReportData!$A$2:$A$500)*(N$1=SFReportData!$D$2:'SFReportData'!$D$500),0)),"")} -> 0 | O10: {=IFERROR(INDEX(SFReportData!$F$2:$F$500,MATCH(1,($I10=SFReportData!$A$2:$A$500)*(O$1=SFReportData!$D$2:'SFReportData'!$D$500),0)),"")} -> 0 | P10: {=IFERROR(INDEX(SFReportData!$F$2:$F$500,MATCH(1,($I10=SFReportData!$A$2:$A$500)*(P$1=SFReportData!$D$2:'SFReportData'!$D$500),0)),"")} -> 0 | Q10: {=IFERROR(INDEX(SFReportData!$F$2:$F$500,MATCH(1,($I10=SFReportData!$A$2:$A$500)*(Q$1=SFReportData!$D$2:'SFReportData'!$D$500),0)),"")} -> 0 | R10: {=IFERROR(INDEX(SFReportData!$F$2:$F$500,MATCH(1,($I10=SFReportData!$A$2:$A$500)*(R$1=SFReportData!$D$2:'SFReportData'!$D$500),0)),"")} -> 0 | S10: {=IFERROR(INDEX(SFReportData!$F$2:$F$500,MATCH(1,($I10=SFReportData!$A$2:$A$500)*(S$1=SFReportData!$D$2:'SFReportData'!$D$500),0)),"")} -> 0 | T10: {=IFERROR(INDEX(SFReportData!$G$2:$G$500,MATCH(1,($I10=SFReportData!$A$2:$A$500)*(T$1=SFReportData!$D$2:'SFReportData'!$D$500),0)),"")} -> 0 | U10: {=IFERROR(INDEX(SFReportData!$G$2:$G$500,MATCH(1,($I10=SFReportData!$A$2:$A$500)*(U$1=SFReportData!$D$2:'SFReportData'!$D$500),0)),"")} -> 0 | V10: {=IFERROR(INDEX(SFReportData!$G$2:$G$500,MATCH(1,($I10=SFReportData!$A$2:$A$500)*(V$1=SFReportData!$D$2:'SFReportData'!$D$500),0)),"")} -> 0 | W10: {=IFERROR(INDEX(SFReportData!$G$2:$G$500,MATCH(1,($I10=SFReportData!$A$2:$A$500)*(W$1=SFReportData!$D$2:'SFReportData'!$D$500),0)),"")} -> 0 | X10: {=IFERROR(INDEX(SFReportData!$G$2:$G$500,MATCH(1,($I10=SFReportData!$A$2:$A$500)*(X$1=SFReportData!$D$2:'SFReportData'!$D$500),0)),"")} -> 0 | Z10: =O10 -> 0 | AA10: =T10 -> 0 | AB10: =J10 -> 0 | AC10: =P10 -> 0 | AD10: =U10 -> 0 | AE10: =K10 -> 0 | AF10: =Q10 -> 0 | AG10: =V10 -> 0 | AH10: =L10 -> 0 | AI10: =R10 -> 0 | AJ10: =W10 -> 0 | AK10: =M10 -> 0 | AL10: =S10 -> 0 | AM10: =X10 -> 0 | AN10: =N10 -> 0
A11: {=IF(IFERROR(INDEX(SFReportData!$A$2:'SFReportData'!$A$500, MATCH(0, COUNTIF(TransformData!$A$2:'TransformData'!$A10, SFReportData!$A$2:'SFReportData'!$A$500), 0)),"") = 0,"", IFERROR(INDEX(SFReportData!$A$2:'SFReportData'!$A$500, MATCH(0, COUNTIF(TransformData!$A$2:'TransformData'!$A10, SFReportData!$A$2:'SFReportData'!$A$500), 0)),""))} | B11: =IFERROR(VLOOKUP(A11,SFReportData!$A$2:$B$500,2,0),"") | C11: =IFERROR(VLOOKUP(A11,SFReportData!$A$2:$C$500,3,0),"") | D11: {=IFERROR(INDEX(SFReportData!$D$2:'SFReportData'!$D$500, MATCH(0, COUNTIF(TransformData!$D$2:'TransformData'!$D10, SFReportData!$D$2:'SFReportData'!$D$500), 0)),"")} | E11: =IFERROR(VLOOKUP(A11,SFReportData!$A$2:$J$500,10,0),"") | F11: =IFERROR(VLOOKUP(A11,SFReportData!$A$2:$K$500,11,0),"") | H11: =IFERROR(VLOOKUP(B11,SFReportData!B10:H508,7,0),"") | I11: {=CELL("contents",A11)} | J11: {=IFERROR(INDEX(SFReportData!$E$2:$E$500,MATCH(1,($I11=SFReportData!$A$2:$A$500)*(J$1=SFReportData!$D$2:'SFReportData'!$D$500),0)),"")} -> 0 | K11: {=IFERROR(INDEX(SFReportData!$E$2:$E$500,MATCH(1,($I11=SFReportData!$A$2:$A$500)*(K$1=SFReportData!$D$2:'SFReportData'!$D$500),0)),"")} -> 0 | L11: {=IFERROR(INDEX(SFReportData!$E$2:$E$500,MATCH(1,($I11=SFReportData!$A$2:$A$500)*(L$1=SFReportData!$D$2:'SFReportData'!$D$500),0)),"")} -> 0 | M11: {=IFERROR(INDEX(SFReportData!$E$2:$E$500,MATCH(1,($I11=SFReportData!$A$2:$A$500)*(M$1=SFReportData!$D$2:'SFReportData'!$D$500),0)),"")} -> 0 | N11: {=IFERROR(INDEX(SFReportData!$E$2:$E$500,MATCH(1,($I11=SFReportData!$A$2:$A$500)*(N$1=SFReportData!$D$2:'SFReportData'!$D$500),0)),"")} -> 0 | O11: {=IFERROR(INDEX(SFReportData!$F$2:$F$500,MATCH(1,($I11=SFReportData!$A$2:$A$500)*(O$1=SFReportData!$D$2:'SFReportData'!$D$500),0)),"")} -> 0 | P11: {=IFERROR(INDEX(SFReportData!$F$2:$F$500,MATCH(1,($I11=SFReportData!$A$2:$A$500)*(P$1=SFReportData!$D$2:'SFReportData'!$D$500),0)),"")} -> 0 | Q11: {=IFERROR(INDEX(SFReportData!$F$2:$F$500,MATCH(1,($I11=SFReportData!$A$2:$A$500)*(Q$1=SFReportData!$D$2:'SFReportData'!$D$500),0)),"")} -> 0 | R11: {=IFERROR(INDEX(SFReportData!$F$2:$F$500,MATCH(1,($I11=SFReportData!$A$2:$A$500)*(R$1=SFReportData!$D$2:'SFReportData'!$D$500),0)),"")} -> 0 | S11: {=IFERROR(INDEX(SFReportData!$F$2:$F$500,MATCH(1,($I11=SFReportData!$A$2:$A$500)*(S$1=SFReportData!$D$2:'SFReportData'!$D$500),0)),"")} -> 0 | T11: {=IFERROR(INDEX(SFReportData!$G$2:$G$500,MATCH(1,($I11=SFReportData!$A$2:$A$500)*(T$1=SFReportData!$D$2:'SFReportData'!$D$500),0)),"")} -> 0 | U11: {=IFERROR(INDEX(SFReportData!$G$2:$G$500,MATCH(1,($I11=SFReportData!$A$2:$A$500)*(U$1=SFReportData!$D$2:'SFReportData'!$D$500),0)),"")} -> 0 | V11: {=IFERROR(INDEX(SFReportData!$G$2:$G$500,MATCH(1,($I11=SFReportData!$A$2:$A$500)*(V$1=SFReportData!$D$2:'SFReportData'!$D$500),0)),"")} -> 0 | W11: {=IFERROR(INDEX(SFReportData!$G$2:$G$500,MATCH(1,($I11=SFReportData!$A$2:$A$500)*(W$1=SFReportData!$D$2:'SFReportData'!$D$500),0)),"")} -> 0 | X11: {=IFERROR(INDEX(SFReportData!$G$2:$G$500,MATCH(1,($I11=SFReportData!$A$2:$A$500)*(X$1=SFReportData!$D$2:'SFReportData'!$D$500),0)),"")} -> 0 | Z11: =O11 -> 0 | AA11: =T11 -> 0 | AB11: =J11 -> 0 | AC11: =P11 -> 0 | AD11: =U11 -> 0 | AE11: =K11 -> 0 | AF11: =Q11 -> 0 | AG11: =V11 -> 0 | AH11: =L11 -> 0 | AI11: =R11 -> 0 | AJ11: =W11 -> 0 | AK11: =M11 -> 0 | AL11: =S11 -> 0 | AM11: =X11 -> 0 | AN11: =N11 -> 0
A12: {=IF(IFERROR(INDEX(SFReportData!$A$2:'SFReportData'!$A$500, MATCH(0, COUNTIF(TransformData!$A$2:'TransformData'!$A11, SFReportData!$A$2:'SFReportData'!$A$500), 0)),"") = 0,"", IFERROR(INDEX(SFReportData!$A$2:'SFReportData'!$A$500, MATCH(0, COUNTIF(TransformData!$A$2:'TransformData'!$A11, SFReportData!$A$2:'SFReportData'!$A$500), 0)),""))} | B12: =IFERROR(VLOOKUP(A12,SFReportData!$A$2:$B$500,2,0),"") | C12: =IFERROR(VLOOKUP(A12,SFReportData!$A$2:$C$500,3,0),"") | D12: {=IFERROR(INDEX(SFReportData!$D$2:'SFReportData'!$D$500, MATCH(0, COUNTIF(TransformData!$D$2:'TransformData'!$D11, SFReportData!$D$2:'SFReportData'!$D$500), 0)),"")} | E12: =IFERROR(VLOOKUP(A12,SFReportData!$A$2:$J$500,10,0),"") | F12: =IFERROR(VLOOKUP(A12,SFReportData!$A$2:$K$500,11,0),"") | H12: =IFERROR(VLOOKUP(B12,SFReportData!B11:H509,7,0),"") | I12: {=CELL("contents",A12)} | J12: {=IFERROR(INDEX(SFReportData!$E$2:$E$500,MATCH(1,($I12=SFReportData!$A$2:$A$500)*(J$1=SFReportData!$D$2:'SFReportData'!$D$500),0)),"")} -> 0 | K12: {=IFERROR(INDEX(SFReportData!$E$2:$E$500,MATCH(1,($I12=SFReportData!$A$2:$A$500)*(K$1=SFReportData!$D$2:'SFReportData'!$D$500),0)),"")} -> 0 | L12: {=IFERROR(INDEX(SFReportData!$E$2:$E$500,MATCH(1,($I12=SFReportData!$A$2:$A$500)*(L$1=SFReportData!$D$2:'SFReportData'!$D$500),0)),"")} -> 0 | M12: {=IFERROR(INDEX(SFReportData!$E$2:$E$500,MATCH(1,($I12=SFReportData!$A$2:$A$500)*(M$1=SFReportData!$D$2:'SFReportData'!$D$500),0)),"")} -> 0 | N12: {=IFERROR(INDEX(SFReportData!$E$2:$E$500,MATCH(1,($I12=SFReportData!$A$2:$A$500)*(N$1=SFReportData!$D$2:'SFReportData'!$D$500),0)),"")} -> 0 | O12: {=IFERROR(INDEX(SFReportData!$F$2:$F$500,MATCH(1,($I12=SFReportData!$A$2:$A$500)*(O$1=SFReportData!$D$2:'SFReportData'!$D$500),0)),"")} -> 0 | P12: {=IFERROR(INDEX(SFReportData!$F$2:$F$500,MATCH(1,($I12=SFReportData!$A$2:$A$500)*(P$1=SFReportData!$D$2:'SFReportData'!$D$500),0)),"")} -> 0 | Q12: {=IFERROR(INDEX(SFReportData!$F$2:$F$500,MATCH(1,($I12=SFReportData!$A$2:$A$500)*(Q$1=SFReportData!$D$2:'SFReportData'!$D$500),0)),"")} -> 0 | R12: {=IFERROR(INDEX(SFReportData!$F$2:$F$500,MATCH(1,($I12=SFReportData!$A$2:$A$500)*(R$1=SFReportData!$D$2:'SFReportData'!$D$500),0)),"")} -> 0 | S12: {=IFERROR(INDEX(SFReportData!$F$2:$F$500,MATCH(1,($I12=SFReportData!$A$2:$A$500)*(S$1=SFReportData!$D$2:'SFReportData'!$D$500),0)),"")} -> 0 | T12: {=IFERROR(INDEX(SFReportData!$G$2:$G$500,MATCH(1,($I12=SFReportData!$A$2:$A$500)*(T$1=SFReportData!$D$2:'SFReportData'!$D$500),0)),"")} -> 0 | U12: {=IFERROR(INDEX(SFReportData!$G$2:$G$500,MATCH(1,($I12=SFReportData!$A$2:$A$500)*(U$1=SFReportData!$D$2:'SFReportData'!$D$500),0)),"")} -> 0 | V12: {=IFERROR(INDEX(SFReportData!$G$2:$G$500,MATCH(1,($I12=SFReportData!$A$2:$A$500)*(V$1=SFReportData!$D$2:'SFReportData'!$D$500),0)),"")} -> 0 | W12: {=IFERROR(INDEX(SFReportData!$G$2:$G$500,MATCH(1,($I12=SFReportData!$A$2:$A$500)*(W$1=SFReportData!$D$2:'SFReportData'!$D$500),0)),"")} -> 0 | X12: {=IFERROR(INDEX(SFReportData!$G$2:$G$500,MATCH(1,($I12=SFReportData!$A$2:$A$500)*(X$1=SFReportData!$D$2:'SFReportData'!$D$500),0)),"")} -> 0 | Z12: =O12 -> 0 | AA12: =T12 -> 0 | AB12: =J12 -> 0 | AC12: =P12 -> 0 | AD12: =U12 -> 0 | AE12: =K12 -> 0 | AF12: =Q12 -> 0 | AG12: =V12 -> 0 | AH12: =L12 -> 0 | AI12: =R12 -> 0 | AJ12: =W12 -> 0 | AK12: =M12 -> 0 | AL12: =S12 -> 0 | AM12: =X12 -> 0 | AN12: =N12 -> 0
A13: {=IF(IFERROR(INDEX(SFReportData!$A$2:'SFReportData'!$A$500, MATCH(0, COUNTIF(TransformData!$A$2:'TransformData'!$A12, SFReportData!$A$2:'SFReportData'!$A$500), 0)),"") = 0,"", IFERROR(INDEX(SFReportData!$A$2:'SFReportData'!$A$500, MATCH(0, COUNTIF(TransformData!$A$2:'TransformData'!$A12, SFReportData!$A$2:'SFReportData'!$A$500), 0)),""))} | B13: =IFERROR(VLOOKUP(A13,SFReportData!$A$2:$B$500,2,0),"") | C13: =IFERROR(VLOOKUP(A13,SFReportData!$A$2:$C$500,3,0),"") | D13: {=IFERROR(INDEX(SFReportData!$D$2:'SFReportData'!$D$500, MATCH(0, COUNTIF(TransformData!$D$2:'TransformData'!$D12, SFReportData!$D$2:'SFReportData'!$D$500), 0)),"")} | E13: =IFERROR(VLOOKUP(A13,SFReportData!$A$2:$J$500,10,0),"") | F13: =IFERROR(VLOOKUP(A13,SFReportData!$A$2:$K$500,11,0),"") | H13: =IFERROR(VLOOKUP(B13,SFReportData!B12:H510,7,0),"") | I13: {=CELL("contents",A13)} | J13: {=IFERROR(INDEX(SFReportData!$E$2:$E$500,MATCH(1,($I13=SFReportData!$A$2:$A$500)*(J$1=SFReportData!$D$2:'SFReportData'!$D$500),0)),"")} -> 0 | K13: {=IFERROR(INDEX(SFReportData!$E$2:$E$500,MATCH(1,($I13=SFReportData!$A$2:$A$500)*(K$1=SFReportData!$D$2:'SFReportData'!$D$500),0)),"")} -> 0 | L13: {=IFERROR(INDEX(SFReportData!$E$2:$E$500,MATCH(1,($I13=SFReportData!$A$2:$A$500)*(L$1=SFReportData!$D$2:'SFReportData'!$D$500),0)),"")} -> 0 | M13: {=IFERROR(INDEX(SFReportData!$E$2:$E$500,MATCH(1,($I13=SFReportData!$A$2:$A$500)*(M$1=SFReportData!$D$2:'SFReportData'!$D$500),0)),"")} -> 0 | N13: {=IFERROR(INDEX(SFReportData!$E$2:$E$500,MATCH(1,($I13=SFReportData!$A$2:$A$500)*(N$1=SFReportData!$D$2:'SFReportData'!$D$500),0)),"")} -> 0 | O13: {=IFERROR(INDEX(SFReportData!$F$2:$F$500,MATCH(1,($I13=SFReportData!$A$2:$A$500)*(O$1=SFReportData!$D$2:'SFReportData'!$D$500),0)),"")} -> 0 | P13: {=IFERROR(INDEX(SFReportData!$F$2:$F$500,MATCH(1,($I13=SFReportData!$A$2:$A$500)*(P$1=SFReportData!$D$2:'SFReportData'!$D$500),0)),"")} -> 0 | Q13: {=IFERROR(INDEX(SFReportData!$F$2:$F$500,MATCH(1,($I13=SFReportData!$A$2:$A$500)*(Q$1=SFReportData!$D$2:'SFReportData'!$D$500),0)),"")} -> 0 | R13: {=IFERROR(INDEX(SFReportData!$F$2:$F$500,MATCH(1,($I13=SFReportData!$A$2:$A$500)*(R$1=SFReportData!$D$2:'SFReportData'!$D$500),0)),"")} -> 0 | S13: {=IFERROR(INDEX(SFReportData!$F$2:$F$500,MATCH(1,($I13=SFReportData!$A$2:$A$500)*(S$1=SFReportData!$D$2:'SFReportData'!$D$500),0)),"")} -> 0 | T13: {=IFERROR(INDEX(SFReportData!$G$2:$G$500,MATCH(1,($I13=SFReportData!$A$2:$A$500)*(T$1=SFReportData!$D$2:'SFReportData'!$D$500),0)),"")} -> 0 | U13: {=IFERROR(INDEX(SFReportData!$G$2:$G$500,MATCH(1,($I13=SFReportData!$A$2:$A$500)*(U$1=SFReportData!$D$2:'SFReportData'!$D$500),0)),"")} -> 0 | V13: {=IFERROR(INDEX(SFReportData!$G$2:$G$500,MATCH(1,($I13=SFReportData!$A$2:$A$500)*(V$1=SFReportData!$D$2:'SFReportData'!$D$500),0)),"")} -> 0 | W13: {=IFERROR(INDEX(SFReportData!$G$2:$G$500,MATCH(1,($I13=SFReportData!$A$2:$A$500)*(W$1=SFReportData!$D$2:'SFReportData'!$D$500),0)),"")} -> 0 | X13: {=IFERROR(INDEX(SFReportData!$G$2:$G$500,MATCH(1,($I13=SFReportData!$A$2:$A$500)*(X$1=SFReportData!$D$2:'SFReportData'!$D$500),0)),"")} -> 0 | Z13: =O13 -> 0 | AA13: =T13 -> 0 | AB13: =J13 -> 0 | AC13: =P13 -> 0 | AD13: =U13 -> 0 | AE13: =K13 -> 0 | AF13: =Q13 -> 0 | AG13: =V13 -> 0 | AH13: =L13 -> 0 | AI13: =R13 -> 0 | AJ13: =W13 -> 0 | AK13: =M13 -> 0 | AL13: =S13 -> 0 | AM13: =X13 -> 0 | AN13: =N13 -> 0
A14: {=IF(IFERROR(INDEX(SFReportData!$A$2:'SFReportData'!$A$500, MATCH(0, COUNTIF(TransformData!$A$2:'TransformData'!$A13, SFReportData!$A$2:'SFReportData'!$A$500), 0)),"") = 0,"", IFERROR(INDEX(SFReportData!$A$2:'SFReportData'!$A$500, MATCH(0, COUNTIF(TransformData!$A$2:'TransformData'!$A13, SFReportData!$A$2:'SFReportData'!$A$500), 0)),""))} | B14: =IFERROR(VLOOKUP(A14,SFReportData!$A$2:$B$500,2,0),"") | C14: =IFERROR(VLOOKUP(A14,SFReportData!$A$2:$C$500,3,0),"") | D14: {=IFERROR(INDEX(SFReportData!$D$2:'SFReportData'!$D$500, MATCH(0, COUNTIF(TransformData!$D$2:'TransformData'!$D13, SFReportData!$D$2:'SFReportData'!$D$500), 0)),"")} | E14: =IFERROR(VLOOKUP(A14,SFReportData!$A$2:$J$500,10,0),"") | F14: =IFERROR(VLOOKUP(A14,SFReportData!$A$2:$K$500,11,0),"") | H14: =IFERROR(VLOOKUP(B14,SFReportData!B13:H511,7,0),"") | I14: {=CELL("contents",A14)} | J14: {=IFERROR(INDEX(SFReportData!$E$2:$E$500,MATCH(1,($I14=SFReportData!$A$2:$A$500)*(J$1=SFReportData!$D$2:'SFReportData'!$D$500),0)),"")} -> 0 | K14: {=IFERROR(INDEX(SFReportData!$E$2:$E$500,MATCH(1,($I14=SFReportData!$A$2:$A$500)*(K$1=SFReportData!$D$2:'SFReportData'!$D$500),0)),"")} -> 0 | L14: {=IFERROR(INDEX(SFReportData!$E$2:$E$500,MATCH(1,($I14=SFReportData!$A$2:$A$500)*(L$1=SFReportData!$D$2:'SFReportData'!$D$500),0)),"")} -> 0 | M14: {=IFERROR(INDEX(SFReportData!$E$2:$E$500,MATCH(1,($I14=SFReportData!$A$2:$A$500)*(M$1=SFReportData!$D$2:'SFReportData'!$D$500),0)),"")} -> 0 | N14: {=IFERROR(INDEX(SFReportData!$E$2:$E$500,MATCH(1,($I14=SFReportData!$A$2:$A$500)*(N$1=SFReportData!$D$2:'SFReportData'!$D$500),0)),"")} -> 0 | O14: {=IFERROR(INDEX(SFReportData!$F$2:$F$500,MATCH(1,($I14=SFReportData!$A$2:$A$500)*(O$1=SFReportData!$D$2:'SFReportData'!$D$500),0)),"")} -> 0 | P14: {=IFERROR(INDEX(SFReportData!$F$2:$F$500,MATCH(1,($I14=SFReportData!$A$2:$A$500)*(P$1=SFReportData!$D$2:'SFReportData'!$D$500),0)),"")} -> 0 | Q14: {=IFERROR(INDEX(SFReportData!$F$2:$F$500,MATCH(1,($I14=SFReportData!$A$2:$A$500)*(Q$1=SFReportData!$D$2:'SFReportData'!$D$500),0)),"")} -> 0 | R14: {=IFERROR(INDEX(SFReportData!$F$2:$F$500,MATCH(1,($I14=SFReportData!$A$2:$A$500)*(R$1=SFReportData!$D$2:'SFReportData'!$D$500),0)),"")} -> 0 | S14: {=IFERROR(INDEX(SFReportData!$F$2:$F$500,MATCH(1,($I14=SFReportData!$A$2:$A$500)*(S$1=SFReportData!$D$2:'SFReportData'!$D$500),0)),"")} -> 0 | T14: {=IFERROR(INDEX(SFReportData!$G$2:$G$500,MATCH(1,($I14=SFReportData!$A$2:$A$500)*(T$1=SFReportData!$D$2:'SFReportData'!$D$500),0)),"")} -> 0 | U14: {=IFERROR(INDEX(SFReportData!$G$2:$G$500,MATCH(1,($I14=SFReportData!$A$2:$A$500)*(U$1=SFReportData!$D$2:'SFReportData'!$D$500),0)),"")} -> 0 | V14: {=IFERROR(INDEX(SFReportData!$G$2:$G$500,MATCH(1,($I14=SFReportData!$A$2:$A$500)*(V$1=SFReportData!$D$2:'SFReportData'!$D$500),0)),"")} -> 0 | W14: {=IFERROR(INDEX(SFReportData!$G$2:$G$500,MATCH(1,($I14=SFReportData!$A$2:$A$500)*(W$1=SFReportData!$D$2:'SFReportData'!$D$500),0)),"")} -> 0 | X14: {=IFERROR(INDEX(SFReportData!$G$2:$G$500,MATCH(1,($I14=SFReportData!$A$2:$A$500)*(X$1=SFReportData!$D$2:'SFReportData'!$D$500),0)),"")} -> 0 | Z14: =O14 -> 0 | AA14: =T14 -> 0 | AB14: =J14 -> 0 | AC14: =P14 -> 0 | AD14: =U14 -> 0 | AE14: =K14 -> 0 | AF14: =Q14 -> 0 | AG14: =V14 -> 0 | AH14: =L14 -> 0 | AI14: =R14 -> 0 | AJ14: =W14 -> 0 | AK14: =M14 -> 0 | AL14: =S14 -> 0 | AM14: =X14 -> 0 | AN14: =N14 -> 0
A15: {=IF(IFERROR(INDEX(SFReportData!$A$2:'SFReportData'!$A$500, MATCH(0, COUNTIF(TransformData!$A$2:'TransformData'!$A14, SFReportData!$A$2:'SFReportData'!$A$500), 0)),"") = 0,"", IFERROR(INDEX(SFReportData!$A$2:'SFReportData'!$A$500, MATCH(0, COUNTIF(TransformData!$A$2:'TransformData'!$A14, SFReportData!$A$2:'SFReportData'!$A$500), 0)),""))} | B15: =IFERROR(VLOOKUP(A15,SFReportData!$A$2:$B$500,2,0),"") | C15: =IFERROR(VLOOKUP(A15,SFReportData!$A$2:$C$500,3,0),"") | D15: {=IFERROR(INDEX(SFReportData!$D$2:'SFReportData'!$D$500, MATCH(0, COUNTIF(TransformData!$D$2:'TransformData'!$D14, SFReportData!$D$2:'SFReportData'!$D$500), 0)),"")} | E15: =IFERROR(VLOOKUP(A15,SFReportData!$A$2:$J$500,10,0),"") | F15: =IFERROR(VLOOKUP(A15,SFReportData!$A$2:$K$500,11,0),"") | H15: =IFERROR(VLOOKUP(B15,SFReportData!B14:H512,7,0),"") | I15: {=CELL("contents",A15)} | J15: {=IFERROR(INDEX(SFReportData!$E$2:$E$500,MATCH(1,($I15=SFReportData!$A$2:$A$500)*(J$1=SFReportData!$D$2:'SFReportData'!$D$500),0)),"")} -> 0 | K15: {=IFERROR(INDEX(SFReportData!$E$2:$E$500,MATCH(1,($I15=SFReportData!$A$2:$A$500)*(K$1=SFReportData!$D$2:'SFReportData'!$D$500),0)),"")} -> 0 | L15: {=IFERROR(INDEX(SFReportData!$E$2:$E$500,MATCH(1,($I15=SFReportData!$A$2:$A$500)*(L$1=SFReportData!$D$2:'SFReportData'!$D$500),0)),"")} -> 0 | M15: {=IFERROR(INDEX(SFReportData!$E$2:$E$500,MATCH(1,($I15=SFReportData!$A$2:$A$500)*(M$1=SFReportData!$D$2:'SFReportData'!$D$500),0)),"")} -> 0 | N15: {=IFERROR(INDEX(SFReportData!$E$2:$E$500,MATCH(1,($I15=SFReportData!$A$2:$A$500)*(N$1=SFReportData!$D$2:'SFReportData'!$D$500),0)),"")} -> 0 | O15: {=IFERROR(INDEX(SFReportData!$F$2:$F$500,MATCH(1,($I15=SFReportData!$A$2:$A$500)*(O$1=SFReportData!$D$2:'SFReportData'!$D$500),0)),"")} -> 0 | P15: {=IFERROR(INDEX(SFReportData!$F$2:$F$500,MATCH(1,($I15=SFReportData!$A$2:$A$500)*(P$1=SFReportData!$D$2:'SFReportData'!$D$500),0)),"")} -> 0 | Q15: {=IFERROR(INDEX(SFReportData!$F$2:$F$500,MATCH(1,($I15=SFReportData!$A$2:$A$500)*(Q$1=SFReportData!$D$2:'SFReportData'!$D$500),0)),"")} -> 0 | R15: {=IFERROR(INDEX(SFReportData!$F$2:$F$500,MATCH(1,($I15=SFReportData!$A$2:$A$500)*(R$1=SFReportData!$D$2:'SFReportData'!$D$500),0)),"")} -> 0 | S15: {=IFERROR(INDEX(SFReportData!$F$2:$F$500,MATCH(1,($I15=SFReportData!$A$2:$A$500)*(S$1=SFReportData!$D$2:'SFReportData'!$D$500),0)),"")} -> 0 | T15: {=IFERROR(INDEX(SFReportData!$G$2:$G$500,MATCH(1,($I15=SFReportData!$A$2:$A$500)*(T$1=SFReportData!$D$2:'SFReportData'!$D$500),0)),"")} -> 0 | U15: {=IFERROR(INDEX(SFReportData!$G$2:$G$500,MATCH(1,($I15=SFReportData!$A$2:$A$500)*(U$1=SFReportData!$D$2:'SFReportData'!$D$500),0)),"")} -> 0 | V15: {=IFERROR(INDEX(SFReportData!$G$2:$G$500,MATCH(1,($I15=SFReportData!$A$2:$A$500)*(V$1=SFReportData!$D$2:'SFReportData'!$D$500),0)),"")} -> 0 | W15: {=IFERROR(INDEX(SFReportData!$G$2:$G$500,MATCH(1,($I15=SFReportData!$A$2:$A$500)*(W$1=SFReportData!$D$2:'SFReportData'!$D$500),0)),"")} -> 0 | X15: {=IFERROR(INDEX(SFReportData!$G$2:$G$500,MATCH(1,($I15=SFReportData!$A$2:$A$500)*(X$1=SFReportData!$D$2:'SFReportData'!$D$500),0)),"")} -> 0 | Z15: =O15 -> 0 | AA15: =T15 -> 0 | AB15: =J15 -> 0 | AC15: =P15 -> 0 | AD15: =U15 -> 0 | AE15: =K15 -> 0 | AF15: =Q15 -> 0 | AG15: =V15 -> 0 | AH15: =L15 -> 0 | AI15: =R15 -> 0 | AJ15: =W15 -> 0 | AK15: =M15 -> 0 | AL15: =S15 -> 0 | AM15: =X15 -> 0 | AN15: =N15 -> 0
... A50: {=IF(IFERROR(INDEX(SFReportData!$A$2:'SFReportData'!$A$500, MATCH(0, COUNTIF(TransformData!$A$2:'TransformData'!$A49, SFReportData!$A$2:'SFReportData'!$A$500), 0)),"") = 0,"", IFERROR(INDEX(SFReportData!$A$2:'SFReportData'!$A$500, MATCH(0, COUNTIF(TransformData!$A$2:'TransformData'!$A49, SFReportData!$A$2:'SFReportData'!$A$500), 0)),""))} | B50: =IFERROR(VLOOKUP(A50,SFReportData!$A$2:$B$500,2,0),"") | C50: =IFERROR(VLOOKUP(A50,SFReportData!$A$2:$C$500,3,0),"") | D50: {=IFERROR(INDEX(SFReportData!$D$2:'SFReportData'!$D$500, MATCH(0, COUNTIF(TransformData!$D$2:'TransformData'!$D49, SFReportData!$D$2:'SFReportData'!$D$500), 0)),"")} | E50: =IFERROR(VLOOKUP(A50,SFReportData!$A$2:$J$500,10,0),"") | F50: =IFERROR(VLOOKUP(A50,SFReportData!$A$2:$K$500,11,0),"") | H50: =IFERROR(VLOOKUP(B50,SFReportData!B49:H547,7,0),"") | I50: {=CELL("contents",A50)} | J50: {=IFERROR(INDEX(SFReportData!$E$2:$E$500,MATCH(1,($I50=SFReportData!$A$2:$A$500)*(J$1=SFReportData!$D$2:'SFReportData'!$D$500),0)),"")} -> 0 | K50: {=IFERROR(INDEX(SFReportData!$E$2:$E$500,MATCH(1,($I50=SFReportData!$A$2:$A$500)*(K$1=SFReportData!$D$2:'SFReportData'!$D$500),0)),"")} -> 0 | L50: {=IFERROR(INDEX(SFReportData!$E$2:$E$500,MATCH(1,($I50=SFReportData!$A$2:$A$500)*(L$1=SFReportData!$D$2:'SFReportData'!$D$500),0)),"")} -> 0 | M50: {=IFERROR(INDEX(SFReportData!$E$2:$E$500,MATCH(1,($I50=SFReportData!$A$2:$A$500)*(M$1=SFReportData!$D$2:'SFReportData'!$D$500),0)),"")} -> 0 | N50: {=IFERROR(INDEX(SFReportData!$E$2:$E$500,MATCH(1,($I50=SFReportData!$A$2:$A$500)*(N$1=SFReportData!$D$2:'SFReportData'!$D$500),0)),"")} -> 0 | O50: {=IFERROR(INDEX(SFReportData!$F$2:$F$500,MATCH(1,($I50=SFReportData!$A$2:$A$500)*(O$1=SFReportData!$D$2:'SFReportData'!$D$500),0)),"")} -> 0 | P50: {=IFERROR(INDEX(SFReportData!$F$2:$F$500,MATCH(1,($I50=SFReportData!$A$2:$A$500)*(P$1=SFReportData!$D$2:'SFReportData'!$D$500),0)),"")} -> 0 | Q50: {=IFERROR(INDEX(SFReportData!$F$2:$F$500,MATCH(1,($I50=SFReportData!$A$2:$A$500)*(Q$1=SFReportData!$D$2:'SFReportData'!$D$500),0)),"")} -> 0 | R50: {=IFERROR(INDEX(SFReportData!$F$2:$F$500,MATCH(1,($I50=SFReportData!$A$2:$A$500)*(R$1=SFReportData!$D$2:'SFReportData'!$D$500),0)),"")} -> 0 | S50: {=IFERROR(INDEX(SFReportData!$F$2:$F$500,MATCH(1,($I50=SFReportData!$A$2:$A$500)*(S$1=SFReportData!$D$2:'SFReportData'!$D$500),0)),"")} -> 0 | T50: {=IFERROR(INDEX(SFReportData!$G$2:$G$500,MATCH(1,($I50=SFReportData!$A$2:$A$500)*(T$1=SFReportData!$D$2:'SFReportData'!$D$500),0)),"")} -> 0 | U50: {=IFERROR(INDEX(SFReportData!$G$2:$G$500,MATCH(1,($I50=SFReportData!$A$2:$A$500)*(U$1=SFReportData!$D$2:'SFReportData'!$D$500),0)),"")} -> 0 | V50: {=IFERROR(INDEX(SFReportData!$G$2:$G$500,MATCH(1,($I50=SFReportData!$A$2:$A$500)*(V$1=SFReportData!$D$2:'SFReportData'!$D$500),0)),"")} -> 0 | W50: {=IFERROR(INDEX(SFReportData!$G$2:$G$500,MATCH(1,($I50=SFReportData!$A$2:$A$500)*(W$1=SFReportData!$D$2:'SFReportData'!$D$500),0)),"")} -> 0 | X50: {=IFERROR(INDEX(SFReportData!$G$2:$G$500,MATCH(1,($I50=SFReportData!$A$2:$A$500)*(X$1=SFReportData!$D$2:'SFReportData'!$D$500),0)),"")} -> 0 | Z50: =O50 -> 0 | AA50: =T50 -> 0 | AB50: =J50 -> 0 | AC50: =P50 -> 0 | AD50: =U50 -> 0 | AE50: =K50 -> 0 | AF50: =Q50 -> 0 | AG50: =V50 -> 0 | AH50: =L50 -> 0 | AI50: =R50 -> 0 | AJ50: =W50 -> 0 | AK50: =M50 -> 0 | AL50: =S50 -> 0 | AM50: =X50 -> 0 | AN50: =N50 -> 0
A51: {=IF(IFERROR(INDEX(SFReportData!$A$2:'SFReportData'!$A$500, MATCH(0, COUNTIF(TransformData!$A$2:'TransformData'!$A50, SFReportData!$A$2:'SFReportData'!$A$500), 0)),"") = 0,"", IFERROR(INDEX(SFReportData!$A$2:'SFReportData'!$A$500, MATCH(0, COUNTIF(TransformData!$A$2:'TransformData'!$A50, SFReportData!$A$2:'SFReportData'!$A$500), 0)),""))} | B51: =IFERROR(VLOOKUP(A51,SFReportData!$A$2:$B$500,2,0),"") | C51: =IFERROR(VLOOKUP(A51,SFReportData!$A$2:$C$500,3,0),"") | E51: =IFERROR(VLOOKUP(A51,SFReportData!$A$2:$J$500,10,0),"") | F51: =IFERROR(VLOOKUP(A51,SFReportData!$A$2:$K$500,11,0),"") | H51: =IFERROR(VLOOKUP(B51,SFReportData!B50:H548,7,0),"") | I51: {=CELL("contents",A51)} | J51: {=IFERROR(INDEX(SFReportData!$E$2:$E$500,MATCH(1,($I51=SFReportData!$A$2:$A$500)*(J$1=SFReportData!$D$2:'SFReportData'!$D$500),0)),"")} -> 0 | K51: {=IFERROR(INDEX(SFReportData!$E$2:$E$500,MATCH(1,($I51=SFReportData!$A$2:$A$500)*(K$1=SFReportData!$D$2:'SFReportData'!$D$500),0)),"")} -> 0 | L51: {=IFERROR(INDEX(SFReportData!$E$2:$E$500,MATCH(1,($I51=SFReportData!$A$2:$A$500)*(L$1=SFReportData!$D$2:'SFReportData'!$D$500),0)),"")} -> 0 | M51: {=IFERROR(INDEX(SFReportData!$E$2:$E$500,MATCH(1,($I51=SFReportData!$A$2:$A$500)*(M$1=SFReportData!$D$2:'SFReportData'!$D$500),0)),"")} -> 0 | N51: {=IFERROR(INDEX(SFReportData!$E$2:$E$500,MATCH(1,($I51=SFReportData!$A$2:$A$500)*(N$1=SFReportData!$D$2:'SFReportData'!$D$500),0)),"")} -> 0 | O51: {=IFERROR(INDEX(SFReportData!$F$2:$F$500,MATCH(1,($I51=SFReportData!$A$2:$A$500)*(O$1=SFReportData!$D$2:'SFReportData'!$D$500),0)),"")} -> 0 | P51: {=IFERROR(INDEX(SFReportData!$F$2:$F$500,MATCH(1,($I51=SFReportData!$A$2:$A$500)*(P$1=SFReportData!$D$2:'SFReportData'!$D$500),0)),"")} -> 0 | Q51: {=IFERROR(INDEX(SFReportData!$F$2:$F$500,MATCH(1,($I51=SFReportData!$A$2:$A$500)*(Q$1=SFReportData!$D$2:'SFReportData'!$D$500),0)),"")} -> 0 | R51: {=IFERROR(INDEX(SFReportData!$F$2:$F$500,MATCH(1,($I51=SFReportData!$A$2:$A$500)*(R$1=SFReportData!$D$2:'SFReportData'!$D$500),0)),"")} -> 0 | S51: {=IFERROR(INDEX(SFReportData!$F$2:$F$500,MATCH(1,($I51=SFReportData!$A$2:$A$500)*(S$1=SFReportData!$D$2:'SFReportData'!$D$500),0)),"")} -> 0 | T51: {=IFERROR(INDEX(SFReportData!$G$2:$G$500,MATCH(1,($I51=SFReportData!$A$2:$A$500)*(T$1=SFReportData!$D$2:'SFReportData'!$D$500),0)),"")} -> 0 | U51: {=IFERROR(INDEX(SFReportData!$G$2:$G$500,MATCH(1,($I51=SFReportData!$A$2:$A$500)*(U$1=SFReportData!$D$2:'SFReportData'!$D$500),0)),"")} -> 0 | V51: {=IFERROR(INDEX(SFReportData!$G$2:$G$500,MATCH(1,($I51=SFReportData!$A$2:$A$500)*(V$1=SFReportData!$D$2:'SFReportData'!$D$500),0)),"")} -> 0 | W51: {=IFERROR(INDEX(SFReportData!$G$2:$G$500,MATCH(1,($I51=SFReportData!$A$2:$A$500)*(W$1=SFReportData!$D$2:'SFReportData'!$D$500),0)),"")} -> 0 | X51: {=IFERROR(INDEX(SFReportData!$G$2:$G$500,MATCH(1,($I51=SFReportData!$A$2:$A$500)*(X$1=SFReportData!$D$2:'SFReportData'!$D$500),0)),"")} -> 0 | Z51: =O51 -> 0 | AA51: =T51 -> 0 | AB51: =J51 -> 0 | AC51: =P51 -> 0 | AD51: =U51 -> 0 | AE51: =K51 -> 0 | AF51: =Q51 -> 0 | AG51: =V51 -> 0 | AH51: =L51 -> 0 | AI51: =R51 -> 0 | AJ51: =W51 -> 0 | AK51: =M51 -> 0 | AL51: =S51 -> 0 | AM51: =X51 -> 0 | AN51: =N51 -> 0
A52: {=IF(IFERROR(INDEX(SFReportData!$A$2:'SFReportData'!$A$500, MATCH(0, COUNTIF(TransformData!$A$2:'TransformData'!$A51, SFReportData!$A$2:'SFReportData'!$A$500), 0)),"") = 0,"", IFERROR(INDEX(SFReportData!$A$2:'SFReportData'!$A$500, MATCH(0, COUNTIF(TransformData!$A$2:'TransformData'!$A51, SFReportData!$A$2:'SFReportData'!$A$500), 0)),""))} | B52: =IFERROR(VLOOKUP(A52,SFReportData!$A$2:$B$500,2,0),"") | C52: =IFERROR(VLOOKUP(A52,SFReportData!$A$2:$C$500,3,0),"") | E52: =IFERROR(VLOOKUP(A52,SFReportData!$A$2:$J$500,10,0),"") | F52: =IFERROR(VLOOKUP(A52,SFReportData!$A$2:$K$500,11,0),"") | H52: =IFERROR(VLOOKUP(B52,SFReportData!B51:H549,7,0),"") | I52: {=CELL("contents",A52)} | J52: {=IFERROR(INDEX(SFReportData!$E$2:$E$500,MATCH(1,($I52=SFReportData!$A$2:$A$500)*(J$1=SFReportData!$D$2:'SFReportData'!$D$500),0)),"")} -> 0 | K52: {=IFERROR(INDEX(SFReportData!$E$2:$E$500,MATCH(1,($I52=SFReportData!$A$2:$A$500)*(K$1=SFReportData!$D$2:'SFReportData'!$D$500),0)),"")} -> 0 | L52: {=IFERROR(INDEX(SFReportData!$E$2:$E$500,MATCH(1,($I52=SFReportData!$A$2:$A$500)*(L$1=SFReportData!$D$2:'SFReportData'!$D$500),0)),"")} -> 0 | M52: {=IFERROR(INDEX(SFReportData!$E$2:$E$500,MATCH(1,($I52=SFReportData!$A$2:$A$500)*(M$1=SFReportData!$D$2:'SFReportData'!$D$500),0)),"")} -> 0 | N52: {=IFERROR(INDEX(SFReportData!$E$2:$E$500,MATCH(1,($I52=SFReportData!$A$2:$A$500)*(N$1=SFReportData!$D$2:'SFReportData'!$D$500),0)),"")} -> 0 | O52: {=IFERROR(INDEX(SFReportData!$F$2:$F$500,MATCH(1,($I52=SFReportData!$A$2:$A$500)*(O$1=SFReportData!$D$2:'SFReportData'!$D$500),0)),"")} -> 0 | P52: {=IFERROR(INDEX(SFReportData!$F$2:$F$500,MATCH(1,($I52=SFReportData!$A$2:$A$500)*(P$1=SFReportData!$D$2:'SFReportData'!$D$500),0)),"")} -> 0 | Q52: {=IFERROR(INDEX(SFReportData!$F$2:$F$500,MATCH(1,($I52=SFReportData!$A$2:$A$500)*(Q$1=SFReportData!$D$2:'SFReportData'!$D$500),0)),"")} -> 0 | R52: {=IFERROR(INDEX(SFReportData!$F$2:$F$500,MATCH(1,($I52=SFReportData!$A$2:$A$500)*(R$1=SFReportData!$D$2:'SFReportData'!$D$500),0)),"")} -> 0 | S52: {=IFERROR(INDEX(SFReportData!$F$2:$F$500,MATCH(1,($I52=SFReportData!$A$2:$A$500)*(S$1=SFReportData!$D$2:'SFReportData'!$D$500),0)),"")} -> 0 | T52: {=IFERROR(INDEX(SFReportData!$G$2:$G$500,MATCH(1,($I52=SFReportData!$A$2:$A$500)*(T$1=SFReportData!$D$2:'SFReportData'!$D$500),0)),"")} -> 0 | U52: {=IFERROR(INDEX(SFReportData!$G$2:$G$500,MATCH(1,($I52=SFReportData!$A$2:$A$500)*(U$1=SFReportData!$D$2:'SFReportData'!$D$500),0)),"")} -> 0 | V52: {=IFERROR(INDEX(SFReportData!$G$2:$G$500,MATCH(1,($I52=SFReportData!$A$2:$A$500)*(V$1=SFReportData!$D$2:'SFReportData'!$D$500),0)),"")} -> 0 | W52: {=IFERROR(INDEX(SFReportData!$G$2:$G$500,MATCH(1,($I52=SFReportData!$A$2:$A$500)*(W$1=SFReportData!$D$2:'SFReportData'!$D$500),0)),"")} -> 0 | X52: {=IFERROR(INDEX(SFReportData!$G$2:$G$500,MATCH(1,($I52=SFReportData!$A$2:$A$500)*(X$1=SFReportData!$D$2:'SFReportData'!$D$500),0)),"")} -> 0 | Z52: =O52 -> 0 | AA52: =T52 -> 0 | AB52: =J52 -> 0 | AC52: =P52 -> 0 | AD52: =U52 -> 0 | AE52: =K52 -> 0 | AF52: =Q52 -> 0 | AG52: =V52 -> 0 | AH52: =L52 -> 0 | AI52: =R52 -> 0 | AJ52: =W52 -> 0 | AK52: =M52 -> 0 | AL52: =S52 -> 0 | AM52: =X52 -> 0 | AN52: =N52 -> 0
A53: {=IF(IFERROR(INDEX(SFReportData!$A$2:'SFReportData'!$A$500, MATCH(0, COUNTIF(TransformData!$A$2:'TransformData'!$A52, SFReportData!$A$2:'SFReportData'!$A$500), 0)),"") = 0,"", IFERROR(INDEX(SFReportData!$A$2:'SFReportData'!$A$500, MATCH(0, COUNTIF(TransformData!$A$2:'TransformData'!$A52, SFReportData!$A$2:'SFReportData'!$A$500), 0)),""))} | B53: =IFERROR(VLOOKUP(A53,SFReportData!$A$2:$B$500,2,0),"") | C53: =IFERROR(VLOOKUP(A53,SFReportData!$A$2:$C$500,3,0),"") | E53: =IFERROR(VLOOKUP(A53,SFReportData!$A$2:$J$500,10,0),"") | F53: =IFERROR(VLOOKUP(A53,SFReportData!$A$2:$K$500,11,0),"") | H53: =IFERROR(VLOOKUP(B53,SFReportData!B52:H550,7,0),"") | I53: {=CELL("contents",A53)} | J53: {=IFERROR(INDEX(SFReportData!$E$2:$E$500,MATCH(1,($I53=SFReportData!$A$2:$A$500)*(J$1=SFReportData!$D$2:'SFReportData'!$D$500),0)),"")} -> 0 | K53: {=IFERROR(INDEX(SFReportData!$E$2:$E$500,MATCH(1,($I53=SFReportData!$A$2:$A$500)*(K$1=SFReportData!$D$2:'SFReportData'!$D$500),0)),"")} -> 0 | L53: {=IFERROR(INDEX(SFReportData!$E$2:$E$500,MATCH(1,($I53=SFReportData!$A$2:$A$500)*(L$1=SFReportData!$D$2:'SFReportData'!$D$500),0)),"")} -> 0 | M53: {=IFERROR(INDEX(SFReportData!$E$2:$E$500,MATCH(1,($I53=SFReportData!$A$2:$A$500)*(M$1=SFReportData!$D$2:'SFReportData'!$D$500),0)),"")} -> 0 | N53: {=IFERROR(INDEX(SFReportData!$E$2:$E$500,MATCH(1,($I53=SFReportData!$A$2:$A$500)*(N$1=SFReportData!$D$2:'SFReportData'!$D$500),0)),"")} -> 0 | O53: {=IFERROR(INDEX(SFReportData!$F$2:$F$500,MATCH(1,($I53=SFReportData!$A$2:$A$500)*(O$1=SFReportData!$D$2:'SFReportData'!$D$500),0)),"")} -> 0 | P53: {=IFERROR(INDEX(SFReportData!$F$2:$F$500,MATCH(1,($I53=SFReportData!$A$2:$A$500)*(P$1=SFReportData!$D$2:'SFReportData'!$D$500),0)),"")} -> 0 | Q53: {=IFERROR(INDEX(SFReportData!$F$2:$F$500,MATCH(1,($I53=SFReportData!$A$2:$A$500)*(Q$1=SFReportData!$D$2:'SFReportData'!$D$500),0)),"")} -> 0 | R53: {=IFERROR(INDEX(SFReportData!$F$2:$F$500,MATCH(1,($I53=SFReportData!$A$2:$A$500)*(R$1=SFReportData!$D$2:'SFReportData'!$D$500),0)),"")} -> 0 | S53: {=IFERROR(INDEX(SFReportData!$F$2:$F$500,MATCH(1,($I53=SFReportData!$A$2:$A$500)*(S$1=SFReportData!$D$2:'SFReportData'!$D$500),0)),"")} -> 0 | T53: {=IFERROR(INDEX(SFReportData!$G$2:$G$500,MATCH(1,($I53=SFReportData!$A$2:$A$500)*(T$1=SFReportData!$D$2:'SFReportData'!$D$500),0)),"")} -> 0 | U53: {=IFERROR(INDEX(SFReportData!$G$2:$G$500,MATCH(1,($I53=SFReportData!$A$2:$A$500)*(U$1=SFReportData!$D$2:'SFReportData'!$D$500),0)),"")} -> 0 | V53: {=IFERROR(INDEX(SFReportData!$G$2:$G$500,MATCH(1,($I53=SFReportData!$A$2:$A$500)*(V$1=SFReportData!$D$2:'SFReportData'!$D$500),0)),"")} -> 0 | W53: {=IFERROR(INDEX(SFReportData!$G$2:$G$500,MATCH(1,($I53=SFReportData!$A$2:$A$500)*(W$1=SFReportData!$D$2:'SFReportData'!$D$500),0)),"")} -> 0 | X53: {=IFERROR(INDEX(SFReportData!$G$2:$G$500,MATCH(1,($I53=SFReportData!$A$2:$A$500)*(X$1=SFReportData!$D$2:'SFReportData'!$D$500),0)),"")} -> 0 | Z53: =O53 -> 0 | AA53: =T53 -> 0 | AB53: =J53 -> 0 | AC53: =P53 -> 0 | AD53: =U53 -> 0 | AE53: =K53 -> 0 | AF53: =Q53 -> 0 | AG53: =V53 -> 0 | AH53: =L53 -> 0 | AI53: =R53 -> 0 | AJ53: =W53 -> 0 | AK53: =M53 -> 0 | AL53: =S53 -> 0 | AM53: =X53 -> 0 | AN53: =N53 -> 0
A54: {=IF(IFERROR(INDEX(SFReportData!$A$2:'SFReportData'!$A$500, MATCH(0, COUNTIF(TransformData!$A$2:'TransformData'!$A53, SFReportData!$A$2:'SFReportData'!$A$500), 0)),"") = 0,"", IFERROR(INDEX(SFReportData!$A$2:'SFReportData'!$A$500, MATCH(0, COUNTIF(TransformData!$A$2:'TransformData'!$A53, SFReportData!$A$2:'SFReportData'!$A$500), 0)),""))} | B54: =IFERROR(VLOOKUP(A54,SFReportData!$A$2:$B$500,2,0),"") | C54: =IFERROR(VLOOKUP(A54,SFReportData!$A$2:$C$500,3,0),"") | E54: =IFERROR(VLOOKUP(A54,SFReportData!$A$2:$J$500,10,0),"") | F54: =IFERROR(VLOOKUP(A54,SFReportData!$A$2:$K$500,11,0),"") | H54: =IFERROR(VLOOKUP(B54,SFReportData!B53:H551,7,0),"") | I54: {=CELL("contents",A54)} | J54: {=IFERROR(INDEX(SFReportData!$E$2:$E$500,MATCH(1,($I54=SFReportData!$A$2:$A$500)*(J$1=SFReportData!$D$2:'SFReportData'!$D$500),0)),"")} -> 0 | K54: {=IFERROR(INDEX(SFReportData!$E$2:$E$500,MATCH(1,($I54=SFReportData!$A$2:$A$500)*(K$1=SFReportData!$D$2:'SFReportData'!$D$500),0)),"")} -> 0 | L54: {=IFERROR(INDEX(SFReportData!$E$2:$E$500,MATCH(1,($I54=SFReportData!$A$2:$A$500)*(L$1=SFReportData!$D$2:'SFReportData'!$D$500),0)),"")} -> 0 | M54: {=IFERROR(INDEX(SFReportData!$E$2:$E$500,MATCH(1,($I54=SFReportData!$A$2:$A$500)*(M$1=SFReportData!$D$2:'SFReportData'!$D$500),0)),"")} -> 0 | N54: {=IFERROR(INDEX(SFReportData!$E$2:$E$500,MATCH(1,($I54=SFReportData!$A$2:$A$500)*(N$1=SFReportData!$D$2:'SFReportData'!$D$500),0)),"")} -> 0 | O54: {=IFERROR(INDEX(SFReportData!$F$2:$F$500,MATCH(1,($I54=SFReportData!$A$2:$A$500)*(O$1=SFReportData!$D$2:'SFReportData'!$D$500),0)),"")} -> 0 | P54: {=IFERROR(INDEX(SFReportData!$F$2:$F$500,MATCH(1,($I54=SFReportData!$A$2:$A$500)*(P$1=SFReportData!$D$2:'SFReportData'!$D$500),0)),"")} -> 0 | Q54: {=IFERROR(INDEX(SFReportData!$F$2:$F$500,MATCH(1,($I54=SFReportData!$A$2:$A$500)*(Q$1=SFReportData!$D$2:'SFReportData'!$D$500),0)),"")} -> 0 | R54: {=IFERROR(INDEX(SFReportData!$F$2:$F$500,MATCH(1,($I54=SFReportData!$A$2:$A$500)*(R$1=SFReportData!$D$2:'SFReportData'!$D$500),0)),"")} -> 0 | S54: {=IFERROR(INDEX(SFReportData!$F$2:$F$500,MATCH(1,($I54=SFReportData!$A$2:$A$500)*(S$1=SFReportData!$D$2:'SFReportData'!$D$500),0)),"")} -> 0 | T54: {=IFERROR(INDEX(SFReportData!$G$2:$G$500,MATCH(1,($I54=SFReportData!$A$2:$A$500)*(T$1=SFReportData!$D$2:'SFReportData'!$D$500),0)),"")} -> 0 | U54: {=IFERROR(INDEX(SFReportData!$G$2:$G$500,MATCH(1,($I54=SFReportData!$A$2:$A$500)*(U$1=SFReportData!$D$2:'SFReportData'!$D$500),0)),"")} -> 0 | V54: {=IFERROR(INDEX(SFReportData!$G$2:$G$500,MATCH(1,($I54=SFReportData!$A$2:$A$500)*(V$1=SFReportData!$D$2:'SFReportData'!$D$500),0)),"")} -> 0 | W54: {=IFERROR(INDEX(SFReportData!$G$2:$G$500,MATCH(1,($I54=SFReportData!$A$2:$A$500)*(W$1=SFReportData!$D$2:'SFReportData'!$D$500),0)),"")} -> 0 | X54: {=IFERROR(INDEX(SFReportData!$G$2:$G$500,MATCH(1,($I54=SFReportData!$A$2:$A$500)*(X$1=SFReportData!$D$2:'SFReportData'!$D$500),0)),"")} -> 0 | Z54: =O54 -> 0 | AA54: =T54 -> 0 | AB54: =J54 -> 0 | AC54: =P54 -> 0 | AD54: =U54 -> 0 | AE54: =K54 -> 0 | AF54: =Q54 -> 0 | AG54: =V54 -> 0 | AH54: =L54 -> 0 | AI54: =R54 -> 0 | AJ54: =W54 -> 0 | AK54: =M54 -> 0 | AL54: =S54 -> 0 | AM54: =X54 -> 0 | AN54: =N54 -> 0
A55: {=IF(IFERROR(INDEX(SFReportData!$A$2:'SFReportData'!$A$500, MATCH(0, COUNTIF(TransformData!$A$2:'TransformData'!$A54, SFReportData!$A$2:'SFReportData'!$A$500), 0)),"") = 0,"", IFERROR(INDEX(SFReportData!$A$2:'SFReportData'!$A$500, MATCH(0, COUNTIF(TransformData!$A$2:'TransformData'!$A54, SFReportData!$A$2:'SFReportData'!$A$500), 0)),""))} | B55: =IFERROR(VLOOKUP(A55,SFReportData!$A$2:$B$500,2,0),"") | C55: =IFERROR(VLOOKUP(A55,SFReportData!$A$2:$C$500,3,0),"") | E55: =IFERROR(VLOOKUP(A55,SFReportData!$A$2:$J$500,10,0),"") | F55: =IFERROR(VLOOKUP(A55,SFReportData!$A$2:$K$500,11,0),"") | H55: =IFERROR(VLOOKUP(B55,SFReportData!B54:H552,7,0),"") | I55: {=CELL("contents",A55)} | J55: {=IFERROR(INDEX(SFReportData!$E$2:$E$500,MATCH(1,($I55=SFReportData!$A$2:$A$500)*(J$1=SFReportData!$D$2:'SFReportData'!$D$500),0)),"")} -> 0 | K55: {=IFERROR(INDEX(SFReportData!$E$2:$E$500,MATCH(1,($I55=SFReportData!$A$2:$A$500)*(K$1=SFReportData!$D$2:'SFReportData'!$D$500),0)),"")} -> 0 | L55: {=IFERROR(INDEX(SFReportData!$E$2:$E$500,MATCH(1,($I55=SFReportData!$A$2:$A$500)*(L$1=SFReportData!$D$2:'SFReportData'!$D$500),0)),"")} -> 0 | M55: {=IFERROR(INDEX(SFReportData!$E$2:$E$500,MATCH(1,($I55=SFReportData!$A$2:$A$500)*(M$1=SFReportData!$D$2:'SFReportData'!$D$500),0)),"")} -> 0 | N55: {=IFERROR(INDEX(SFReportData!$E$2:$E$500,MATCH(1,($I55=SFReportData!$A$2:$A$500)*(N$1=SFReportData!$D$2:'SFReportData'!$D$500),0)),"")} -> 0 | O55: {=IFERROR(INDEX(SFReportData!$F$2:$F$500,MATCH(1,($I55=SFReportData!$A$2:$A$500)*(O$1=SFReportData!$D$2:'SFReportData'!$D$500),0)),"")} -> 0 | P55: {=IFERROR(INDEX(SFReportData!$F$2:$F$500,MATCH(1,($I55=SFReportData!$A$2:$A$500)*(P$1=SFReportData!$D$2:'SFReportData'!$D$500),0)),"")} -> 0 | Q55: {=IFERROR(INDEX(SFReportData!$F$2:$F$500,MATCH(1,($I55=SFReportData!$A$2:$A$500)*(Q$1=SFReportData!$D$2:'SFReportData'!$D$500),0)),"")} -> 0 | R55: {=IFERROR(INDEX(SFReportData!$F$2:$F$500,MATCH(1,($I55=SFReportData!$A$2:$A$500)*(R$1=SFReportData!$D$2:'SFReportData'!$D$500),0)),"")} -> 0 | S55: {=IFERROR(INDEX(SFReportData!$F$2:$F$500,MATCH(1,($I55=SFReportData!$A$2:$A$500)*(S$1=SFReportData!$D$2:'SFReportData'!$D$500),0)),"")} -> 0 | T55: {=IFERROR(INDEX(SFReportData!$G$2:$G$500,MATCH(1,($I55=SFReportData!$A$2:$A$500)*(T$1=SFReportData!$D$2:'SFReportData'!$D$500),0)),"")} -> 0 | U55: {=IFERROR(INDEX(SFReportData!$G$2:$G$500,MATCH(1,($I55=SFReportData!$A$2:$A$500)*(U$1=SFReportData!$D$2:'SFReportData'!$D$500),0)),"")} -> 0 | V55: {=IFERROR(INDEX(SFReportData!$G$2:$G$500,MATCH(1,($I55=SFReportData!$A$2:$A$500)*(V$1=SFReportData!$D$2:'SFReportData'!$D$500),0)),"")} -> 0 | W55: {=IFERROR(INDEX(SFReportData!$G$2:$G$500,MATCH(1,($I55=SFReportData!$A$2:$A$500)*(W$1=SFReportData!$D$2:'SFReportData'!$D$500),0)),"")} -> 0 | X55: {=IFERROR(INDEX(SFReportData!$G$2:$G$500,MATCH(1,($I55=SFReportData!$A$2:$A$500)*(X$1=SFReportData!$D$2:'SFReportData'!$D$500),0)),"")} -> 0 | Z55: =O55 -> 0 | AA55: =T55 -> 0 | AB55: =J55 -> 0 | AC55: =P55 -> 0 | AD55: =U55 -> 0 | AE55: =K55 -> 0 | AF55: =Q55 -> 0 | AG55: =V55 -> 0 | AH55: =L55 -> 0 | AI55: =R55 -> 0 | AJ55: =W55 -> 0 | AK55: =M55 -> 0 | AL55: =S55 -> 0 | AM55: =X55 -> 0 | AN55: =N55 -> 0
A56: {=IF(IFERROR(INDEX(SFReportData!$A$2:'SFReportData'!$A$500, MATCH(0, COUNTIF(TransformData!$A$2:'TransformData'!$A55, SFReportData!$A$2:'SFReportData'!$A$500), 0)),"") = 0,"", IFERROR(INDEX(SFReportData!$A$2:'SFReportData'!$A$500, MATCH(0, COUNTIF(TransformData!$A$2:'TransformData'!$A55, SFReportData!$A$2:'SFReportData'!$A$500), 0)),""))} | B56: =IFERROR(VLOOKUP(A56,SFReportData!$A$2:$B$500,2,0),"") | C56: =IFERROR(VLOOKUP(A56,SFReportData!$A$2:$C$500,3,0),"") | E56: =IFERROR(VLOOKUP(A56,SFReportData!$A$2:$J$500,10,0),"") | F56: =IFERROR(VLOOKUP(A56,SFReportData!$A$2:$K$500,10,0),"") | H56: =IFERROR(VLOOKUP(B56,SFReportData!B55:H553,7,0),"") | I56: {=CELL("contents",A56)} | J56: {=IFERROR(INDEX(SFReportData!$E$2:$E$500,MATCH(1,($I56=SFReportData!$A$2:$A$500)*(J$1=SFReportData!$D$2:'SFReportData'!$D$500),0)),"")} -> 0 | K56: {=IFERROR(INDEX(SFReportData!$E$2:$E$500,MATCH(1,($I56=SFReportData!$A$2:$A$500)*(K$1=SFReportData!$D$2:'SFReportData'!$D$500),0)),"")} -> 0 | L56: {=IFERROR(INDEX(SFReportData!$E$2:$E$500,MATCH(1,($I56=SFReportData!$A$2:$A$500)*(L$1=SFReportData!$D$2:'SFReportData'!$D$500),0)),"")} -> 0 | M56: {=IFERROR(INDEX(SFReportData!$E$2:$E$500,MATCH(1,($I56=SFReportData!$A$2:$A$500)*(M$1=SFReportData!$D$2:'SFReportData'!$D$500),0)),"")} -> 0 | N56: {=IFERROR(INDEX(SFReportData!$E$2:$E$500,MATCH(1,($I56=SFReportData!$A$2:$A$500)*(N$1=SFReportData!$D$2:'SFReportData'!$D$500),0)),"")} -> 0 | O56: {=IFERROR(INDEX(SFReportData!$F$2:$F$500,MATCH(1,($I56=SFReportData!$A$2:$A$500)*(O$1=SFReportData!$D$2:'SFReportData'!$D$500),0)),"")} -> 0 | P56: {=IFERROR(INDEX(SFReportData!$F$2:$F$500,MATCH(1,($I56=SFReportData!$A$2:$A$500)*(P$1=SFReportData!$D$2:'SFReportData'!$D$500),0)),"")} -> 0 | Q56: {=IFERROR(INDEX(SFReportData!$F$2:$F$500,MATCH(1,($I56=SFReportData!$A$2:$A$500)*(Q$1=SFReportData!$D$2:'SFReportData'!$D$500),0)),"")} -> 0 | R56: {=IFERROR(INDEX(SFReportData!$F$2:$F$500,MATCH(1,($I56=SFReportData!$A$2:$A$500)*(R$1=SFReportData!$D$2:'SFReportData'!$D$500),0)),"")} -> 0 | S56: {=IFERROR(INDEX(SFReportData!$F$2:$F$500,MATCH(1,($I56=SFReportData!$A$2:$A$500)*(S$1=SFReportData!$D$2:'SFReportData'!$D$500),0)),"")} -> 0 | T56: {=IFERROR(INDEX(SFReportData!$G$2:$G$500,MATCH(1,($I56=SFReportData!$A$2:$A$500)*(T$1=SFReportData!$D$2:'SFReportData'!$D$500),0)),"")} -> 0 | U56: {=IFERROR(INDEX(SFReportData!$G$2:$G$500,MATCH(1,($I56=SFReportData!$A$2:$A$500)*(U$1=SFReportData!$D$2:'SFReportData'!$D$500),0)),"")} -> 0 | V56: {=IFERROR(INDEX(SFReportData!$G$2:$G$500,MATCH(1,($I56=SFReportData!$A$2:$A$500)*(V$1=SFReportData!$D$2:'SFReportData'!$D$500),0)),"")} -> 0 | W56: {=IFERROR(INDEX(SFReportData!$G$2:$G$500,MATCH(1,($I56=SFReportData!$A$2:$A$500)*(W$1=SFReportData!$D$2:'SFReportData'!$D$500),0)),"")} -> 0 | X56: {=IFERROR(INDEX(SFReportData!$G$2:$G$500,MATCH(1,($I56=SFReportData!$A$2:$A$500)*(X$1=SFReportData!$D$2:'SFReportData'!$D$500),0)),"")} -> 0 | Z56: =O56 -> 0 | AA56: =T56 -> 0 | AB56: =J56 -> 0 | AC56: =P56 -> 0 | AD56: =U56 -> 0 | AE56: =K56 -> 0 | AF56: =Q56 -> 0 | AG56: =V56 -> 0 | AH56: =L56 -> 0 | AI56: =R56 -> 0 | AJ56: =W56 -> 0 | AK56: =M56 -> 0 | AL56: =S56 -> 0 | AM56: =X56 -> 0 | AN56: =N56 -> 0
A57: {=IF(IFERROR(INDEX(SFReportData!$A$2:'SFReportData'!$A$500, MATCH(0, COUNTIF(TransformData!$A$2:'TransformData'!$A56, SFReportData!$A$2:'SFReportData'!$A$500), 0)),"") = 0,"", IFERROR(INDEX(SFReportData!$A$2:'SFReportData'!$A$500, MATCH(0, COUNTIF(TransformData!$A$2:'TransformData'!$A56, SFReportData!$A$2:'SFReportData'!$A$500), 0)),""))} | B57: =IFERROR(VLOOKUP(A57,SFReportData!$A$2:$B$500,2,0),"") | C57: =IFERROR(VLOOKUP(A57,SFReportData!$A$2:$C$500,3,0),"") | E57: =IFERROR(VLOOKUP(A57,SFReportData!$A$2:$J$500,10,0),"") | F57: =IFERROR(VLOOKUP(A57,SFReportData!$A$2:$K$500,10,0),"") | H57: =IFERROR(VLOOKUP(B57,SFReportData!B56:H554,7,0),"") | I57: {=CELL("contents",A57)} | J57: {=IFERROR(INDEX(SFReportData!$E$2:$E$500,MATCH(1,($I57=SFReportData!$A$2:$A$500)*(J$1=SFReportData!$D$2:'SFReportData'!$D$500),0)),"")} -> 0 | K57: {=IFERROR(INDEX(SFReportData!$E$2:$E$500,MATCH(1,($I57=SFReportData!$A$2:$A$500)*(K$1=SFReportData!$D$2:'SFReportData'!$D$500),0)),"")} -> 0 | L57: {=IFERROR(INDEX(SFReportData!$E$2:$E$500,MATCH(1,($I57=SFReportData!$A$2:$A$500)*(L$1=SFReportData!$D$2:'SFReportData'!$D$500),0)),"")} -> 0 | M57: {=IFERROR(INDEX(SFReportData!$E$2:$E$500,MATCH(1,($I57=SFReportData!$A$2:$A$500)*(M$1=SFReportData!$D$2:'SFReportData'!$D$500),0)),"")} -> 0 | N57: {=IFERROR(INDEX(SFReportData!$E$2:$E$500,MATCH(1,($I57=SFReportData!$A$2:$A$500)*(N$1=SFReportData!$D$2:'SFReportData'!$D$500),0)),"")} -> 0 | O57: {=IFERROR(INDEX(SFReportData!$F$2:$F$500,MATCH(1,($I57=SFReportData!$A$2:$A$500)*(O$1=SFReportData!$D$2:'SFReportData'!$D$500),0)),"")} -> 0 | P57: {=IFERROR(INDEX(SFReportData!$F$2:$F$500,MATCH(1,($I57=SFReportData!$A$2:$A$500)*(P$1=SFReportData!$D$2:'SFReportData'!$D$500),0)),"")} -> 0 | Q57: {=IFERROR(INDEX(SFReportData!$F$2:$F$500,MATCH(1,($I57=SFReportData!$A$2:$A$500)*(Q$1=SFReportData!$D$2:'SFReportData'!$D$500),0)),"")} -> 0 | R57: {=IFERROR(INDEX(SFReportData!$F$2:$F$500,MATCH(1,($I57=SFReportData!$A$2:$A$500)*(R$1=SFReportData!$D$2:'SFReportData'!$D$500),0)),"")} -> 0 | S57: {=IFERROR(INDEX(SFReportData!$F$2:$F$500,MATCH(1,($I57=SFReportData!$A$2:$A$500)*(S$1=SFReportData!$D$2:'SFReportData'!$D$500),0)),"")} -> 0 | T57: {=IFERROR(INDEX(SFReportData!$G$2:$G$500,MATCH(1,($I57=SFReportData!$A$2:$A$500)*(T$1=SFReportData!$D$2:'SFReportData'!$D$500),0)),"")} -> 0 | U57: {=IFERROR(INDEX(SFReportData!$G$2:$G$500,MATCH(1,($I57=SFReportData!$A$2:$A$500)*(U$1=SFReportData!$D$2:'SFReportData'!$D$500),0)),"")} -> 0 | V57: {=IFERROR(INDEX(SFReportData!$G$2:$G$500,MATCH(1,($I57=SFReportData!$A$2:$A$500)*(V$1=SFReportData!$D$2:'SFReportData'!$D$500),0)),"")} -> 0 | W57: {=IFERROR(INDEX(SFReportData!$G$2:$G$500,MATCH(1,($I57=SFReportData!$A$2:$A$500)*(W$1=SFReportData!$D$2:'SFReportData'!$D$500),0)),"")} -> 0 | X57: {=IFERROR(INDEX(SFReportData!$G$2:$G$500,MATCH(1,($I57=SFReportData!$A$2:$A$500)*(X$1=SFReportData!$D$2:'SFReportData'!$D$500),0)),"")} -> 0 | Z57: =O57 -> 0 | AA57: =T57 -> 0 | AB57: =J57 -> 0 | AC57: =P57 -> 0 | AD57: =U57 -> 0 | AE57: =K57 -> 0 | AF57: =Q57 -> 0 | AG57: =V57 -> 0 | AH57: =L57 -> 0 | AI57: =R57 -> 0 | AJ57: =W57 -> 0 | AK57: =M57 -> 0 | AL57: =S57 -> 0 | AM57: =X57 -> 0 | AN57: =N57 -> 0
A58: {=IF(IFERROR(INDEX(SFReportData!$A$2:'SFReportData'!$A$500, MATCH(0, COUNTIF(TransformData!$A$2:'TransformData'!$A57, SFReportData!$A$2:'SFReportData'!$A$500), 0)),"") = 0,"", IFERROR(INDEX(SFReportData!$A$2:'SFReportData'!$A$500, MATCH(0, COUNTIF(TransformData!$A$2:'TransformData'!$A57, SFReportData!$A$2:'SFReportData'!$A$500), 0)),""))} | B58: =IFERROR(VLOOKUP(A58,SFReportData!$A$2:$B$500,2,0),"") | C58: =IFERROR(VLOOKUP(A58,SFReportData!$A$2:$C$500,3,0),"") | E58: =IFERROR(VLOOKUP(A58,SFReportData!$A$2:$J$500,10,0),"") | F58: =IFERROR(VLOOKUP(A58,SFReportData!$A$2:$K$500,10,0),"") | H58: =IFERROR(VLOOKUP(B58,SFReportData!B57:H555,7,0),"") | I58: {=CELL("contents",A58)} | J58: {=IFERROR(INDEX(SFReportData!$E$2:$E$500,MATCH(1,($I58=SFReportData!$A$2:$A$500)*(J$1=SFReportData!$D$2:'SFReportData'!$D$500),0)),"")} -> 0 | K58: {=IFERROR(INDEX(SFReportData!$E$2:$E$500,MATCH(1,($I58=SFReportData!$A$2:$A$500)*(K$1=SFReportData!$D$2:'SFReportData'!$D$500),0)),"")} -> 0 | L58: {=IFERROR(INDEX(SFReportData!$E$2:$E$500,MATCH(1,($I58=SFReportData!$A$2:$A$500)*(L$1=SFReportData!$D$2:'SFReportData'!$D$500),0)),"")} -> 0 | M58: {=IFERROR(INDEX(SFReportData!$E$2:$E$500,MATCH(1,($I58=SFReportData!$A$2:$A$500)*(M$1=SFReportData!$D$2:'SFReportData'!$D$500),0)),"")} -> 0 | N58: {=IFERROR(INDEX(SFReportData!$E$2:$E$500,MATCH(1,($I58=SFReportData!$A$2:$A$500)*(N$1=SFReportData!$D$2:'SFReportData'!$D$500),0)),"")} -> 0 | O58: {=IFERROR(INDEX(SFReportData!$F$2:$F$500,MATCH(1,($I58=SFReportData!$A$2:$A$500)*(O$1=SFReportData!$D$2:'SFReportData'!$D$500),0)),"")} -> 0 | P58: {=IFERROR(INDEX(SFReportData!$F$2:$F$500,MATCH(1,($I58=SFReportData!$A$2:$A$500)*(P$1=SFReportData!$D$2:'SFReportData'!$D$500),0)),"")} -> 0 | Q58: {=IFERROR(INDEX(SFReportData!$F$2:$F$500,MATCH(1,($I58=SFReportData!$A$2:$A$500)*(Q$1=SFReportData!$D$2:'SFReportData'!$D$500),0)),"")} -> 0 | R58: {=IFERROR(INDEX(SFReportData!$F$2:$F$500,MATCH(1,($I58=SFReportData!$A$2:$A$500)*(R$1=SFReportData!$D$2:'SFReportData'!$D$500),0)),"")} -> 0 | S58: {=IFERROR(INDEX(SFReportData!$F$2:$F$500,MATCH(1,($I58=SFReportData!$A$2:$A$500)*(S$1=SFReportData!$D$2:'SFReportData'!$D$500),0)),"")} -> 0 | T58: {=IFERROR(INDEX(SFReportData!$G$2:$G$500,MATCH(1,($I58=SFReportData!$A$2:$A$500)*(T$1=SFReportData!$D$2:'SFReportData'!$D$500),0)),"")} -> 0 | U58: {=IFERROR(INDEX(SFReportData!$G$2:$G$500,MATCH(1,($I58=SFReportData!$A$2:$A$500)*(U$1=SFReportData!$D$2:'SFReportData'!$D$500),0)),"")} -> 0 | V58: {=IFERROR(INDEX(SFReportData!$G$2:$G$500,MATCH(1,($I58=SFReportData!$A$2:$A$500)*(V$1=SFReportData!$D$2:'SFReportData'!$D$500),0)),"")} -> 0 | W58: {=IFERROR(INDEX(SFReportData!$G$2:$G$500,MATCH(1,($I58=SFReportData!$A$2:$A$500)*(W$1=SFReportData!$D$2:'SFReportData'!$D$500),0)),"")} -> 0 | X58: {=IFERROR(INDEX(SFReportData!$G$2:$G$500,MATCH(1,($I58=SFReportData!$A$2:$A$500)*(X$1=SFReportData!$D$2:'SFReportData'!$D$500),0)),"")} -> 0 | Z58: =O58 -> 0 | AA58: =T58 -> 0 | AB58: =J58 -> 0 | AC58: =P58 -> 0 | AD58: =U58 -> 0 | AE58: =K58 -> 0 | AF58: =Q58 -> 0 | AG58: =V58 -> 0 | AH58: =L58 -> 0 | AI58: =R58 -> 0 | AJ58: =W58 -> 0 | AK58: =M58 -> 0 | AL58: =S58 -> 0 | AM58: =X58 -> 0 | AN58: =N58 -> 0
A59: {=IF(IFERROR(INDEX(SFReportData!$A$2:'SFReportData'!$A$500, MATCH(0, COUNTIF(TransformData!$A$2:'TransformData'!$A58, SFReportData!$A$2:'SFReportData'!$A$500), 0)),"") = 0,"", IFERROR(INDEX(SFReportData!$A$2:'SFReportData'!$A$500, MATCH(0, COUNTIF(TransformData!$A$2:'TransformData'!$A58, SFReportData!$A$2:'SFReportData'!$A$500), 0)),""))} | B59: =IFERROR(VLOOKUP(A59,SFReportData!$A$2:$B$500,2,0),"") | C59: =IFERROR(VLOOKUP(A59,SFReportData!$A$2:$C$500,3,0),"") | E59: =IFERROR(VLOOKUP(A59,SFReportData!$A$2:$J$500,10,0),"") | F59: =IFERROR(VLOOKUP(A59,SFReportData!$A$2:$K$500,10,0),"") | H59: =IFERROR(VLOOKUP(B59,SFReportData!B58:H556,7,0),"") | I59: {=CELL("contents",A59)} | J59: {=IFERROR(INDEX(SFReportData!$E$2:$E$500,MATCH(1,($I59=SFReportData!$A$2:$A$500)*(J$1=SFReportData!$D$2:'SFReportData'!$D$500),0)),"")} -> 0 | K59: {=IFERROR(INDEX(SFReportData!$E$2:$E$500,MATCH(1,($I59=SFReportData!$A$2:$A$500)*(K$1=SFReportData!$D$2:'SFReportData'!$D$500),0)),"")} -> 0 | L59: {=IFERROR(INDEX(SFReportData!$E$2:$E$500,MATCH(1,($I59=SFReportData!$A$2:$A$500)*(L$1=SFReportData!$D$2:'SFReportData'!$D$500),0)),"")} -> 0 | M59: {=IFERROR(INDEX(SFReportData!$E$2:$E$500,MATCH(1,($I59=SFReportData!$A$2:$A$500)*(M$1=SFReportData!$D$2:'SFReportData'!$D$500),0)),"")} -> 0 | N59: {=IFERROR(INDEX(SFReportData!$E$2:$E$500,MATCH(1,($I59=SFReportData!$A$2:$A$500)*(N$1=SFReportData!$D$2:'SFReportData'!$D$500),0)),"")} -> 0 | O59: {=IFERROR(INDEX(SFReportData!$F$2:$F$500,MATCH(1,($I59=SFReportData!$A$2:$A$500)*(O$1=SFReportData!$D$2:'SFReportData'!$D$500),0)),"")} -> 0 | P59: {=IFERROR(INDEX(SFReportData!$F$2:$F$500,MATCH(1,($I59=SFReportData!$A$2:$A$500)*(P$1=SFReportData!$D$2:'SFReportData'!$D$500),0)),"")} -> 0 | Q59: {=IFERROR(INDEX(SFReportData!$F$2:$F$500,MATCH(1,($I59=SFReportData!$A$2:$A$500)*(Q$1=SFReportData!$D$2:'SFReportData'!$D$500),0)),"")} -> 0 | R59: {=IFERROR(INDEX(SFReportData!$F$2:$F$500,MATCH(1,($I59=SFReportData!$A$2:$A$500)*(R$1=SFReportData!$D$2:'SFReportData'!$D$500),0)),"")} -> 0 | S59: {=IFERROR(INDEX(SFReportData!$F$2:$F$500,MATCH(1,($I59=SFReportData!$A$2:$A$500)*(S$1=SFReportData!$D$2:'SFReportData'!$D$500),0)),"")} -> 0 | T59: {=IFERROR(INDEX(SFReportData!$G$2:$G$500,MATCH(1,($I59=SFReportData!$A$2:$A$500)*(T$1=SFReportData!$D$2:'SFReportData'!$D$500),0)),"")} -> 0 | U59: {=IFERROR(INDEX(SFReportData!$G$2:$G$500,MATCH(1,($I59=SFReportData!$A$2:$A$500)*(U$1=SFReportData!$D$2:'SFReportData'!$D$500),0)),"")} -> 0 | V59: {=IFERROR(INDEX(SFReportData!$G$2:$G$500,MATCH(1,($I59=SFReportData!$A$2:$A$500)*(V$1=SFReportData!$D$2:'SFReportData'!$D$500),0)),"")} -> 0 | W59: {=IFERROR(INDEX(SFReportData!$G$2:$G$500,MATCH(1,($I59=SFReportData!$A$2:$A$500)*(W$1=SFReportData!$D$2:'SFReportData'!$D$500),0)),"")} -> 0 | X59: {=IFERROR(INDEX(SFReportData!$G$2:$G$500,MATCH(1,($I59=SFReportData!$A$2:$A$500)*(X$1=SFReportData!$D$2:'SFReportData'!$D$500),0)),"")} -> 0 | Z59: =O59 -> 0 | AA59: =T59 -> 0 | AB59: =J59 -> 0 | AC59: =P59 -> 0 | AD59: =U59 -> 0 | AE59: =K59 -> 0 | AF59: =Q59 -> 0 | AG59: =V59 -> 0 | AH59: =L59 -> 0 | AI59: =R59 -> 0 | AJ59: =W59 -> 0 | AK59: =M59 -> 0 | AL59: =S59 -> 0 | AM59: =X59 -> 0 | AN59: =N59 -> 0
A60: {=IF(IFERROR(INDEX(SFReportData!$A$2:'SFReportData'!$A$500, MATCH(0, COUNTIF(TransformData!$A$2:'TransformData'!$A59, SFReportData!$A$2:'SFReportData'!$A$500), 0)),"") = 0,"", IFERROR(INDEX(SFReportData!$A$2:'SFReportData'!$A$500, MATCH(0, COUNTIF(TransformData!$A$2:'TransformData'!$A59, SFReportData!$A$2:'SFReportData'!$A$500), 0)),""))} | B60: =IFERROR(VLOOKUP(A60,SFReportData!$A$2:$B$500,2,0),"") | C60: =IFERROR(VLOOKUP(A60,SFReportData!$A$2:$C$500,3,0),"") | E60: =IFERROR(VLOOKUP(A60,SFReportData!$A$2:$J$500,10,0),"") | F60: =IFERROR(VLOOKUP(A60,SFReportData!$A$2:$K$500,10,0),"") | H60: =IFERROR(VLOOKUP(B60,SFReportData!B59:H557,7,0),"") | I60: {=CELL("contents",A60)} | J60: {=IFERROR(INDEX(SFReportData!$E$2:$E$500,MATCH(1,($I60=SFReportData!$A$2:$A$500)*(J$1=SFReportData!$D$2:'SFReportData'!$D$500),0)),"")} -> 0 | K60: {=IFERROR(INDEX(SFReportData!$E$2:$E$500,MATCH(1,($I60=SFReportData!$A$2:$A$500)*(K$1=SFReportData!$D$2:'SFReportData'!$D$500),0)),"")} -> 0 | L60: {=IFERROR(INDEX(SFReportData!$E$2:$E$500,MATCH(1,($I60=SFReportData!$A$2:$A$500)*(L$1=SFReportData!$D$2:'SFReportData'!$D$500),0)),"")} -> 0 | M60: {=IFERROR(INDEX(SFReportData!$E$2:$E$500,MATCH(1,($I60=SFReportData!$A$2:$A$500)*(M$1=SFReportData!$D$2:'SFReportData'!$D$500),0)),"")} -> 0 | N60: {=IFERROR(INDEX(SFReportData!$E$2:$E$500,MATCH(1,($I60=SFReportData!$A$2:$A$500)*(N$1=SFReportData!$D$2:'SFReportData'!$D$500),0)),"")} -> 0 | O60: {=IFERROR(INDEX(SFReportData!$F$2:$F$500,MATCH(1,($I60=SFReportData!$A$2:$A$500)*(O$1=SFReportData!$D$2:'SFReportData'!$D$500),0)),"")} -> 0 | P60: {=IFERROR(INDEX(SFReportData!$F$2:$F$500,MATCH(1,($I60=SFReportData!$A$2:$A$500)*(P$1=SFReportData!$D$2:'SFReportData'!$D$500),0)),"")} -> 0 | Q60: {=IFERROR(INDEX(SFReportData!$F$2:$F$500,MATCH(1,($I60=SFReportData!$A$2:$A$500)*(Q$1=SFReportData!$D$2:'SFReportData'!$D$500),0)),"")} -> 0 | R60: {=IFERROR(INDEX(SFReportData!$F$2:$F$500,MATCH(1,($I60=SFReportData!$A$2:$A$500)*(R$1=SFReportData!$D$2:'SFReportData'!$D$500),0)),"")} -> 0 | S60: {=IFERROR(INDEX(SFReportData!$F$2:$F$500,MATCH(1,($I60=SFReportData!$A$2:$A$500)*(S$1=SFReportData!$D$2:'SFReportData'!$D$500),0)),"")} -> 0 | T60: {=IFERROR(INDEX(SFReportData!$G$2:$G$500,MATCH(1,($I60=SFReportData!$A$2:$A$500)*(T$1=SFReportData!$D$2:'SFReportData'!$D$500),0)),"")} -> 0 | U60: {=IFERROR(INDEX(SFReportData!$G$2:$G$500,MATCH(1,($I60=SFReportData!$A$2:$A$500)*(U$1=SFReportData!$D$2:'SFReportData'!$D$500),0)),"")} -> 0 | V60: {=IFERROR(INDEX(SFReportData!$G$2:$G$500,MATCH(1,($I60=SFReportData!$A$2:$A$500)*(V$1=SFReportData!$D$2:'SFReportData'!$D$500),0)),"")} -> 0 | W60: {=IFERROR(INDEX(SFReportData!$G$2:$G$500,MATCH(1,($I60=SFReportData!$A$2:$A$500)*(W$1=SFReportData!$D$2:'SFReportData'!$D$500),0)),"")} -> 0 | X60: {=IFERROR(INDEX(SFReportData!$G$2:$G$500,MATCH(1,($I60=SFReportData!$A$2:$A$500)*(X$1=SFReportData!$D$2:'SFReportData'!$D$500),0)),"")} -> 0 | Z60: =O60 -> 0 | AA60: =T60 -> 0 | AB60: =J60 -> 0 | AC60: =P60 -> 0 | AD60: =U60 -> 0 | AE60: =K60 -> 0 | AF60: =Q60 -> 0 | AG60: =V60 -> 0 | AH60: =L60 -> 0 | AI60: =R60 -> 0 | AJ60: =W60 -> 0 | AK60: =M60 -> 0 | AL60: =S60 -> 0 | AM60: =X60 -> 0 | AN60: =N60 -> 0
A61: {=IF(IFERROR(INDEX(SFReportData!$A$2:'SFReportData'!$A$500, MATCH(0, COUNTIF(TransformData!$A$2:'TransformData'!$A60, SFReportData!$A$2:'SFReportData'!$A$500), 0)),"") = 0,"", IFERROR(INDEX(SFReportData!$A$2:'SFReportData'!$A$500, MATCH(0, COUNTIF(TransformData!$A$2:'TransformData'!$A60, SFReportData!$A$2:'SFReportData'!$A$500), 0)),""))} | B61: =IFERROR(VLOOKUP(A61,SFReportData!$A$2:$B$500,2,0),"") | C61: =IFERROR(VLOOKUP(A61,SFReportData!$A$2:$C$500,3,0),"") | E61: =IFERROR(VLOOKUP(A61,SFReportData!$A$2:$J$500,10,0),"") | F61: =IFERROR(VLOOKUP(A61,SFReportData!$A$2:$K$500,10,0),"") | H61: =IFERROR(VLOOKUP(B61,SFReportData!B60:H558,7,0),"") | I61: {=CELL("contents",A61)} | J61: {=IFERROR(INDEX(SFReportData!$E$2:$E$500,MATCH(1,($I61=SFReportData!$A$2:$A$500)*(J$1=SFReportData!$D$2:'SFReportData'!$D$500),0)),"")} -> 0 | K61: {=IFERROR(INDEX(SFReportData!$E$2:$E$500,MATCH(1,($I61=SFReportData!$A$2:$A$500)*(K$1=SFReportData!$D$2:'SFReportData'!$D$500),0)),"")} -> 0 | L61: {=IFERROR(INDEX(SFReportData!$E$2:$E$500,MATCH(1,($I61=SFReportData!$A$2:$A$500)*(L$1=SFReportData!$D$2:'SFReportData'!$D$500),0)),"")} -> 0 | M61: {=IFERROR(INDEX(SFReportData!$E$2:$E$500,MATCH(1,($I61=SFReportData!$A$2:$A$500)*(M$1=SFReportData!$D$2:'SFReportData'!$D$500),0)),"")} -> 0 | N61: {=IFERROR(INDEX(SFReportData!$E$2:$E$500,MATCH(1,($I61=SFReportData!$A$2:$A$500)*(N$1=SFReportData!$D$2:'SFReportData'!$D$500),0)),"")} -> 0 | O61: {=IFERROR(INDEX(SFReportData!$F$2:$F$500,MATCH(1,($I61=SFReportData!$A$2:$A$500)*(O$1=SFReportData!$D$2:'SFReportData'!$D$500),0)),"")} -> 0 | P61: {=IFERROR(INDEX(SFReportData!$F$2:$F$500,MATCH(1,($I61=SFReportData!$A$2:$A$500)*(P$1=SFReportData!$D$2:'SFReportData'!$D$500),0)),"")} -> 0 | Q61: {=IFERROR(INDEX(SFReportData!$F$2:$F$500,MATCH(1,($I61=SFReportData!$A$2:$A$500)*(Q$1=SFReportData!$D$2:'SFReportData'!$D$500),0)),"")} -> 0 | R61: {=IFERROR(INDEX(SFReportData!$F$2:$F$500,MATCH(1,($I61=SFReportData!$A$2:$A$500)*(R$1=SFReportData!$D$2:'SFReportData'!$D$500),0)),"")} -> 0 | S61: {=IFERROR(INDEX(SFReportData!$F$2:$F$500,MATCH(1,($I61=SFReportData!$A$2:$A$500)*(S$1=SFReportData!$D$2:'SFReportData'!$D$500),0)),"")} -> 0 | T61: {=IFERROR(INDEX(SFReportData!$G$2:$G$500,MATCH(1,($I61=SFReportData!$A$2:$A$500)*(T$1=SFReportData!$D$2:'SFReportData'!$D$500),0)),"")} -> 0 | U61: {=IFERROR(INDEX(SFReportData!$G$2:$G$500,MATCH(1,($I61=SFReportData!$A$2:$A$500)*(U$1=SFReportData!$D$2:'SFReportData'!$D$500),0)),"")} -> 0 | V61: {=IFERROR(INDEX(SFReportData!$G$2:$G$500,MATCH(1,($I61=SFReportData!$A$2:$A$500)*(V$1=SFReportData!$D$2:'SFReportData'!$D$500),0)),"")} -> 0 | W61: {=IFERROR(INDEX(SFReportData!$G$2:$G$500,MATCH(1,($I61=SFReportData!$A$2:$A$500)*(W$1=SFReportData!$D$2:'SFReportData'!$D$500),0)),"")} -> 0 | X61: {=IFERROR(INDEX(SFReportData!$G$2:$G$500,MATCH(1,($I61=SFReportData!$A$2:$A$500)*(X$1=SFReportData!$D$2:'SFReportData'!$D$500),0)),"")} -> 0 | Z61: =O61 -> 0 | AA61: =T61 -> 0 | AB61: =J61 -> 0 | AC61: =P61 -> 0 | AD61: =U61 -> 0 | AE61: =K61 -> 0 | AF61: =Q61 -> 0 | AG61: =V61 -> 0 | AH61: =L61 -> 0 | AI61: =R61 -> 0 | AJ61: =W61 -> 0 | AK61: =M61 -> 0 | AL61: =S61 -> 0 | AM61: =X61 -> 0 | AN61: =N61 -> 0
A62: {=IF(IFERROR(INDEX(SFReportData!$A$2:'SFReportData'!$A$500, MATCH(0, COUNTIF(TransformData!$A$2:'TransformData'!$A61, SFReportData!$A$2:'SFReportData'!$A$500), 0)),"") = 0,"", IFERROR(INDEX(SFReportData!$A$2:'SFReportData'!$A$500, MATCH(0, COUNTIF(TransformData!$A$2:'TransformData'!$A61, SFReportData!$A$2:'SFReportData'!$A$500), 0)),""))} | B62: =IFERROR(VLOOKUP(A62,SFReportData!$A$2:$B$500,2,0),"") | C62: =IFERROR(VLOOKUP(A62,SFReportData!$A$2:$C$500,3,0),"") | E62: =IFERROR(VLOOKUP(A62,SFReportData!$A$2:$J$500,10,0),"") | F62: =IFERROR(VLOOKUP(A62,SFReportData!$A$2:$K$500,10,0),"") | H62: =IFERROR(VLOOKUP(B62,SFReportData!B61:H559,7,0),"") | I62: {=CELL("contents",A62)} | J62: {=IFERROR(INDEX(SFReportData!$E$2:$E$500,MATCH(1,($I62=SFReportData!$A$2:$A$500)*(J$1=SFReportData!$D$2:'SFReportData'!$D$500),0)),"")} -> 0 | K62: {=IFERROR(INDEX(SFReportData!$E$2:$E$500,MATCH(1,($I62=SFReportData!$A$2:$A$500)*(K$1=SFReportData!$D$2:'SFReportData'!$D$500),0)),"")} -> 0 | L62: {=IFERROR(INDEX(SFReportData!$E$2:$E$500,MATCH(1,($I62=SFReportData!$A$2:$A$500)*(L$1=SFReportData!$D$2:'SFReportData'!$D$500),0)),"")} -> 0 | M62: {=IFERROR(INDEX(SFReportData!$E$2:$E$500,MATCH(1,($I62=SFReportData!$A$2:$A$500)*(M$1=SFReportData!$D$2:'SFReportData'!$D$500),0)),"")} -> 0 | N62: {=IFERROR(INDEX(SFReportData!$E$2:$E$500,MATCH(1,($I62=SFReportData!$A$2:$A$500)*(N$1=SFReportData!$D$2:'SFReportData'!$D$500),0)),"")} -> 0 | O62: {=IFERROR(INDEX(SFReportData!$F$2:$F$500,MATCH(1,($I62=SFReportData!$A$2:$A$500)*(O$1=SFReportData!$D$2:'SFReportData'!$D$500),0)),"")} -> 0 | P62: {=IFERROR(INDEX(SFReportData!$F$2:$F$500,MATCH(1,($I62=SFReportData!$A$2:$A$500)*(P$1=SFReportData!$D$2:'SFReportData'!$D$500),0)),"")} -> 0 | Q62: {=IFERROR(INDEX(SFReportData!$F$2:$F$500,MATCH(1,($I62=SFReportData!$A$2:$A$500)*(Q$1=SFReportData!$D$2:'SFReportData'!$D$500),0)),"")} -> 0 | R62: {=IFERROR(INDEX(SFReportData!$F$2:$F$500,MATCH(1,($I62=SFReportData!$A$2:$A$500)*(R$1=SFReportData!$D$2:'SFReportData'!$D$500),0)),"")} -> 0 | S62: {=IFERROR(INDEX(SFReportData!$F$2:$F$500,MATCH(1,($I62=SFReportData!$A$2:$A$500)*(S$1=SFReportData!$D$2:'SFReportData'!$D$500),0)),"")} -> 0 | T62: {=IFERROR(INDEX(SFReportData!$G$2:$G$500,MATCH(1,($I62=SFReportData!$A$2:$A$500)*(T$1=SFReportData!$D$2:'SFReportData'!$D$500),0)),"")} -> 0 | U62: {=IFERROR(INDEX(SFReportData!$G$2:$G$500,MATCH(1,($I62=SFReportData!$A$2:$A$500)*(U$1=SFReportData!$D$2:'SFReportData'!$D$500),0)),"")} -> 0 | V62: {=IFERROR(INDEX(SFReportData!$G$2:$G$500,MATCH(1,($I62=SFReportData!$A$2:$A$500)*(V$1=SFReportData!$D$2:'SFReportData'!$D$500),0)),"")} -> 0 | W62: {=IFERROR(INDEX(SFReportData!$G$2:$G$500,MATCH(1,($I62=SFReportData!$A$2:$A$500)*(W$1=SFReportData!$D$2:'SFReportData'!$D$500),0)),"")} -> 0 | X62: {=IFERROR(INDEX(SFReportData!$G$2:$G$500,MATCH(1,($I62=SFReportData!$A$2:$A$500)*(X$1=SFReportData!$D$2:'SFReportData'!$D$500),0)),"")} -> 0 | Z62: =O62 -> 0 | AA62: =T62 -> 0 | AB62: =J62 -> 0 | AC62: =P62 -> 0 | AD62: =U62 -> 0 | AE62: =K62 -> 0 | AF62: =Q62 -> 0 | AG62: =V62 -> 0 | AH62: =L62 -> 0 | AI62: =R62 -> 0 | AJ62: =W62 -> 0 | AK62: =M62 -> 0 | AL62: =S62 -> 0 | AM62: =X62 -> 0 | AN62: =N62 -> 0
A63: {=IF(IFERROR(INDEX(SFReportData!$A$2:'SFReportData'!$A$500, MATCH(0, COUNTIF(TransformData!$A$2:'TransformData'!$A62, SFReportData!$A$2:'SFReportData'!$A$500), 0)),"") = 0,"", IFERROR(INDEX(SFReportData!$A$2:'SFReportData'!$A$500, MATCH(0, COUNTIF(TransformData!$A$2:'TransformData'!$A62, SFReportData!$A$2:'SFReportData'!$A$500), 0)),""))} | B63: =IFERROR(VLOOKUP(A63,SFReportData!$A$2:$B$500,2,0),"") | C63: =IFERROR(VLOOKUP(A63,SFReportData!$A$2:$C$500,3,0),"") | E63: =IFERROR(VLOOKUP(A63,SFReportData!$A$2:$J$500,10,0),"") | F63: =IFERROR(VLOOKUP(A63,SFReportData!$A$2:$K$500,10,0),"") | H63: =IFERROR(VLOOKUP(B63,SFReportData!B62:H560,7,0),"") | I63: {=CELL("contents",A63)} | J63: {=IFERROR(INDEX(SFReportData!$E$2:$E$500,MATCH(1,($I63=SFReportData!$A$2:$A$500)*(J$1=SFReportData!$D$2:'SFReportData'!$D$500),0)),"")} -> 0 | K63: {=IFERROR(INDEX(SFReportData!$E$2:$E$500,MATCH(1,($I63=SFReportData!$A$2:$A$500)*(K$1=SFReportData!$D$2:'SFReportData'!$D$500),0)),"")} -> 0 | L63: {=IFERROR(INDEX(SFReportData!$E$2:$E$500,MATCH(1,($I63=SFReportData!$A$2:$A$500)*(L$1=SFReportData!$D$2:'SFReportData'!$D$500),0)),"")} -> 0 | M63: {=IFERROR(INDEX(SFReportData!$E$2:$E$500,MATCH(1,($I63=SFReportData!$A$2:$A$500)*(M$1=SFReportData!$D$2:'SFReportData'!$D$500),0)),"")} -> 0 | N63: {=IFERROR(INDEX(SFReportData!$E$2:$E$500,MATCH(1,($I63=SFReportData!$A$2:$A$500)*(N$1=SFReportData!$D$2:'SFReportData'!$D$500),0)),"")} -> 0 | O63: {=IFERROR(INDEX(SFReportData!$F$2:$F$500,MATCH(1,($I63=SFReportData!$A$2:$A$500)*(O$1=SFReportData!$D$2:'SFReportData'!$D$500),0)),"")} -> 0 | P63: {=IFERROR(INDEX(SFReportData!$F$2:$F$500,MATCH(1,($I63=SFReportData!$A$2:$A$500)*(P$1=SFReportData!$D$2:'SFReportData'!$D$500),0)),"")} -> 0 | Q63: {=IFERROR(INDEX(SFReportData!$F$2:$F$500,MATCH(1,($I63=SFReportData!$A$2:$A$500)*(Q$1=SFReportData!$D$2:'SFReportData'!$D$500),0)),"")} -> 0 | R63: {=IFERROR(INDEX(SFReportData!$F$2:$F$500,MATCH(1,($I63=SFReportData!$A$2:$A$500)*(R$1=SFReportData!$D$2:'SFReportData'!$D$500),0)),"")} -> 0 | S63: {=IFERROR(INDEX(SFReportData!$F$2:$F$500,MATCH(1,($I63=SFReportData!$A$2:$A$500)*(S$1=SFReportData!$D$2:'SFReportData'!$D$500),0)),"")} -> 0 | T63: {=IFERROR(INDEX(SFReportData!$G$2:$G$500,MATCH(1,($I63=SFReportData!$A$2:$A$500)*(T$1=SFReportData!$D$2:'SFReportData'!$D$500),0)),"")} -> 0 | U63: {=IFERROR(INDEX(SFReportData!$G$2:$G$500,MATCH(1,($I63=SFReportData!$A$2:$A$500)*(U$1=SFReportData!$D$2:'SFReportData'!$D$500),0)),"")} -> 0 | V63: {=IFERROR(INDEX(SFReportData!$G$2:$G$500,MATCH(1,($I63=SFReportData!$A$2:$A$500)*(V$1=SFReportData!$D$2:'SFReportData'!$D$500),0)),"")} -> 0 | W63: {=IFERROR(INDEX(SFReportData!$G$2:$G$500,MATCH(1,($I63=SFReportData!$A$2:$A$500)*(W$1=SFReportData!$D$2:'SFReportData'!$D$500),0)),"")} -> 0 | X63: {=IFERROR(INDEX(SFReportData!$G$2:$G$500,MATCH(1,($I63=SFReportData!$A$2:$A$500)*(X$1=SFReportData!$D$2:'SFReportData'!$D$500),0)),"")} -> 0 | Z63: =O63 -> 0 | AA63: =T63 -> 0 | AB63: =J63 -> 0 | AC63: =P63 -> 0 | AD63: =U63 -> 0 | AE63: =K63 -> 0 | AF63: =Q63 -> 0 | AG63: =V63 -> 0 | AH63: =L63 -> 0 | AI63: =R63 -> 0 | AJ63: =W63 -> 0 | AK63: =M63 -> 0 | AL63: =S63 -> 0 | AM63: =X63 -> 0 | AN63: =N63 -> 0
A64: {=IF(IFERROR(INDEX(SFReportData!$A$2:'SFReportData'!$A$500, MATCH(0, COUNTIF(TransformData!$A$2:'TransformData'!$A63, SFReportData!$A$2:'SFReportData'!$A$500), 0)),"") = 0,"", IFERROR(INDEX(SFReportData!$A$2:'SFReportData'!$A$500, MATCH(0, COUNTIF(TransformData!$A$2:'TransformData'!$A63, SFReportData!$A$2:'SFReportData'!$A$500), 0)),""))} | B64: =IFERROR(VLOOKUP(A64,SFReportData!$A$2:$B$500,2,0),"") | C64: =IFERROR(VLOOKUP(A64,SFReportData!$A$2:$C$500,3,0),"") | E64: =IFERROR(VLOOKUP(A64,SFReportData!$A$2:$J$500,10,0),"") | F64: =IFERROR(VLOOKUP(A64,SFReportData!$A$2:$K$500,10,0),"") | H64: =IFERROR(VLOOKUP(B64,SFReportData!B63:H561,7,0),"") | I64: {=CELL("contents",A64)} | J64: {=IFERROR(INDEX(SFReportData!$E$2:$E$500,MATCH(1,($I64=SFReportData!$A$2:$A$500)*(J$1=SFReportData!$D$2:'SFReportData'!$D$500),0)),"")} -> 0 | K64: {=IFERROR(INDEX(SFReportData!$E$2:$E$500,MATCH(1,($I64=SFReportData!$A$2:$A$500)*(K$1=SFReportData!$D$2:'SFReportData'!$D$500),0)),"")} -> 0 | L64: {=IFERROR(INDEX(SFReportData!$E$2:$E$500,MATCH(1,($I64=SFReportData!$A$2:$A$500)*(L$1=SFReportData!$D$2:'SFReportData'!$D$500),0)),"")} -> 0 | M64: {=IFERROR(INDEX(SFReportData!$E$2:$E$500,MATCH(1,($I64=SFReportData!$A$2:$A$500)*(M$1=SFReportData!$D$2:'SFReportData'!$D$500),0)),"")} -> 0 | N64: {=IFERROR(INDEX(SFReportData!$E$2:$E$500,MATCH(1,($I64=SFReportData!$A$2:$A$500)*(N$1=SFReportData!$D$2:'SFReportData'!$D$500),0)),"")} -> 0 | O64: {=IFERROR(INDEX(SFReportData!$F$2:$F$500,MATCH(1,($I64=SFReportData!$A$2:$A$500)*(O$1=SFReportData!$D$2:'SFReportData'!$D$500),0)),"")} -> 0 | P64: {=IFERROR(INDEX(SFReportData!$F$2:$F$500,MATCH(1,($I64=SFReportData!$A$2:$A$500)*(P$1=SFReportData!$D$2:'SFReportData'!$D$500),0)),"")} -> 0 | Q64: {=IFERROR(INDEX(SFReportData!$F$2:$F$500,MATCH(1,($I64=SFReportData!$A$2:$A$500)*(Q$1=SFReportData!$D$2:'SFReportData'!$D$500),0)),"")} -> 0 | R64: {=IFERROR(INDEX(SFReportData!$F$2:$F$500,MATCH(1,($I64=SFReportData!$A$2:$A$500)*(R$1=SFReportData!$D$2:'SFReportData'!$D$500),0)),"")} -> 0 | S64: {=IFERROR(INDEX(SFReportData!$F$2:$F$500,MATCH(1,($I64=SFReportData!$A$2:$A$500)*(S$1=SFReportData!$D$2:'SFReportData'!$D$500),0)),"")} -> 0 | T64: {=IFERROR(INDEX(SFReportData!$G$2:$G$500,MATCH(1,($I64=SFReportData!$A$2:$A$500)*(T$1=SFReportData!$D$2:'SFReportData'!$D$500),0)),"")} -> 0 | U64: {=IFERROR(INDEX(SFReportData!$G$2:$G$500,MATCH(1,($I64=SFReportData!$A$2:$A$500)*(U$1=SFReportData!$D$2:'SFReportData'!$D$500),0)),"")} -> 0 | V64: {=IFERROR(INDEX(SFReportData!$G$2:$G$500,MATCH(1,($I64=SFReportData!$A$2:$A$500)*(V$1=SFReportData!$D$2:'SFReportData'!$D$500),0)),"")} -> 0 | W64: {=IFERROR(INDEX(SFReportData!$G$2:$G$500,MATCH(1,($I64=SFReportData!$A$2:$A$500)*(W$1=SFReportData!$D$2:'SFReportData'!$D$500),0)),"")} -> 0 | X64: {=IFERROR(INDEX(SFReportData!$G$2:$G$500,MATCH(1,($I64=SFReportData!$A$2:$A$500)*(X$1=SFReportData!$D$2:'SFReportData'!$D$500),0)),"")} -> 0 | Z64: =O64 -> 0 | AA64: =T64 -> 0 | AB64: =J64 -> 0 | AC64: =P64 -> 0 | AD64: =U64 -> 0 | AE64: =K64 -> 0 | AF64: =Q64 -> 0 | AG64: =V64 -> 0 | AH64: =L64 -> 0 | AI64: =R64 -> 0 | AJ64: =W64 -> 0 | AK64: =M64 -> 0 | AL64: =S64 -> 0 | AM64: =X64 -> 0 | AN64: =N64 -> 0
A65: {=IF(IFERROR(INDEX(SFReportData!$A$2:'SFReportData'!$A$500, MATCH(0, COUNTIF(TransformData!$A$2:'TransformData'!$A64, SFReportData!$A$2:'SFReportData'!$A$500), 0)),"") = 0,"", IFERROR(INDEX(SFReportData!$A$2:'SFReportData'!$A$500, MATCH(0, COUNTIF(TransformData!$A$2:'TransformData'!$A64, SFReportData!$A$2:'SFReportData'!$A$500), 0)),""))} | B65: =IFERROR(VLOOKUP(A65,SFReportData!$A$2:$B$500,2,0),"") | C65: =IFERROR(VLOOKUP(A65,SFReportData!$A$2:$C$500,3,0),"") | E65: =IFERROR(VLOOKUP(A65,SFReportData!$A$2:$J$500,10,0),"") | F65: =IFERROR(VLOOKUP(A65,SFReportData!$A$2:$K$500,10,0),"") | H65: =IFERROR(VLOOKUP(B65,SFReportData!B64:H562,7,0),"") | I65: {=CELL("contents",A65)} | J65: {=IFERROR(INDEX(SFReportData!$E$2:$E$500,MATCH(1,($I65=SFReportData!$A$2:$A$500)*(J$1=SFReportData!$D$2:'SFReportData'!$D$500),0)),"")} -> 0 | K65: {=IFERROR(INDEX(SFReportData!$E$2:$E$500,MATCH(1,($I65=SFReportData!$A$2:$A$500)*(K$1=SFReportData!$D$2:'SFReportData'!$D$500),0)),"")} -> 0 | L65: {=IFERROR(INDEX(SFReportData!$E$2:$E$500,MATCH(1,($I65=SFReportData!$A$2:$A$500)*(L$1=SFReportData!$D$2:'SFReportData'!$D$500),0)),"")} -> 0 | M65: {=IFERROR(INDEX(SFReportData!$E$2:$E$500,MATCH(1,($I65=SFReportData!$A$2:$A$500)*(M$1=SFReportData!$D$2:'SFReportData'!$D$500),0)),"")} -> 0 | N65: {=IFERROR(INDEX(SFReportData!$E$2:$E$500,MATCH(1,($I65=SFReportData!$A$2:$A$500)*(N$1=SFReportData!$D$2:'SFReportData'!$D$500),0)),"")} -> 0 | O65: {=IFERROR(INDEX(SFReportData!$F$2:$F$500,MATCH(1,($I65=SFReportData!$A$2:$A$500)*(O$1=SFReportData!$D$2:'SFReportData'!$D$500),0)),"")} -> 0 | P65: {=IFERROR(INDEX(SFReportData!$F$2:$F$500,MATCH(1,($I65=SFReportData!$A$2:$A$500)*(P$1=SFReportData!$D$2:'SFReportData'!$D$500),0)),"")} -> 0 | Q65: {=IFERROR(INDEX(SFReportData!$F$2:$F$500,MATCH(1,($I65=SFReportData!$A$2:$A$500)*(Q$1=SFReportData!$D$2:'SFReportData'!$D$500),0)),"")} -> 0 | R65: {=IFERROR(INDEX(SFReportData!$F$2:$F$500,MATCH(1,($I65=SFReportData!$A$2:$A$500)*(R$1=SFReportData!$D$2:'SFReportData'!$D$500),0)),"")} -> 0 | S65: {=IFERROR(INDEX(SFReportData!$F$2:$F$500,MATCH(1,($I65=SFReportData!$A$2:$A$500)*(S$1=SFReportData!$D$2:'SFReportData'!$D$500),0)),"")} -> 0 | T65: {=IFERROR(INDEX(SFReportData!$G$2:$G$500,MATCH(1,($I65=SFReportData!$A$2:$A$500)*(T$1=SFReportData!$D$2:'SFReportData'!$D$500),0)),"")} -> 0 | U65: {=IFERROR(INDEX(SFReportData!$G$2:$G$500,MATCH(1,($I65=SFReportData!$A$2:$A$500)*(U$1=SFReportData!$D$2:'SFReportData'!$D$500),0)),"")} -> 0 | V65: {=IFERROR(INDEX(SFReportData!$G$2:$G$500,MATCH(1,($I65=SFReportData!$A$2:$A$500)*(V$1=SFReportData!$D$2:'SFReportData'!$D$500),0)),"")} -> 0 | W65: {=IFERROR(INDEX(SFReportData!$G$2:$G$500,MATCH(1,($I65=SFReportData!$A$2:$A$500)*(W$1=SFReportData!$D$2:'SFReportData'!$D$500),0)),"")} -> 0 | X65: {=IFERROR(INDEX(SFReportData!$G$2:$G$500,MATCH(1,($I65=SFReportData!$A$2:$A$500)*(X$1=SFReportData!$D$2:'SFReportData'!$D$500),0)),"")} -> 0 | Z65: =O65 -> 0 | AA65: =T65 -> 0 | AB65: =J65 -> 0 | AC65: =P65 -> 0 | AD65: =U65 -> 0 | AE65: =K65 -> 0 | AF65: =Q65 -> 0 | AG65: =V65 -> 0 | AH65: =L65 -> 0 | AI65: =R65 -> 0 | AJ65: =W65 -> 0 | AK65: =M65 -> 0 | AL65: =S65 -> 0 | AM65: =X65 -> 0 | AN65: =N65 -> 0
A66: {=IF(IFERROR(INDEX(SFReportData!$A$2:'SFReportData'!$A$500, MATCH(0, COUNTIF(TransformData!$A$2:'TransformData'!$A65, SFReportData!$A$2:'SFReportData'!$A$500), 0)),"") = 0,"", IFERROR(INDEX(SFReportData!$A$2:'SFReportData'!$A$500, MATCH(0, COUNTIF(TransformData!$A$2:'TransformData'!$A65, SFReportData!$A$2:'SFReportData'!$A$500), 0)),""))} | B66: =IFERROR(VLOOKUP(A66,SFReportData!$A$2:$B$500,2,0),"") | C66: =IFERROR(VLOOKUP(A66,SFReportData!$A$2:$C$500,3,0),"") | E66: =IFERROR(VLOOKUP(A66,SFReportData!$A$2:$J$500,10,0),"") | F66: =IFERROR(VLOOKUP(A66,SFReportData!$A$2:$K$500,10,0),"") | H66: =IFERROR(VLOOKUP(B66,SFReportData!B65:H563,7,0),"") | I66: {=CELL("contents",A66)} | J66: {=IFERROR(INDEX(SFReportData!$E$2:$E$500,MATCH(1,($I66=SFReportData!$A$2:$A$500)*(J$1=SFReportData!$D$2:'SFReportData'!$D$500),0)),"")} -> 0 | K66: {=IFERROR(INDEX(SFReportData!$E$2:$E$500,MATCH(1,($I66=SFReportData!$A$2:$A$500)*(K$1=SFReportData!$D$2:'SFReportData'!$D$500),0)),"")} -> 0 | L66: {=IFERROR(INDEX(SFReportData!$E$2:$E$500,MATCH(1,($I66=SFReportData!$A$2:$A$500)*(L$1=SFReportData!$D$2:'SFReportData'!$D$500),0)),"")} -> 0 | M66: {=IFERROR(INDEX(SFReportData!$E$2:$E$500,MATCH(1,($I66=SFReportData!$A$2:$A$500)*(M$1=SFReportData!$D$2:'SFReportData'!$D$500),0)),"")} -> 0 | N66: {=IFERROR(INDEX(SFReportData!$E$2:$E$500,MATCH(1,($I66=SFReportData!$A$2:$A$500)*(N$1=SFReportData!$D$2:'SFReportData'!$D$500),0)),"")} -> 0 | O66: {=IFERROR(INDEX(SFReportData!$F$2:$F$500,MATCH(1,($I66=SFReportData!$A$2:$A$500)*(O$1=SFReportData!$D$2:'SFReportData'!$D$500),0)),"")} -> 0 | P66: {=IFERROR(INDEX(SFReportData!$F$2:$F$500,MATCH(1,($I66=SFReportData!$A$2:$A$500)*(P$1=SFReportData!$D$2:'SFReportData'!$D$500),0)),"")} -> 0 | Q66: {=IFERROR(INDEX(SFReportData!$F$2:$F$500,MATCH(1,($I66=SFReportData!$A$2:$A$500)*(Q$1=SFReportData!$D$2:'SFReportData'!$D$500),0)),"")} -> 0 | R66: {=IFERROR(INDEX(SFReportData!$F$2:$F$500,MATCH(1,($I66=SFReportData!$A$2:$A$500)*(R$1=SFReportData!$D$2:'SFReportData'!$D$500),0)),"")} -> 0 | S66: {=IFERROR(INDEX(SFReportData!$F$2:$F$500,MATCH(1,($I66=SFReportData!$A$2:$A$500)*(S$1=SFReportData!$D$2:'SFReportData'!$D$500),0)),"")} -> 0 | T66: {=IFERROR(INDEX(SFReportData!$G$2:$G$500,MATCH(1,($I66=SFReportData!$A$2:$A$500)*(T$1=SFReportData!$D$2:'SFReportData'!$D$500),0)),"")} -> 0 | U66: {=IFERROR(INDEX(SFReportData!$G$2:$G$500,MATCH(1,($I66=SFReportData!$A$2:$A$500)*(U$1=SFReportData!$D$2:'SFReportData'!$D$500),0)),"")} -> 0 | V66: {=IFERROR(INDEX(SFReportData!$G$2:$G$500,MATCH(1,($I66=SFReportData!$A$2:$A$500)*(V$1=SFReportData!$D$2:'SFReportData'!$D$500),0)),"")} -> 0 | W66: {=IFERROR(INDEX(SFReportData!$G$2:$G$500,MATCH(1,($I66=SFReportData!$A$2:$A$500)*(W$1=SFReportData!$D$2:'SFReportData'!$D$500),0)),"")} -> 0 | X66: {=IFERROR(INDEX(SFReportData!$G$2:$G$500,MATCH(1,($I66=SFReportData!$A$2:$A$500)*(X$1=SFReportData!$D$2:'SFReportData'!$D$500),0)),"")} -> 0 | Z66: =O66 -> 0 | AA66: =T66 -> 0 | AB66: =J66 -> 0 | AC66: =P66 -> 0 | AD66: =U66 -> 0 | AE66: =K66 -> 0 | AF66: =Q66 -> 0 | AG66: =V66 -> 0 | AH66: =L66 -> 0 | AI66: =R66 -> 0 | AJ66: =W66 -> 0 | AK66: =M66 -> 0 | AL66: =S66 -> 0 | AM66: =X66 -> 0 | AN66: =N66 -> 0
A67: {=IF(IFERROR(INDEX(SFReportData!$A$2:'SFReportData'!$A$500, MATCH(0, COUNTIF(TransformData!$A$2:'TransformData'!$A66, SFReportData!$A$2:'SFReportData'!$A$500), 0)),"") = 0,"", IFERROR(INDEX(SFReportData!$A$2:'SFReportData'!$A$500, MATCH(0, COUNTIF(TransformData!$A$2:'TransformData'!$A66, SFReportData!$A$2:'SFReportData'!$A$500), 0)),""))} | B67: =IFERROR(VLOOKUP(A67,SFReportData!$A$2:$B$500,2,0),"") | C67: =IFERROR(VLOOKUP(A67,SFReportData!$A$2:$C$500,3,0),"") | E67: =IFERROR(VLOOKUP(A67,SFReportData!$A$2:$J$500,10,0),"") | F67: =IFERROR(VLOOKUP(A67,SFReportData!$A$2:$K$500,10,0),"") | H67: =IFERROR(VLOOKUP(B67,SFReportData!B66:H564,7,0),"") | I67: {=CELL("contents",A67)} | J67: {=IFERROR(INDEX(SFReportData!$E$2:$E$500,MATCH(1,($I67=SFReportData!$A$2:$A$500)*(J$1=SFReportData!$D$2:'SFReportData'!$D$500),0)),"")} -> 0 | K67: {=IFERROR(INDEX(SFReportData!$E$2:$E$500,MATCH(1,($I67=SFReportData!$A$2:$A$500)*(K$1=SFReportData!$D$2:'SFReportData'!$D$500),0)),"")} -> 0 | L67: {=IFERROR(INDEX(SFReportData!$E$2:$E$500,MATCH(1,($I67=SFReportData!$A$2:$A$500)*(L$1=SFReportData!$D$2:'SFReportData'!$D$500),0)),"")} -> 0 | M67: {=IFERROR(INDEX(SFReportData!$E$2:$E$500,MATCH(1,($I67=SFReportData!$A$2:$A$500)*(M$1=SFReportData!$D$2:'SFReportData'!$D$500),0)),"")} -> 0 | N67: {=IFERROR(INDEX(SFReportData!$E$2:$E$500,MATCH(1,($I67=SFReportData!$A$2:$A$500)*(N$1=SFReportData!$D$2:'SFReportData'!$D$500),0)),"")} -> 0 | O67: {=IFERROR(INDEX(SFReportData!$F$2:$F$500,MATCH(1,($I67=SFReportData!$A$2:$A$500)*(O$1=SFReportData!$D$2:'SFReportData'!$D$500),0)),"")} -> 0 | P67: {=IFERROR(INDEX(SFReportData!$F$2:$F$500,MATCH(1,($I67=SFReportData!$A$2:$A$500)*(P$1=SFReportData!$D$2:'SFReportData'!$D$500),0)),"")} -> 0 | Q67: {=IFERROR(INDEX(SFReportData!$F$2:$F$500,MATCH(1,($I67=SFReportData!$A$2:$A$500)*(Q$1=SFReportData!$D$2:'SFReportData'!$D$500),0)),"")} -> 0 | R67: {=IFERROR(INDEX(SFReportData!$F$2:$F$500,MATCH(1,($I67=SFReportData!$A$2:$A$500)*(R$1=SFReportData!$D$2:'SFReportData'!$D$500),0)),"")} -> 0 | S67: {=IFERROR(INDEX(SFReportData!$F$2:$F$500,MATCH(1,($I67=SFReportData!$A$2:$A$500)*(S$1=SFReportData!$D$2:'SFReportData'!$D$500),0)),"")} -> 0 | T67: {=IFERROR(INDEX(SFReportData!$G$2:$G$500,MATCH(1,($I67=SFReportData!$A$2:$A$500)*(T$1=SFReportData!$D$2:'SFReportData'!$D$500),0)),"")} -> 0 | U67: {=IFERROR(INDEX(SFReportData!$G$2:$G$500,MATCH(1,($I67=SFReportData!$A$2:$A$500)*(U$1=SFReportData!$D$2:'SFReportData'!$D$500),0)),"")} -> 0 | V67: {=IFERROR(INDEX(SFReportData!$G$2:$G$500,MATCH(1,($I67=SFReportData!$A$2:$A$500)*(V$1=SFReportData!$D$2:'SFReportData'!$D$500),0)),"")} -> 0 | W67: {=IFERROR(INDEX(SFReportData!$G$2:$G$500,MATCH(1,($I67=SFReportData!$A$2:$A$500)*(W$1=SFReportData!$D$2:'SFReportData'!$D$500),0)),"")} -> 0 | X67: {=IFERROR(INDEX(SFReportData!$G$2:$G$500,MATCH(1,($I67=SFReportData!$A$2:$A$500)*(X$1=SFReportData!$D$2:'SFReportData'!$D$500),0)),"")} -> 0 | Z67: =O67 -> 0 | AA67: =T67 -> 0 | AB67: =J67 -> 0 | AC67: =P67 -> 0 | AD67: =U67 -> 0 | AE67: =K67 -> 0 | AF67: =Q67 -> 0 | AG67: =V67 -> 0 | AH67: =L67 -> 0 | AI67: =R67 -> 0 | AJ67: =W67 -> 0 | AK67: =M67 -> 0 | AL67: =S67 -> 0 | AM67: =X67 -> 0 | AN67: =N67 -> 0
... A96: {=IF(IFERROR(INDEX(SFReportData!$A$2:'SFReportData'!$A$500, MATCH(0, COUNTIF(TransformData!$A$2:'TransformData'!$A95, SFReportData!$A$2:'SFReportData'!$A$500), 0)),"") = 0,"", IFERROR(INDEX(SFReportData!$A$2:'SFReportData'!$A$500, MATCH(0, COUNTIF(TransformData!$A$2:'TransformData'!$A95, SFReportData!$A$2:'SFReportData'!$A$500), 0)),""))} | B96: =IFERROR(VLOOKUP(A96,SFReportData!$A$2:$B$500,2,0),"") | C96: =IFERROR(VLOOKUP(A96,SFReportData!$A$2:$C$500,3,0),"") | E96: =IFERROR(VLOOKUP(A96,SFReportData!$A$2:$J$500,10,0),"") | F96: =IFERROR(VLOOKUP(A96,SFReportData!$A$2:$K$500,10,0),"") | H96: =IFERROR(VLOOKUP(B96,SFReportData!B95:H593,7,0),"") | I96: {=CELL("contents",A96)} | J96: {=IFERROR(INDEX(SFReportData!$E$2:$E$500,MATCH(1,($I96=SFReportData!$A$2:$A$500)*(J$1=SFReportData!$D$2:'SFReportData'!$D$500),0)),"")} -> 0 | K96: {=IFERROR(INDEX(SFReportData!$E$2:$E$500,MATCH(1,($I96=SFReportData!$A$2:$A$500)*(K$1=SFReportData!$D$2:'SFReportData'!$D$500),0)),"")} -> 0 | L96: {=IFERROR(INDEX(SFReportData!$E$2:$E$500,MATCH(1,($I96=SFReportData!$A$2:$A$500)*(L$1=SFReportData!$D$2:'SFReportData'!$D$500),0)),"")} -> 0 | M96: {=IFERROR(INDEX(SFReportData!$E$2:$E$500,MATCH(1,($I96=SFReportData!$A$2:$A$500)*(M$1=SFReportData!$D$2:'SFReportData'!$D$500),0)),"")} -> 0 | N96: {=IFERROR(INDEX(SFReportData!$E$2:$E$500,MATCH(1,($I96=SFReportData!$A$2:$A$500)*(N$1=SFReportData!$D$2:'SFReportData'!$D$500),0)),"")} -> 0 | O96: {=IFERROR(INDEX(SFReportData!$F$2:$F$500,MATCH(1,($I96=SFReportData!$A$2:$A$500)*(O$1=SFReportData!$D$2:'SFReportData'!$D$500),0)),"")} -> 0 | P96: {=IFERROR(INDEX(SFReportData!$F$2:$F$500,MATCH(1,($I96=SFReportData!$A$2:$A$500)*(P$1=SFReportData!$D$2:'SFReportData'!$D$500),0)),"")} -> 0 | Q96: {=IFERROR(INDEX(SFReportData!$F$2:$F$500,MATCH(1,($I96=SFReportData!$A$2:$A$500)*(Q$1=SFReportData!$D$2:'SFReportData'!$D$500),0)),"")} -> 0 | R96: {=IFERROR(INDEX(SFReportData!$F$2:$F$500,MATCH(1,($I96=SFReportData!$A$2:$A$500)*(R$1=SFReportData!$D$2:'SFReportData'!$D$500),0)),"")} -> 0 | S96: {=IFERROR(INDEX(SFReportData!$F$2:$F$500,MATCH(1,($I96=SFReportData!$A$2:$A$500)*(S$1=SFReportData!$D$2:'SFReportData'!$D$500),0)),"")} -> 0 | T96: {=IFERROR(INDEX(SFReportData!$G$2:$G$500,MATCH(1,($I96=SFReportData!$A$2:$A$500)*(T$1=SFReportData!$D$2:'SFReportData'!$D$500),0)),"")} -> 0 | U96: {=IFERROR(INDEX(SFReportData!$G$2:$G$500,MATCH(1,($I96=SFReportData!$A$2:$A$500)*(U$1=SFReportData!$D$2:'SFReportData'!$D$500),0)),"")} -> 0 | V96: {=IFERROR(INDEX(SFReportData!$G$2:$G$500,MATCH(1,($I96=SFReportData!$A$2:$A$500)*(V$1=SFReportData!$D$2:'SFReportData'!$D$500),0)),"")} -> 0 | W96: {=IFERROR(INDEX(SFReportData!$G$2:$G$500,MATCH(1,($I96=SFReportData!$A$2:$A$500)*(W$1=SFReportData!$D$2:'SFReportData'!$D$500),0)),"")} -> 0 | X96: {=IFERROR(INDEX(SFReportData!$G$2:$G$500,MATCH(1,($I96=SFReportData!$A$2:$A$500)*(X$1=SFReportData!$D$2:'SFReportData'!$D$500),0)),"")} -> 0 | Z96: =O96 -> 0 | AA96: =T96 -> 0 | AB96: =J96 -> 0 | AC96: =P96 -> 0 | AD96: =U96 -> 0 | AE96: =K96 -> 0 | AF96: =Q96 -> 0 | AG96: =V96 -> 0 | AH96: =L96 -> 0 | AI96: =R96 -> 0 | AJ96: =W96 -> 0 | AK96: =M96 -> 0 | AL96: =S96 -> 0 | AM96: =X96 -> 0 | AN96: =N96 -> 0
A97: {=IF(IFERROR(INDEX(SFReportData!$A$2:'SFReportData'!$A$500, MATCH(0, COUNTIF(TransformData!$A$2:'TransformData'!$A96, SFReportData!$A$2:'SFReportData'!$A$500), 0)),"") = 0,"", IFERROR(INDEX(SFReportData!$A$2:'SFReportData'!$A$500, MATCH(0, COUNTIF(TransformData!$A$2:'TransformData'!$A96, SFReportData!$A$2:'SFReportData'!$A$500), 0)),""))} | B97: =IFERROR(VLOOKUP(A97,SFReportData!$A$2:$B$500,2,0),"") | C97: =IFERROR(VLOOKUP(A97,SFReportData!$A$2:$C$500,3,0),"") | E97: =IFERROR(VLOOKUP(A97,SFReportData!$A$2:$J$500,10,0),"") | H97: =IFERROR(VLOOKUP(B97,SFReportData!B96:H594,7,0),"") | I97: {=CELL("contents",A97)} | J97: {=IFERROR(INDEX(SFReportData!$E$2:$E$500,MATCH(1,($I97=SFReportData!$A$2:$A$500)*(J$1=SFReportData!$D$2:'SFReportData'!$D$500),0)),"")} -> 0 | K97: {=IFERROR(INDEX(SFReportData!$E$2:$E$500,MATCH(1,($I97=SFReportData!$A$2:$A$500)*(K$1=SFReportData!$D$2:'SFReportData'!$D$500),0)),"")} -> 0 | L97: {=IFERROR(INDEX(SFReportData!$E$2:$E$500,MATCH(1,($I97=SFReportData!$A$2:$A$500)*(L$1=SFReportData!$D$2:'SFReportData'!$D$500),0)),"")} -> 0 | M97: {=IFERROR(INDEX(SFReportData!$E$2:$E$500,MATCH(1,($I97=SFReportData!$A$2:$A$500)*(M$1=SFReportData!$D$2:'SFReportData'!$D$500),0)),"")} -> 0 | N97: {=IFERROR(INDEX(SFReportData!$E$2:$E$500,MATCH(1,($I97=SFReportData!$A$2:$A$500)*(N$1=SFReportData!$D$2:'SFReportData'!$D$500),0)),"")} -> 0 | O97: {=IFERROR(INDEX(SFReportData!$F$2:$F$500,MATCH(1,($I97=SFReportData!$A$2:$A$500)*(O$1=SFReportData!$D$2:'SFReportData'!$D$500),0)),"")} -> 0 | P97: {=IFERROR(INDEX(SFReportData!$F$2:$F$500,MATCH(1,($I97=SFReportData!$A$2:$A$500)*(P$1=SFReportData!$D$2:'SFReportData'!$D$500),0)),"")} -> 0 | Q97: {=IFERROR(INDEX(SFReportData!$F$2:$F$500,MATCH(1,($I97=SFReportData!$A$2:$A$500)*(Q$1=SFReportData!$D$2:'SFReportData'!$D$500),0)),"")} -> 0 | R97: {=IFERROR(INDEX(SFReportData!$F$2:$F$500,MATCH(1,($I97=SFReportData!$A$2:$A$500)*(R$1=SFReportData!$D$2:'SFReportData'!$D$500),0)),"")} -> 0 | S97: {=IFERROR(INDEX(SFReportData!$F$2:$F$500,MATCH(1,($I97=SFReportData!$A$2:$A$500)*(S$1=SFReportData!$D$2:'SFReportData'!$D$500),0)),"")} -> 0 | T97: {=IFERROR(INDEX(SFReportData!$G$2:$G$500,MATCH(1,($I97=SFReportData!$A$2:$A$500)*(T$1=SFReportData!$D$2:'SFReportData'!$D$500),0)),"")} -> 0 | U97: {=IFERROR(INDEX(SFReportData!$G$2:$G$500,MATCH(1,($I97=SFReportData!$A$2:$A$500)*(U$1=SFReportData!$D$2:'SFReportData'!$D$500),0)),"")} -> 0 | V97: {=IFERROR(INDEX(SFReportData!$G$2:$G$500,MATCH(1,($I97=SFReportData!$A$2:$A$500)*(V$1=SFReportData!$D$2:'SFReportData'!$D$500),0)),"")} -> 0 | W97: {=IFERROR(INDEX(SFReportData!$G$2:$G$500,MATCH(1,($I97=SFReportData!$A$2:$A$500)*(W$1=SFReportData!$D$2:'SFReportData'!$D$500),0)),"")} -> 0 | X97: {=IFERROR(INDEX(SFReportData!$G$2:$G$500,MATCH(1,($I97=SFReportData!$A$2:$A$500)*(X$1=SFReportData!$D$2:'SFReportData'!$D$500),0)),"")} -> 0 | Z97: =O97 -> 0 | AA97: =T97 -> 0 | AB97: =J97 -> 0 | AC97: =P97 -> 0 | AD97: =U97 -> 0 | AE97: =K97 -> 0 | AF97: =Q97 -> 0 | AG97: =V97 -> 0 | AH97: =L97 -> 0 | AI97: =R97 -> 0 | AJ97: =W97 -> 0 | AK97: =M97 -> 0 | AL97: =S97 -> 0 | AM97: =X97 -> 0 | AN97: =N97 -> 0
A98: {=IF(IFERROR(INDEX(SFReportData!$A$2:'SFReportData'!$A$500, MATCH(0, COUNTIF(TransformData!$A$2:'TransformData'!$A97, SFReportData!$A$2:'SFReportData'!$A$500), 0)),"") = 0,"", IFERROR(INDEX(SFReportData!$A$2:'SFReportData'!$A$500, MATCH(0, COUNTIF(TransformData!$A$2:'TransformData'!$A97, SFReportData!$A$2:'SFReportData'!$A$500), 0)),""))} | B98: =IFERROR(VLOOKUP(A98,SFReportData!$A$2:$B$500,2,0),"") | C98: =IFERROR(VLOOKUP(A98,SFReportData!$A$2:$C$500,3,0),"") | E98: =IFERROR(VLOOKUP(A98,SFReportData!$A$2:$J$500,10,0),"") | H98: =IFERROR(VLOOKUP(B98,SFReportData!B97:H595,7,0),"") | I98: {=CELL("contents",A98)} | J98: {=IFERROR(INDEX(SFReportData!$E$2:$E$500,MATCH(1,($I98=SFReportData!$A$2:$A$500)*(J$1=SFReportData!$D$2:'SFReportData'!$D$500),0)),"")} -> 0 | K98: {=IFERROR(INDEX(SFReportData!$E$2:$E$500,MATCH(1,($I98=SFReportData!$A$2:$A$500)*(K$1=SFReportData!$D$2:'SFReportData'!$D$500),0)),"")} -> 0 | L98: {=IFERROR(INDEX(SFReportData!$E$2:$E$500,MATCH(1,($I98=SFReportData!$A$2:$A$500)*(L$1=SFReportData!$D$2:'SFReportData'!$D$500),0)),"")} -> 0 | M98: {=IFERROR(INDEX(SFReportData!$E$2:$E$500,MATCH(1,($I98=SFReportData!$A$2:$A$500)*(M$1=SFReportData!$D$2:'SFReportData'!$D$500),0)),"")} -> 0 | N98: {=IFERROR(INDEX(SFReportData!$E$2:$E$500,MATCH(1,($I98=SFReportData!$A$2:$A$500)*(N$1=SFReportData!$D$2:'SFReportData'!$D$500),0)),"")} -> 0 | O98: {=IFERROR(INDEX(SFReportData!$F$2:$F$500,MATCH(1,($I98=SFReportData!$A$2:$A$500)*(O$1=SFReportData!$D$2:'SFReportData'!$D$500),0)),"")} -> 0 | P98: {=IFERROR(INDEX(SFReportData!$F$2:$F$500,MATCH(1,($I98=SFReportData!$A$2:$A$500)*(P$1=SFReportData!$D$2:'SFReportData'!$D$500),0)),"")} -> 0 | Q98: {=IFERROR(INDEX(SFReportData!$F$2:$F$500,MATCH(1,($I98=SFReportData!$A$2:$A$500)*(Q$1=SFReportData!$D$2:'SFReportData'!$D$500),0)),"")} -> 0 | R98: {=IFERROR(INDEX(SFReportData!$F$2:$F$500,MATCH(1,($I98=SFReportData!$A$2:$A$500)*(R$1=SFReportData!$D$2:'SFReportData'!$D$500),0)),"")} -> 0 | S98: {=IFERROR(INDEX(SFReportData!$F$2:$F$500,MATCH(1,($I98=SFReportData!$A$2:$A$500)*(S$1=SFReportData!$D$2:'SFReportData'!$D$500),0)),"")} -> 0 | T98: {=IFERROR(INDEX(SFReportData!$G$2:$G$500,MATCH(1,($I98=SFReportData!$A$2:$A$500)*(T$1=SFReportData!$D$2:'SFReportData'!$D$500),0)),"")} -> 0 | U98: {=IFERROR(INDEX(SFReportData!$G$2:$G$500,MATCH(1,($I98=SFReportData!$A$2:$A$500)*(U$1=SFReportData!$D$2:'SFReportData'!$D$500),0)),"")} -> 0 | V98: {=IFERROR(INDEX(SFReportData!$G$2:$G$500,MATCH(1,($I98=SFReportData!$A$2:$A$500)*(V$1=SFReportData!$D$2:'SFReportData'!$D$500),0)),"")} -> 0 | W98: {=IFERROR(INDEX(SFReportData!$G$2:$G$500,MATCH(1,($I98=SFReportData!$A$2:$A$500)*(W$1=SFReportData!$D$2:'SFReportData'!$D$500),0)),"")} -> 0 | X98: {=IFERROR(INDEX(SFReportData!$G$2:$G$500,MATCH(1,($I98=SFReportData!$A$2:$A$500)*(X$1=SFReportData!$D$2:'SFReportData'!$D$500),0)),"")} -> 0 | Z98: =O98 -> 0 | AA98: =T98 -> 0 | AB98: =J98 -> 0 | AC98: =P98 -> 0 | AD98: =U98 -> 0 | AE98: =K98 -> 0 | AF98: =Q98 -> 0 | AG98: =V98 -> 0 | AH98: =L98 -> 0 | AI98: =R98 -> 0 | AJ98: =W98 -> 0 | AK98: =M98 -> 0 | AL98: =S98 -> 0 | AM98: =X98 -> 0 | AN98: =N98 -> 0
A99: {=IF(IFERROR(INDEX(SFReportData!$A$2:'SFReportData'!$A$500, MATCH(0, COUNTIF(TransformData!$A$2:'TransformData'!$A98, SFReportData!$A$2:'SFReportData'!$A$500), 0)),"") = 0,"", IFERROR(INDEX(SFReportData!$A$2:'SFReportData'!$A$500, MATCH(0, COUNTIF(TransformData!$A$2:'TransformData'!$A98, SFReportData!$A$2:'SFReportData'!$A$500), 0)),""))} | B99: =IFERROR(VLOOKUP(A99,SFReportData!$A$2:$B$500,2,0),"") | C99: =IFERROR(VLOOKUP(A99,SFReportData!$A$2:$C$500,3,0),"") | E99: =IFERROR(VLOOKUP(A99,SFReportData!$A$2:$J$500,10,0),"") | H99: =IFERROR(VLOOKUP(B99,SFReportData!B98:H596,7,0),"") | I99: {=CELL("contents",A99)} | J99: {=IFERROR(INDEX(SFReportData!$E$2:$E$500,MATCH(1,($I99=SFReportData!$A$2:$A$500)*(J$1=SFReportData!$D$2:'SFReportData'!$D$500),0)),"")} -> 0 | K99: {=IFERROR(INDEX(SFReportData!$E$2:$E$500,MATCH(1,($I99=SFReportData!$A$2:$A$500)*(K$1=SFReportData!$D$2:'SFReportData'!$D$500),0)),"")} -> 0 | L99: {=IFERROR(INDEX(SFReportData!$E$2:$E$500,MATCH(1,($I99=SFReportData!$A$2:$A$500)*(L$1=SFReportData!$D$2:'SFReportData'!$D$500),0)),"")} -> 0 | M99: {=IFERROR(INDEX(SFReportData!$E$2:$E$500,MATCH(1,($I99=SFReportData!$A$2:$A$500)*(M$1=SFReportData!$D$2:'SFReportData'!$D$500),0)),"")} -> 0 | N99: {=IFERROR(INDEX(SFReportData!$E$2:$E$500,MATCH(1,($I99=SFReportData!$A$2:$A$500)*(N$1=SFReportData!$D$2:'SFReportData'!$D$500),0)),"")} -> 0 | O99: {=IFERROR(INDEX(SFReportData!$F$2:$F$500,MATCH(1,($I99=SFReportData!$A$2:$A$500)*(O$1=SFReportData!$D$2:'SFReportData'!$D$500),0)),"")} -> 0 | P99: {=IFERROR(INDEX(SFReportData!$F$2:$F$500,MATCH(1,($I99=SFReportData!$A$2:$A$500)*(P$1=SFReportData!$D$2:'SFReportData'!$D$500),0)),"")} -> 0 | Q99: {=IFERROR(INDEX(SFReportData!$F$2:$F$500,MATCH(1,($I99=SFReportData!$A$2:$A$500)*(Q$1=SFReportData!$D$2:'SFReportData'!$D$500),0)),"")} -> 0 | R99: {=IFERROR(INDEX(SFReportData!$F$2:$F$500,MATCH(1,($I99=SFReportData!$A$2:$A$500)*(R$1=SFReportData!$D$2:'SFReportData'!$D$500),0)),"")} -> 0 | S99: {=IFERROR(INDEX(SFReportData!$F$2:$F$500,MATCH(1,($I99=SFReportData!$A$2:$A$500)*(S$1=SFReportData!$D$2:'SFReportData'!$D$500),0)),"")} -> 0 | T99: {=IFERROR(INDEX(SFReportData!$G$2:$G$500,MATCH(1,($I99=SFReportData!$A$2:$A$500)*(T$1=SFReportData!$D$2:'SFReportData'!$D$500),0)),"")} -> 0 | U99: {=IFERROR(INDEX(SFReportData!$G$2:$G$500,MATCH(1,($I99=SFReportData!$A$2:$A$500)*(U$1=SFReportData!$D$2:'SFReportData'!$D$500),0)),"")} -> 0 | V99: {=IFERROR(INDEX(SFReportData!$G$2:$G$500,MATCH(1,($I99=SFReportData!$A$2:$A$500)*(V$1=SFReportData!$D$2:'SFReportData'!$D$500),0)),"")} -> 0 | W99: {=IFERROR(INDEX(SFReportData!$G$2:$G$500,MATCH(1,($I99=SFReportData!$A$2:$A$500)*(W$1=SFReportData!$D$2:'SFReportData'!$D$500),0)),"")} -> 0 | X99: {=IFERROR(INDEX(SFReportData!$G$2:$G$500,MATCH(1,($I99=SFReportData!$A$2:$A$500)*(X$1=SFReportData!$D$2:'SFReportData'!$D$500),0)),"")} -> 0 | Z99: =O99 -> 0 | AA99: =T99 -> 0 | AB99: =J99 -> 0 | AC99: =P99 -> 0 | AD99: =U99 -> 0 | AE99: =K99 -> 0 | AF99: =Q99 -> 0 | AG99: =V99 -> 0 | AH99: =L99 -> 0 | AI99: =R99 -> 0 | AJ99: =W99 -> 0 | AK99: =M99 -> 0 | AL99: =S99 -> 0 | AM99: =X99 -> 0 | AN99: =N99 -> 0
A100: {=IF(IFERROR(INDEX(SFReportData!$A$2:'SFReportData'!$A$500, MATCH(0, COUNTIF(TransformData!$A$2:'TransformData'!$A99, SFReportData!$A$2:'SFReportData'!$A$500), 0)),"") = 0,"", IFERROR(INDEX(SFReportData!$A$2:'SFReportData'!$A$500, MATCH(0, COUNTIF(TransformData!$A$2:'TransformData'!$A99, SFReportData!$A$2:'SFReportData'!$A$500), 0)),""))} | B100: =IFERROR(VLOOKUP(A100,SFReportData!$A$2:$B$500,2,0),"") | C100: =IFERROR(VLOOKUP(A100,SFReportData!$A$2:$C$500,3,0),"") | E100: =IFERROR(VLOOKUP(A100,SFReportData!$A$2:$J$500,10,0),"") | H100: =IFERROR(VLOOKUP(B100,SFReportData!B99:H597,7,0),"") | I100: {=CELL("contents",A100)} | J100: {=IFERROR(INDEX(SFReportData!$E$2:$E$500,MATCH(1,($I100=SFReportData!$A$2:$A$500)*(J$1=SFReportData!$D$2:'SFReportData'!$D$500),0)),"")} -> 0 | K100: {=IFERROR(INDEX(SFReportData!$E$2:$E$500,MATCH(1,($I100=SFReportData!$A$2:$A$500)*(K$1=SFReportData!$D$2:'SFReportData'!$D$500),0)),"")} -> 0 | L100: {=IFERROR(INDEX(SFReportData!$E$2:$E$500,MATCH(1,($I100=SFReportData!$A$2:$A$500)*(L$1=SFReportData!$D$2:'SFReportData'!$D$500),0)),"")} -> 0 | M100: {=IFERROR(INDEX(SFReportData!$E$2:$E$500,MATCH(1,($I100=SFReportData!$A$2:$A$500)*(M$1=SFReportData!$D$2:'SFReportData'!$D$500),0)),"")} -> 0 | N100: {=IFERROR(INDEX(SFReportData!$E$2:$E$500,MATCH(1,($I100=SFReportData!$A$2:$A$500)*(N$1=SFReportData!$D$2:'SFReportData'!$D$500),0)),"")} -> 0 | O100: {=IFERROR(INDEX(SFReportData!$F$2:$F$500,MATCH(1,($I100=SFReportData!$A$2:$A$500)*(O$1=SFReportData!$D$2:'SFReportData'!$D$500),0)),"")} -> 0 | P100: {=IFERROR(INDEX(SFReportData!$F$2:$F$500,MATCH(1,($I100=SFReportData!$A$2:$A$500)*(P$1=SFReportData!$D$2:'SFReportData'!$D$500),0)),"")} -> 0 | Q100: {=IFERROR(INDEX(SFReportData!$F$2:$F$500,MATCH(1,($I100=SFReportData!$A$2:$A$500)*(Q$1=SFReportData!$D$2:'SFReportData'!$D$500),0)),"")} -> 0 | R100: {=IFERROR(INDEX(SFReportData!$F$2:$F$500,MATCH(1,($I100=SFReportData!$A$2:$A$500)*(R$1=SFReportData!$D$2:'SFReportData'!$D$500),0)),"")} -> 0 | S100: {=IFERROR(INDEX(SFReportData!$F$2:$F$500,MATCH(1,($I100=SFReportData!$A$2:$A$500)*(S$1=SFReportData!$D$2:'SFReportData'!$D$500),0)),"")} -> 0 | T100: {=IFERROR(INDEX(SFReportData!$G$2:$G$500,MATCH(1,($I100=SFReportData!$A$2:$A$500)*(T$1=SFReportData!$D$2:'SFReportData'!$D$500),0)),"")} -> 0 | U100: {=IFERROR(INDEX(SFReportData!$G$2:$G$500,MATCH(1,($I100=SFReportData!$A$2:$A$500)*(U$1=SFReportData!$D$2:'SFReportData'!$D$500),0)),"")} -> 0 | V100: {=IFERROR(INDEX(SFReportData!$G$2:$G$500,MATCH(1,($I100=SFReportData!$A$2:$A$500)*(V$1=SFReportData!$D$2:'SFReportData'!$D$500),0)),"")} -> 0 | W100: {=IFERROR(INDEX(SFReportData!$G$2:$G$500,MATCH(1,($I100=SFReportData!$A$2:$A$500)*(W$1=SFReportData!$D$2:'SFReportData'!$D$500),0)),"")} -> 0 | X100: {=IFERROR(INDEX(SFReportData!$G$2:$G$500,MATCH(1,($I100=SFReportData!$A$2:$A$500)*(X$1=SFReportData!$D$2:'SFReportData'!$D$500),0)),"")} -> 0 | Z100: =O100 -> 0 | AA100: =T100 -> 0 | AB100: =J100 -> 0 | AC100: =P100 -> 0 | AD100: =U100 -> 0 | AE100: =K100 -> 0 | AF100: =Q100 -> 0 | AG100: =V100 -> 0 | AH100: =L100 -> 0 | AI100: =R100 -> 0 | AJ100: =W100 -> 0 | AK100: =M100 -> 0 | AL100: =S100 -> 0 | AM100: =X100 -> 0 | AN100: =N100 -> 0
A101: {=IF(IFERROR(INDEX(SFReportData!$A$2:'SFReportData'!$A$500, MATCH(0, COUNTIF(TransformData!$A$2:'TransformData'!$A100, SFReportData!$A$2:'SFReportData'!$A$500), 0)),"") = 0,"", IFERROR(INDEX(SFReportData!$A$2:'SFReportData'!$A$500, MATCH(0, COUNTIF(TransformData!$A$2:'TransformData'!$A100, SFReportData!$A$2:'SFReportData'!$A$500), 0)),""))} | B101: =IFERROR(VLOOKUP(A101,SFReportData!$A$2:$B$500,2,0),"") | C101: =IFERROR(VLOOKUP(A101,SFReportData!$A$2:$C$500,3,0),"") | E101: =IFERROR(VLOOKUP(A101,SFReportData!$A$2:$J$500,10,0),"") | H101: =IFERROR(VLOOKUP(B101,SFReportData!B100:H598,7,0),"") | I101: {=CELL("contents",A101)} | J101: {=IFERROR(INDEX(SFReportData!$E$2:$E$500,MATCH(1,($I101=SFReportData!$A$2:$A$500)*(J$1=SFReportData!$D$2:'SFReportData'!$D$500),0)),"")} -> 0 | K101: {=IFERROR(INDEX(SFReportData!$E$2:$E$500,MATCH(1,($I101=SFReportData!$A$2:$A$500)*(K$1=SFReportData!$D$2:'SFReportData'!$D$500),0)),"")} -> 0 | L101: {=IFERROR(INDEX(SFReportData!$E$2:$E$500,MATCH(1,($I101=SFReportData!$A$2:$A$500)*(L$1=SFReportData!$D$2:'SFReportData'!$D$500),0)),"")} -> 0 | M101: {=IFERROR(INDEX(SFReportData!$E$2:$E$500,MATCH(1,($I101=SFReportData!$A$2:$A$500)*(M$1=SFReportData!$D$2:'SFReportData'!$D$500),0)),"")} -> 0 | N101: {=IFERROR(INDEX(SFReportData!$E$2:$E$500,MATCH(1,($I101=SFReportData!$A$2:$A$500)*(N$1=SFReportData!$D$2:'SFReportData'!$D$500),0)),"")} -> 0 | O101: {=IFERROR(INDEX(SFReportData!$F$2:$F$500,MATCH(1,($I101=SFReportData!$A$2:$A$500)*(O$1=SFReportData!$D$2:'SFReportData'!$D$500),0)),"")} -> 0 | P101: {=IFERROR(INDEX(SFReportData!$F$2:$F$500,MATCH(1,($I101=SFReportData!$A$2:$A$500)*(P$1=SFReportData!$D$2:'SFReportData'!$D$500),0)),"")} -> 0 | Q101: {=IFERROR(INDEX(SFReportData!$F$2:$F$500,MATCH(1,($I101=SFReportData!$A$2:$A$500)*(Q$1=SFReportData!$D$2:'SFReportData'!$D$500),0)),"")} -> 0 | R101: {=IFERROR(INDEX(SFReportData!$F$2:$F$500,MATCH(1,($I101=SFReportData!$A$2:$A$500)*(R$1=SFReportData!$D$2:'SFReportData'!$D$500),0)),"")} -> 0 | S101: {=IFERROR(INDEX(SFReportData!$F$2:$F$500,MATCH(1,($I101=SFReportData!$A$2:$A$500)*(S$1=SFReportData!$D$2:'SFReportData'!$D$500),0)),"")} -> 0 | T101: {=IFERROR(INDEX(SFReportData!$G$2:$G$500,MATCH(1,($I101=SFReportData!$A$2:$A$500)*(T$1=SFReportData!$D$2:'SFReportData'!$D$500),0)),"")} -> 0 | U101: {=IFERROR(INDEX(SFReportData!$G$2:$G$500,MATCH(1,($I101=SFReportData!$A$2:$A$500)*(U$1=SFReportData!$D$2:'SFReportData'!$D$500),0)),"")} -> 0 | V101: {=IFERROR(INDEX(SFReportData!$G$2:$G$500,MATCH(1,($I101=SFReportData!$A$2:$A$500)*(V$1=SFReportData!$D$2:'SFReportData'!$D$500),0)),"")} -> 0 | W101: {=IFERROR(INDEX(SFReportData!$G$2:$G$500,MATCH(1,($I101=SFReportData!$A$2:$A$500)*(W$1=SFReportData!$D$2:'SFReportData'!$D$500),0)),"")} -> 0 | X101: {=IFERROR(INDEX(SFReportData!$G$2:$G$500,MATCH(1,($I101=SFReportData!$A$2:$A$500)*(X$1=SFReportData!$D$2:'SFReportData'!$D$500),0)),"")} -> 0 | Z101: =O101 -> 0 | AA101: =T101 -> 0 | AB101: =J101 -> 0 | AC101: =P101 -> 0 | AD101: =U101 -> 0 | AE101: =K101 -> 0 | AF101: =Q101 -> 0 | AG101: =V101 -> 0 | AH101: =L101 -> 0 | AI101: =R101 -> 0 | AJ101: =W101 -> 0 | AK101: =M101 -> 0 | AL101: =S101 -> 0 | AM101: =X101 -> 0 | AN101: =N101 -> 0
A102: {=IF(IFERROR(INDEX(SFReportData!$A$2:'SFReportData'!$A$500, MATCH(0, COUNTIF(TransformData!$A$2:'TransformData'!$A101, SFReportData!$A$2:'SFReportData'!$A$500), 0)),"") = 0,"", IFERROR(INDEX(SFReportData!$A$2:'SFReportData'!$A$500, MATCH(0, COUNTIF(TransformData!$A$2:'TransformData'!$A101, SFReportData!$A$2:'SFReportData'!$A$500), 0)),""))} | B102: =IFERROR(VLOOKUP(A102,SFReportData!$A$2:$B$500,2,0),"") | C102: =IFERROR(VLOOKUP(A102,SFReportData!$A$2:$C$500,3,0),"") | E102: =IFERROR(VLOOKUP(A102,SFReportData!$A$2:$J$500,10,0),"") | H102: =IFERROR(VLOOKUP(B102,SFReportData!B101:H599,7,0),"") | I102: {=CELL("contents",A102)} | J102: {=IFERROR(INDEX(SFReportData!$E$2:$E$500,MATCH(1,($I102=SFReportData!$A$2:$A$500)*(J$1=SFReportData!$D$2:'SFReportData'!$D$500),0)),"")} -> 0 | K102: {=IFERROR(INDEX(SFReportData!$E$2:$E$500,MATCH(1,($I102=SFReportData!$A$2:$A$500)*(K$1=SFReportData!$D$2:'SFReportData'!$D$500),0)),"")} -> 0 | L102: {=IFERROR(INDEX(SFReportData!$E$2:$E$500,MATCH(1,($I102=SFReportData!$A$2:$A$500)*(L$1=SFReportData!$D$2:'SFReportData'!$D$500),0)),"")} -> 0 | M102: {=IFERROR(INDEX(SFReportData!$E$2:$E$500,MATCH(1,($I102=SFReportData!$A$2:$A$500)*(M$1=SFReportData!$D$2:'SFReportData'!$D$500),0)),"")} -> 0 | N102: {=IFERROR(INDEX(SFReportData!$E$2:$E$500,MATCH(1,($I102=SFReportData!$A$2:$A$500)*(N$1=SFReportData!$D$2:'SFReportData'!$D$500),0)),"")} -> 0 | O102: {=IFERROR(INDEX(SFReportData!$F$2:$F$500,MATCH(1,($I102=SFReportData!$A$2:$A$500)*(O$1=SFReportData!$D$2:'SFReportData'!$D$500),0)),"")} -> 0 | P102: {=IFERROR(INDEX(SFReportData!$F$2:$F$500,MATCH(1,($I102=SFReportData!$A$2:$A$500)*(P$1=SFReportData!$D$2:'SFReportData'!$D$500),0)),"")} -> 0 | Q102: {=IFERROR(INDEX(SFReportData!$F$2:$F$500,MATCH(1,($I102=SFReportData!$A$2:$A$500)*(Q$1=SFReportData!$D$2:'SFReportData'!$D$500),0)),"")} -> 0 | R102: {=IFERROR(INDEX(SFReportData!$F$2:$F$500,MATCH(1,($I102=SFReportData!$A$2:$A$500)*(R$1=SFReportData!$D$2:'SFReportData'!$D$500),0)),"")} -> 0 | S102: {=IFERROR(INDEX(SFReportData!$F$2:$F$500,MATCH(1,($I102=SFReportData!$A$2:$A$500)*(S$1=SFReportData!$D$2:'SFReportData'!$D$500),0)),"")} -> 0 | T102: {=IFERROR(INDEX(SFReportData!$G$2:$G$500,MATCH(1,($I102=SFReportData!$A$2:$A$500)*(T$1=SFReportData!$D$2:'SFReportData'!$D$500),0)),"")} -> 0 | U102: {=IFERROR(INDEX(SFReportData!$G$2:$G$500,MATCH(1,($I102=SFReportData!$A$2:$A$500)*(U$1=SFReportData!$D$2:'SFReportData'!$D$500),0)),"")} -> 0 | V102: {=IFERROR(INDEX(SFReportData!$G$2:$G$500,MATCH(1,($I102=SFReportData!$A$2:$A$500)*(V$1=SFReportData!$D$2:'SFReportData'!$D$500),0)),"")} -> 0 | W102: {=IFERROR(INDEX(SFReportData!$G$2:$G$500,MATCH(1,($I102=SFReportData!$A$2:$A$500)*(W$1=SFReportData!$D$2:'SFReportData'!$D$500),0)),"")} -> 0 | X102: {=IFERROR(INDEX(SFReportData!$G$2:$G$500,MATCH(1,($I102=SFReportData!$A$2:$A$500)*(X$1=SFReportData!$D$2:'SFReportData'!$D$500),0)),"")} -> 0 | Z102: =O102 -> 0 | AA102: =T102 -> 0 | AB102: =J102 -> 0 | AC102: =P102 -> 0 | AD102: =U102 -> 0 | AE102: =K102 -> 0 | AF102: =Q102 -> 0 | AG102: =V102 -> 0 | AH102: =L102 -> 0 | AI102: =R102 -> 0 | AJ102: =W102 -> 0 | AK102: =M102 -> 0 | AL102: =S102 -> 0 | AM102: =X102 -> 0 | AN102: =N102 -> 0
A103: {=IF(IFERROR(INDEX(SFReportData!$A$2:'SFReportData'!$A$500, MATCH(0, COUNTIF(TransformData!$A$2:'TransformData'!$A102, SFReportData!$A$2:'SFReportData'!$A$500), 0)),"") = 0,"", IFERROR(INDEX(SFReportData!$A$2:'SFReportData'!$A$500, MATCH(0, COUNTIF(TransformData!$A$2:'TransformData'!$A102, SFReportData!$A$2:'SFReportData'!$A$500), 0)),""))} | B103: =IFERROR(VLOOKUP(A103,SFReportData!$A$2:$B$500,2,0),"") | C103: =IFERROR(VLOOKUP(A103,SFReportData!$A$2:$C$500,3,0),"") | E103: =IFERROR(VLOOKUP(A103,SFReportData!$A$2:$J$500,10,0),"") | H103: =IFERROR(VLOOKUP(B103,SFReportData!B102:H600,7,0),"") | I103: {=CELL("contents",A103)} | J103: {=IFERROR(INDEX(SFReportData!$E$2:$E$500,MATCH(1,($I103=SFReportData!$A$2:$A$500)*(J$1=SFReportData!$D$2:'SFReportData'!$D$500),0)),"")} -> 0 | K103: {=IFERROR(INDEX(SFReportData!$E$2:$E$500,MATCH(1,($I103=SFReportData!$A$2:$A$500)*(K$1=SFReportData!$D$2:'SFReportData'!$D$500),0)),"")} -> 0 | L103: {=IFERROR(INDEX(SFReportData!$E$2:$E$500,MATCH(1,($I103=SFReportData!$A$2:$A$500)*(L$1=SFReportData!$D$2:'SFReportData'!$D$500),0)),"")} -> 0 | M103: {=IFERROR(INDEX(SFReportData!$E$2:$E$500,MATCH(1,($I103=SFReportData!$A$2:$A$500)*(M$1=SFReportData!$D$2:'SFReportData'!$D$500),0)),"")} -> 0 | N103: {=IFERROR(INDEX(SFReportData!$E$2:$E$500,MATCH(1,($I103=SFReportData!$A$2:$A$500)*(N$1=SFReportData!$D$2:'SFReportData'!$D$500),0)),"")} -> 0 | O103: {=IFERROR(INDEX(SFReportData!$F$2:$F$500,MATCH(1,($I103=SFReportData!$A$2:$A$500)*(O$1=SFReportData!$D$2:'SFReportData'!$D$500),0)),"")} -> 0 | P103: {=IFERROR(INDEX(SFReportData!$F$2:$F$500,MATCH(1,($I103=SFReportData!$A$2:$A$500)*(P$1=SFReportData!$D$2:'SFReportData'!$D$500),0)),"")} -> 0 | Q103: {=IFERROR(INDEX(SFReportData!$F$2:$F$500,MATCH(1,($I103=SFReportData!$A$2:$A$500)*(Q$1=SFReportData!$D$2:'SFReportData'!$D$500),0)),"")} -> 0 | R103: {=IFERROR(INDEX(SFReportData!$F$2:$F$500,MATCH(1,($I103=SFReportData!$A$2:$A$500)*(R$1=SFReportData!$D$2:'SFReportData'!$D$500),0)),"")} -> 0 | S103: {=IFERROR(INDEX(SFReportData!$F$2:$F$500,MATCH(1,($I103=SFReportData!$A$2:$A$500)*(S$1=SFReportData!$D$2:'SFReportData'!$D$500),0)),"")} -> 0 | T103: {=IFERROR(INDEX(SFReportData!$G$2:$G$500,MATCH(1,($I103=SFReportData!$A$2:$A$500)*(T$1=SFReportData!$D$2:'SFReportData'!$D$500),0)),"")} -> 0 | U103: {=IFERROR(INDEX(SFReportData!$G$2:$G$500,MATCH(1,($I103=SFReportData!$A$2:$A$500)*(U$1=SFReportData!$D$2:'SFReportData'!$D$500),0)),"")} -> 0 | V103: {=IFERROR(INDEX(SFReportData!$G$2:$G$500,MATCH(1,($I103=SFReportData!$A$2:$A$500)*(V$1=SFReportData!$D$2:'SFReportData'!$D$500),0)),"")} -> 0 | W103: {=IFERROR(INDEX(SFReportData!$G$2:$G$500,MATCH(1,($I103=SFReportData!$A$2:$A$500)*(W$1=SFReportData!$D$2:'SFReportData'!$D$500),0)),"")} -> 0 | X103: {=IFERROR(INDEX(SFReportData!$G$2:$G$500,MATCH(1,($I103=SFReportData!$A$2:$A$500)*(X$1=SFReportData!$D$2:'SFReportData'!$D$500),0)),"")} -> 0 | Z103: =O103 -> 0 | AA103: =T103 -> 0 | AB103: =J103 -> 0 | AC103: =P103 -> 0 | AD103: =U103 -> 0 | AE103: =K103 -> 0 | AF103: =Q103 -> 0 | AG103: =V103 -> 0 | AH103: =L103 -> 0 | AI103: =R103 -> 0 | AJ103: =W103 -> 0 | AK103: =M103 -> 0 | AL103: =S103 -> 0 | AM103: =X103 -> 0 | AN103: =N103 -> 0
A104: {=IF(IFERROR(INDEX(SFReportData!$A$2:'SFReportData'!$A$500, MATCH(0, COUNTIF(TransformData!$A$2:'TransformData'!$A103, SFReportData!$A$2:'SFReportData'!$A$500), 0)),"") = 0,"", IFERROR(INDEX(SFReportData!$A$2:'SFReportData'!$A$500, MATCH(0, COUNTIF(TransformData!$A$2:'TransformData'!$A103, SFReportData!$A$2:'SFReportData'!$A$500), 0)),""))} | B104: =IFERROR(VLOOKUP(A104,SFReportData!$A$2:$B$500,2,0),"") | C104: =IFERROR(VLOOKUP(A104,SFReportData!$A$2:$C$500,3,0),"") | E104: =IFERROR(VLOOKUP(A104,SFReportData!$A$2:$J$500,10,0),"") | H104: =IFERROR(VLOOKUP(B104,SFReportData!B103:H601,7,0),"") | I104: {=CELL("contents",A104)} | J104: {=IFERROR(INDEX(SFReportData!$E$2:$E$500,MATCH(1,($I104=SFReportData!$A$2:$A$500)*(J$1=SFReportData!$D$2:'SFReportData'!$D$500),0)),"")} -> 0 | K104: {=IFERROR(INDEX(SFReportData!$E$2:$E$500,MATCH(1,($I104=SFReportData!$A$2:$A$500)*(K$1=SFReportData!$D$2:'SFReportData'!$D$500),0)),"")} -> 0 | L104: {=IFERROR(INDEX(SFReportData!$E$2:$E$500,MATCH(1,($I104=SFReportData!$A$2:$A$500)*(L$1=SFReportData!$D$2:'SFReportData'!$D$500),0)),"")} -> 0 | M104: {=IFERROR(INDEX(SFReportData!$E$2:$E$500,MATCH(1,($I104=SFReportData!$A$2:$A$500)*(M$1=SFReportData!$D$2:'SFReportData'!$D$500),0)),"")} -> 0 | N104: {=IFERROR(INDEX(SFReportData!$E$2:$E$500,MATCH(1,($I104=SFReportData!$A$2:$A$500)*(N$1=SFReportData!$D$2:'SFReportData'!$D$500),0)),"")} -> 0 | O104: {=IFERROR(INDEX(SFReportData!$F$2:$F$500,MATCH(1,($I104=SFReportData!$A$2:$A$500)*(O$1=SFReportData!$D$2:'SFReportData'!$D$500),0)),"")} -> 0 | P104: {=IFERROR(INDEX(SFReportData!$F$2:$F$500,MATCH(1,($I104=SFReportData!$A$2:$A$500)*(P$1=SFReportData!$D$2:'SFReportData'!$D$500),0)),"")} -> 0 | Q104: {=IFERROR(INDEX(SFReportData!$F$2:$F$500,MATCH(1,($I104=SFReportData!$A$2:$A$500)*(Q$1=SFReportData!$D$2:'SFReportData'!$D$500),0)),"")} -> 0 | R104: {=IFERROR(INDEX(SFReportData!$F$2:$F$500,MATCH(1,($I104=SFReportData!$A$2:$A$500)*(R$1=SFReportData!$D$2:'SFReportData'!$D$500),0)),"")} -> 0 | S104: {=IFERROR(INDEX(SFReportData!$F$2:$F$500,MATCH(1,($I104=SFReportData!$A$2:$A$500)*(S$1=SFReportData!$D$2:'SFReportData'!$D$500),0)),"")} -> 0 | T104: {=IFERROR(INDEX(SFReportData!$G$2:$G$500,MATCH(1,($I104=SFReportData!$A$2:$A$500)*(T$1=SFReportData!$D$2:'SFReportData'!$D$500),0)),"")} -> 0 | U104: {=IFERROR(INDEX(SFReportData!$G$2:$G$500,MATCH(1,($I104=SFReportData!$A$2:$A$500)*(U$1=SFReportData!$D$2:'SFReportData'!$D$500),0)),"")} -> 0 | V104: {=IFERROR(INDEX(SFReportData!$G$2:$G$500,MATCH(1,($I104=SFReportData!$A$2:$A$500)*(V$1=SFReportData!$D$2:'SFReportData'!$D$500),0)),"")} -> 0 | W104: {=IFERROR(INDEX(SFReportData!$G$2:$G$500,MATCH(1,($I104=SFReportData!$A$2:$A$500)*(W$1=SFReportData!$D$2:'SFReportData'!$D$500),0)),"")} -> 0 | X104: {=IFERROR(INDEX(SFReportData!$G$2:$G$500,MATCH(1,($I104=SFReportData!$A$2:$A$500)*(X$1=SFReportData!$D$2:'SFReportData'!$D$500),0)),"")} -> 0 | Z104: =O104 -> 0 | AA104: =T104 -> 0 | AB104: =J104 -> 0 | AC104: =P104 -> 0 | AD104: =U104 -> 0 | AE104: =K104 -> 0 | AF104: =Q104 -> 0 | AG104: =V104 -> 0 | AH104: =L104 -> 0 | AI104: =R104 -> 0 | AJ104: =W104 -> 0 | AK104: =M104 -> 0 | AL104: =S104 -> 0 | AM104: =X104 -> 0 | AN104: =N104 -> 0
A105: {=IF(IFERROR(INDEX(SFReportData!$A$2:'SFReportData'!$A$500, MATCH(0, COUNTIF(TransformData!$A$2:'TransformData'!$A104, SFReportData!$A$2:'SFReportData'!$A$500), 0)),"") = 0,"", IFERROR(INDEX(SFReportData!$A$2:'SFReportData'!$A$500, MATCH(0, COUNTIF(TransformData!$A$2:'TransformData'!$A104, SFReportData!$A$2:'SFReportData'!$A$500), 0)),""))} | B105: =IFERROR(VLOOKUP(A105,SFReportData!$A$2:$B$500,2,0),"") | C105: =IFERROR(VLOOKUP(A105,SFReportData!$A$2:$C$500,3,0),"") | E105: =IFERROR(VLOOKUP(A105,SFReportData!$A$2:$J$500,10,0),"") | H105: =IFERROR(VLOOKUP(B105,SFReportData!B104:H602,7,0),"") | I105: {=CELL("contents",A105)} | J105: {=IFERROR(INDEX(SFReportData!$E$2:$E$500,MATCH(1,($I105=SFReportData!$A$2:$A$500)*(J$1=SFReportData!$D$2:'SFReportData'!$D$500),0)),"")} -> 0 | K105: {=IFERROR(INDEX(SFReportData!$E$2:$E$500,MATCH(1,($I105=SFReportData!$A$2:$A$500)*(K$1=SFReportData!$D$2:'SFReportData'!$D$500),0)),"")} -> 0 | L105: {=IFERROR(INDEX(SFReportData!$E$2:$E$500,MATCH(1,($I105=SFReportData!$A$2:$A$500)*(L$1=SFReportData!$D$2:'SFReportData'!$D$500),0)),"")} -> 0 | M105: {=IFERROR(INDEX(SFReportData!$E$2:$E$500,MATCH(1,($I105=SFReportData!$A$2:$A$500)*(M$1=SFReportData!$D$2:'SFReportData'!$D$500),0)),"")} -> 0 | N105: {=IFERROR(INDEX(SFReportData!$E$2:$E$500,MATCH(1,($I105=SFReportData!$A$2:$A$500)*(N$1=SFReportData!$D$2:'SFReportData'!$D$500),0)),"")} -> 0 | O105: {=IFERROR(INDEX(SFReportData!$F$2:$F$500,MATCH(1,($I105=SFReportData!$A$2:$A$500)*(O$1=SFReportData!$D$2:'SFReportData'!$D$500),0)),"")} -> 0 | P105: {=IFERROR(INDEX(SFReportData!$F$2:$F$500,MATCH(1,($I105=SFReportData!$A$2:$A$500)*(P$1=SFReportData!$D$2:'SFReportData'!$D$500),0)),"")} -> 0 | Q105: {=IFERROR(INDEX(SFReportData!$F$2:$F$500,MATCH(1,($I105=SFReportData!$A$2:$A$500)*(Q$1=SFReportData!$D$2:'SFReportData'!$D$500),0)),"")} -> 0 | R105: {=IFERROR(INDEX(SFReportData!$F$2:$F$500,MATCH(1,($I105=SFReportData!$A$2:$A$500)*(R$1=SFReportData!$D$2:'SFReportData'!$D$500),0)),"")} -> 0 | S105: {=IFERROR(INDEX(SFReportData!$F$2:$F$500,MATCH(1,($I105=SFReportData!$A$2:$A$500)*(S$1=SFReportData!$D$2:'SFReportData'!$D$500),0)),"")} -> 0 | T105: {=IFERROR(INDEX(SFReportData!$G$2:$G$500,MATCH(1,($I105=SFReportData!$A$2:$A$500)*(T$1=SFReportData!$D$2:'SFReportData'!$D$500),0)),"")} -> 0 | U105: {=IFERROR(INDEX(SFReportData!$G$2:$G$500,MATCH(1,($I105=SFReportData!$A$2:$A$500)*(U$1=SFReportData!$D$2:'SFReportData'!$D$500),0)),"")} -> 0 | V105: {=IFERROR(INDEX(SFReportData!$G$2:$G$500,MATCH(1,($I105=SFReportData!$A$2:$A$500)*(V$1=SFReportData!$D$2:'SFReportData'!$D$500),0)),"")} -> 0 | W105: {=IFERROR(INDEX(SFReportData!$G$2:$G$500,MATCH(1,($I105=SFReportData!$A$2:$A$500)*(W$1=SFReportData!$D$2:'SFReportData'!$D$500),0)),"")} -> 0 | X105: {=IFERROR(INDEX(SFReportData!$G$2:$G$500,MATCH(1,($I105=SFReportData!$A$2:$A$500)*(X$1=SFReportData!$D$2:'SFReportData'!$D$500),0)),"")} -> 0 | Z105: =O105 -> 0 | AA105: =T105 -> 0 | AB105: =J105 -> 0 | AC105: =P105 -> 0 | AD105: =U105 -> 0 | AE105: =K105 -> 0 | AF105: =Q105 -> 0 | AG105: =V105 -> 0 | AH105: =L105 -> 0 | AI105: =R105 -> 0 | AJ105: =W105 -> 0 | AK105: =M105 -> 0 | AL105: =S105 -> 0 | AM105: =X105 -> 0 | AN105: =N105 -> 0
A106: {=IF(IFERROR(INDEX(SFReportData!$A$2:'SFReportData'!$A$500, MATCH(0, COUNTIF(TransformData!$A$2:'TransformData'!$A105, SFReportData!$A$2:'SFReportData'!$A$500), 0)),"") = 0,"", IFERROR(INDEX(SFReportData!$A$2:'SFReportData'!$A$500, MATCH(0, COUNTIF(TransformData!$A$2:'TransformData'!$A105, SFReportData!$A$2:'SFReportData'!$A$500), 0)),""))} | B106: =IFERROR(VLOOKUP(A106,SFReportData!$A$2:$B$500,2,0),"") | C106: =IFERROR(VLOOKUP(A106,SFReportData!$A$2:$C$500,3,0),"") | E106: =IFERROR(VLOOKUP(A106,SFReportData!$A$2:$J$500,10,0),"") | H106: =IFERROR(VLOOKUP(B106,SFReportData!B105:H603,7,0),"") | I106: {=CELL("contents",A106)} | J106: {=IFERROR(INDEX(SFReportData!$E$2:$E$500,MATCH(1,($I106=SFReportData!$A$2:$A$500)*(J$1=SFReportData!$D$2:'SFReportData'!$D$500),0)),"")} -> 0 | K106: {=IFERROR(INDEX(SFReportData!$E$2:$E$500,MATCH(1,($I106=SFReportData!$A$2:$A$500)*(K$1=SFReportData!$D$2:'SFReportData'!$D$500),0)),"")} -> 0 | L106: {=IFERROR(INDEX(SFReportData!$E$2:$E$500,MATCH(1,($I106=SFReportData!$A$2:$A$500)*(L$1=SFReportData!$D$2:'SFReportData'!$D$500),0)),"")} -> 0 | M106: {=IFERROR(INDEX(SFReportData!$E$2:$E$500,MATCH(1,($I106=SFReportData!$A$2:$A$500)*(M$1=SFReportData!$D$2:'SFReportData'!$D$500),0)),"")} -> 0 | N106: {=IFERROR(INDEX(SFReportData!$E$2:$E$500,MATCH(1,($I106=SFReportData!$A$2:$A$500)*(N$1=SFReportData!$D$2:'SFReportData'!$D$500),0)),"")} -> 0 | O106: {=IFERROR(INDEX(SFReportData!$F$2:$F$500,MATCH(1,($I106=SFReportData!$A$2:$A$500)*(O$1=SFReportData!$D$2:'SFReportData'!$D$500),0)),"")} -> 0 | P106: {=IFERROR(INDEX(SFReportData!$F$2:$F$500,MATCH(1,($I106=SFReportData!$A$2:$A$500)*(P$1=SFReportData!$D$2:'SFReportData'!$D$500),0)),"")} -> 0 | Q106: {=IFERROR(INDEX(SFReportData!$F$2:$F$500,MATCH(1,($I106=SFReportData!$A$2:$A$500)*(Q$1=SFReportData!$D$2:'SFReportData'!$D$500),0)),"")} -> 0 | R106: {=IFERROR(INDEX(SFReportData!$F$2:$F$500,MATCH(1,($I106=SFReportData!$A$2:$A$500)*(R$1=SFReportData!$D$2:'SFReportData'!$D$500),0)),"")} -> 0 | S106: {=IFERROR(INDEX(SFReportData!$F$2:$F$500,MATCH(1,($I106=SFReportData!$A$2:$A$500)*(S$1=SFReportData!$D$2:'SFReportData'!$D$500),0)),"")} -> 0 | T106: {=IFERROR(INDEX(SFReportData!$G$2:$G$500,MATCH(1,($I106=SFReportData!$A$2:$A$500)*(T$1=SFReportData!$D$2:'SFReportData'!$D$500),0)),"")} -> 0 | U106: {=IFERROR(INDEX(SFReportData!$G$2:$G$500,MATCH(1,($I106=SFReportData!$A$2:$A$500)*(U$1=SFReportData!$D$2:'SFReportData'!$D$500),0)),"")} -> 0 | V106: {=IFERROR(INDEX(SFReportData!$G$2:$G$500,MATCH(1,($I106=SFReportData!$A$2:$A$500)*(V$1=SFReportData!$D$2:'SFReportData'!$D$500),0)),"")} -> 0 | W106: {=IFERROR(INDEX(SFReportData!$G$2:$G$500,MATCH(1,($I106=SFReportData!$A$2:$A$500)*(W$1=SFReportData!$D$2:'SFReportData'!$D$500),0)),"")} -> 0 | X106: {=IFERROR(INDEX(SFReportData!$G$2:$G$500,MATCH(1,($I106=SFReportData!$A$2:$A$500)*(X$1=SFReportData!$D$2:'SFReportData'!$D$500),0)),"")} -> 0 | Z106: =O106 -> 0 | AA106: =T106 -> 0 | AB106: =J106 -> 0 | AC106: =P106 -> 0 | AD106: =U106 -> 0 | AE106: =K106 -> 0 | AF106: =Q106 -> 0 | AG106: =V106 -> 0 | AH106: =L106 -> 0 | AI106: =R106 -> 0 | AJ106: =W106 -> 0 | AK106: =M106 -> 0 | AL106: =S106 -> 0 | AM106: =X106 -> 0 | AN106: =N106 -> 0
A107: {=IF(IFERROR(INDEX(SFReportData!$A$2:'SFReportData'!$A$500, MATCH(0, COUNTIF(TransformData!$A$2:'TransformData'!$A106, SFReportData!$A$2:'SFReportData'!$A$500), 0)),"") = 0,"", IFERROR(INDEX(SFReportData!$A$2:'SFReportData'!$A$500, MATCH(0, COUNTIF(TransformData!$A$2:'TransformData'!$A106, SFReportData!$A$2:'SFReportData'!$A$500), 0)),""))} | B107: =IFERROR(VLOOKUP(A107,SFReportData!$A$2:$B$500,2,0),"") | C107: =IFERROR(VLOOKUP(A107,SFReportData!$A$2:$C$500,3,0),"") | E107: =IFERROR(VLOOKUP(A107,SFReportData!$A$2:$J$500,10,0),"") | H107: =IFERROR(VLOOKUP(B107,SFReportData!B106:H604,7,0),"") | I107: {=CELL("contents",A107)} | J107: {=IFERROR(INDEX(SFReportData!$E$2:$E$500,MATCH(1,($I107=SFReportData!$A$2:$A$500)*(J$1=SFReportData!$D$2:'SFReportData'!$D$500),0)),"")} -> 0 | K107: {=IFERROR(INDEX(SFReportData!$E$2:$E$500,MATCH(1,($I107=SFReportData!$A$2:$A$500)*(K$1=SFReportData!$D$2:'SFReportData'!$D$500),0)),"")} -> 0 | L107: {=IFERROR(INDEX(SFReportData!$E$2:$E$500,MATCH(1,($I107=SFReportData!$A$2:$A$500)*(L$1=SFReportData!$D$2:'SFReportData'!$D$500),0)),"")} -> 0 | M107: {=IFERROR(INDEX(SFReportData!$E$2:$E$500,MATCH(1,($I107=SFReportData!$A$2:$A$500)*(M$1=SFReportData!$D$2:'SFReportData'!$D$500),0)),"")} -> 0 | N107: {=IFERROR(INDEX(SFReportData!$E$2:$E$500,MATCH(1,($I107=SFReportData!$A$2:$A$500)*(N$1=SFReportData!$D$2:'SFReportData'!$D$500),0)),"")} -> 0 | O107: {=IFERROR(INDEX(SFReportData!$F$2:$F$500,MATCH(1,($I107=SFReportData!$A$2:$A$500)*(O$1=SFReportData!$D$2:'SFReportData'!$D$500),0)),"")} -> 0 | P107: {=IFERROR(INDEX(SFReportData!$F$2:$F$500,MATCH(1,($I107=SFReportData!$A$2:$A$500)*(P$1=SFReportData!$D$2:'SFReportData'!$D$500),0)),"")} -> 0 | Q107: {=IFERROR(INDEX(SFReportData!$F$2:$F$500,MATCH(1,($I107=SFReportData!$A$2:$A$500)*(Q$1=SFReportData!$D$2:'SFReportData'!$D$500),0)),"")} -> 0 | R107: {=IFERROR(INDEX(SFReportData!$F$2:$F$500,MATCH(1,($I107=SFReportData!$A$2:$A$500)*(R$1=SFReportData!$D$2:'SFReportData'!$D$500),0)),"")} -> 0 | S107: {=IFERROR(INDEX(SFReportData!$F$2:$F$500,MATCH(1,($I107=SFReportData!$A$2:$A$500)*(S$1=SFReportData!$D$2:'SFReportData'!$D$500),0)),"")} -> 0 | T107: {=IFERROR(INDEX(SFReportData!$G$2:$G$500,MATCH(1,($I107=SFReportData!$A$2:$A$500)*(T$1=SFReportData!$D$2:'SFReportData'!$D$500),0)),"")} -> 0 | U107: {=IFERROR(INDEX(SFReportData!$G$2:$G$500,MATCH(1,($I107=SFReportData!$A$2:$A$500)*(U$1=SFReportData!$D$2:'SFReportData'!$D$500),0)),"")} -> 0 | V107: {=IFERROR(INDEX(SFReportData!$G$2:$G$500,MATCH(1,($I107=SFReportData!$A$2:$A$500)*(V$1=SFReportData!$D$2:'SFReportData'!$D$500),0)),"")} -> 0 | W107: {=IFERROR(INDEX(SFReportData!$G$2:$G$500,MATCH(1,($I107=SFReportData!$A$2:$A$500)*(W$1=SFReportData!$D$2:'SFReportData'!$D$500),0)),"")} -> 0 | X107: {=IFERROR(INDEX(SFReportData!$G$2:$G$500,MATCH(1,($I107=SFReportData!$A$2:$A$500)*(X$1=SFReportData!$D$2:'SFReportData'!$D$500),0)),"")} -> 0 | Z107: =O107 -> 0 | AA107: =T107 -> 0 | AB107: =J107 -> 0 | AC107: =P107 -> 0 | AD107: =U107 -> 0 | AE107: =K107 -> 0 | AF107: =Q107 -> 0 | AG107: =V107 -> 0 | AH107: =L107 -> 0 | AI107: =R107 -> 0 | AJ107: =W107 -> 0 | AK107: =M107 -> 0 | AL107: =S107 -> 0 | AM107: =X107 -> 0 | AN107: =N107 -> 0
A108: {=IF(IFERROR(INDEX(SFReportData!$A$2:'SFReportData'!$A$500, MATCH(0, COUNTIF(TransformData!$A$2:'TransformData'!$A107, SFReportData!$A$2:'SFReportData'!$A$500), 0)),"") = 0,"", IFERROR(INDEX(SFReportData!$A$2:'SFReportData'!$A$500, MATCH(0, COUNTIF(TransformData!$A$2:'TransformData'!$A107, SFReportData!$A$2:'SFReportData'!$A$500), 0)),""))} | B108: =IFERROR(VLOOKUP(A108,SFReportData!$A$2:$B$500,2,0),"") | C108: =IFERROR(VLOOKUP(A108,SFReportData!$A$2:$C$500,3,0),"") | E108: =IFERROR(VLOOKUP(A108,SFReportData!$A$2:$J$500,10,0),"") | H108: =IFERROR(VLOOKUP(B108,SFReportData!B107:H605,7,0),"") | I108: {=CELL("contents",A108)} | J108: {=IFERROR(INDEX(SFReportData!$E$2:$E$500,MATCH(1,($I108=SFReportData!$A$2:$A$500)*(J$1=SFReportData!$D$2:'SFReportData'!$D$500),0)),"")} -> 0 | K108: {=IFERROR(INDEX(SFReportData!$E$2:$E$500,MATCH(1,($I108=SFReportData!$A$2:$A$500)*(K$1=SFReportData!$D$2:'SFReportData'!$D$500),0)),"")} -> 0 | L108: {=IFERROR(INDEX(SFReportData!$E$2:$E$500,MATCH(1,($I108=SFReportData!$A$2:$A$500)*(L$1=SFReportData!$D$2:'SFReportData'!$D$500),0)),"")} -> 0 | M108: {=IFERROR(INDEX(SFReportData!$E$2:$E$500,MATCH(1,($I108=SFReportData!$A$2:$A$500)*(M$1=SFReportData!$D$2:'SFReportData'!$D$500),0)),"")} -> 0 | N108: {=IFERROR(INDEX(SFReportData!$E$2:$E$500,MATCH(1,($I108=SFReportData!$A$2:$A$500)*(N$1=SFReportData!$D$2:'SFReportData'!$D$500),0)),"")} -> 0 | O108: {=IFERROR(INDEX(SFReportData!$F$2:$F$500,MATCH(1,($I108=SFReportData!$A$2:$A$500)*(O$1=SFReportData!$D$2:'SFReportData'!$D$500),0)),"")} -> 0 | P108: {=IFERROR(INDEX(SFReportData!$F$2:$F$500,MATCH(1,($I108=SFReportData!$A$2:$A$500)*(P$1=SFReportData!$D$2:'SFReportData'!$D$500),0)),"")} -> 0 | Q108: {=IFERROR(INDEX(SFReportData!$F$2:$F$500,MATCH(1,($I108=SFReportData!$A$2:$A$500)*(Q$1=SFReportData!$D$2:'SFReportData'!$D$500),0)),"")} -> 0 | R108: {=IFERROR(INDEX(SFReportData!$F$2:$F$500,MATCH(1,($I108=SFReportData!$A$2:$A$500)*(R$1=SFReportData!$D$2:'SFReportData'!$D$500),0)),"")} -> 0 | S108: {=IFERROR(INDEX(SFReportData!$F$2:$F$500,MATCH(1,($I108=SFReportData!$A$2:$A$500)*(S$1=SFReportData!$D$2:'SFReportData'!$D$500),0)),"")} -> 0 | T108: {=IFERROR(INDEX(SFReportData!$G$2:$G$500,MATCH(1,($I108=SFReportData!$A$2:$A$500)*(T$1=SFReportData!$D$2:'SFReportData'!$D$500),0)),"")} -> 0 | U108: {=IFERROR(INDEX(SFReportData!$G$2:$G$500,MATCH(1,($I108=SFReportData!$A$2:$A$500)*(U$1=SFReportData!$D$2:'SFReportData'!$D$500),0)),"")} -> 0 | V108: {=IFERROR(INDEX(SFReportData!$G$2:$G$500,MATCH(1,($I108=SFReportData!$A$2:$A$500)*(V$1=SFReportData!$D$2:'SFReportData'!$D$500),0)),"")} -> 0 | W108: {=IFERROR(INDEX(SFReportData!$G$2:$G$500,MATCH(1,($I108=SFReportData!$A$2:$A$500)*(W$1=SFReportData!$D$2:'SFReportData'!$D$500),0)),"")} -> 0 | X108: {=IFERROR(INDEX(SFReportData!$G$2:$G$500,MATCH(1,($I108=SFReportData!$A$2:$A$500)*(X$1=SFReportData!$D$2:'SFReportData'!$D$500),0)),"")} -> 0 | Z108: =O108 -> 0 | AA108: =T108 -> 0 | AB108: =J108 -> 0 | AC108: =P108 -> 0 | AD108: =U108 -> 0 | AE108: =K108 -> 0 | AF108: =Q108 -> 0 | AG108: =V108 -> 0 | AH108: =L108 -> 0 | AI108: =R108 -> 0 | AJ108: =W108 -> 0 | AK108: =M108 -> 0 | AL108: =S108 -> 0 | AM108: =X108 -> 0 | AN108: =N108 -> 0
... A116: {=IF(IFERROR(INDEX(SFReportData!$A$2:'SFReportData'!$A$500, MATCH(0, COUNTIF(TransformData!$A$2:'TransformData'!$A115, SFReportData!$A$2:'SFReportData'!$A$500), 0)),"") = 0,"", IFERROR(INDEX(SFReportData!$A$2:'SFReportData'!$A$500, MATCH(0, COUNTIF(TransformData!$A$2:'TransformData'!$A115, SFReportData!$A$2:'SFReportData'!$A$500), 0)),""))} | B116: =IFERROR(VLOOKUP(A116,SFReportData!$A$2:$B$500,2,0),"") | C116: =IFERROR(VLOOKUP(A116,SFReportData!$A$2:$C$500,3,0),"") | E116: =IFERROR(VLOOKUP(A116,SFReportData!$A$2:$J$500,10,0),"") | H116: =IFERROR(VLOOKUP(B116,SFReportData!B115:H613,7,0),"") | I116: {=CELL("contents",A116)} | J116: {=IFERROR(INDEX(SFReportData!$E$2:$E$500,MATCH(1,($I116=SFReportData!$A$2:$A$500)*(J$1=SFReportData!$D$2:'SFReportData'!$D$500),0)),"")} -> 0 | K116: {=IFERROR(INDEX(SFReportData!$E$2:$E$500,MATCH(1,($I116=SFReportData!$A$2:$A$500)*(K$1=SFReportData!$D$2:'SFReportData'!$D$500),0)),"")} -> 0 | L116: {=IFERROR(INDEX(SFReportData!$E$2:$E$500,MATCH(1,($I116=SFReportData!$A$2:$A$500)*(L$1=SFReportData!$D$2:'SFReportData'!$D$500),0)),"")} -> 0 | M116: {=IFERROR(INDEX(SFReportData!$E$2:$E$500,MATCH(1,($I116=SFReportData!$A$2:$A$500)*(M$1=SFReportData!$D$2:'SFReportData'!$D$500),0)),"")} -> 0 | N116: {=IFERROR(INDEX(SFReportData!$E$2:$E$500,MATCH(1,($I116=SFReportData!$A$2:$A$500)*(N$1=SFReportData!$D$2:'SFReportData'!$D$500),0)),"")} -> 0 | O116: {=IFERROR(INDEX(SFReportData!$F$2:$F$500,MATCH(1,($I116=SFReportData!$A$2:$A$500)*(O$1=SFReportData!$D$2:'SFReportData'!$D$500),0)),"")} -> 0 | P116: {=IFERROR(INDEX(SFReportData!$F$2:$F$500,MATCH(1,($I116=SFReportData!$A$2:$A$500)*(P$1=SFReportData!$D$2:'SFReportData'!$D$500),0)),"")} -> 0 | Q116: {=IFERROR(INDEX(SFReportData!$F$2:$F$500,MATCH(1,($I116=SFReportData!$A$2:$A$500)*(Q$1=SFReportData!$D$2:'SFReportData'!$D$500),0)),"")} -> 0 | R116: {=IFERROR(INDEX(SFReportData!$F$2:$F$500,MATCH(1,($I116=SFReportData!$A$2:$A$500)*(R$1=SFReportData!$D$2:'SFReportData'!$D$500),0)),"")} -> 0 | S116: {=IFERROR(INDEX(SFReportData!$F$2:$F$500,MATCH(1,($I116=SFReportData!$A$2:$A$500)*(S$1=SFReportData!$D$2:'SFReportData'!$D$500),0)),"")} -> 0 | T116: {=IFERROR(INDEX(SFReportData!$G$2:$G$500,MATCH(1,($I116=SFReportData!$A$2:$A$500)*(T$1=SFReportData!$D$2:'SFReportData'!$D$500),0)),"")} -> 0 | U116: {=IFERROR(INDEX(SFReportData!$G$2:$G$500,MATCH(1,($I116=SFReportData!$A$2:$A$500)*(U$1=SFReportData!$D$2:'SFReportData'!$D$500),0)),"")} -> 0 | V116: {=IFERROR(INDEX(SFReportData!$G$2:$G$500,MATCH(1,($I116=SFReportData!$A$2:$A$500)*(V$1=SFReportData!$D$2:'SFReportData'!$D$500),0)),"")} -> 0 | W116: {=IFERROR(INDEX(SFReportData!$G$2:$G$500,MATCH(1,($I116=SFReportData!$A$2:$A$500)*(W$1=SFReportData!$D$2:'SFReportData'!$D$500),0)),"")} -> 0 | X116: {=IFERROR(INDEX(SFReportData!$G$2:$G$500,MATCH(1,($I116=SFReportData!$A$2:$A$500)*(X$1=SFReportData!$D$2:'SFReportData'!$D$500),0)),"")} -> 0 | Z116: =O116 -> 0 | AA116: =T116 -> 0 | AB116: =J116 -> 0 | AC116: =P116 -> 0 | AD116: =U116 -> 0 | AE116: =K116 -> 0 | AF116: =Q116 -> 0 | AG116: =V116 -> 0 | AH116: =L116 -> 0 | AI116: =R116 -> 0 | AJ116: =W116 -> 0 | AK116: =M116 -> 0 | AL116: =S116 -> 0 | AM116: =X116 -> 0 | AN116: =N116 -> 0
A117: {=IF(IFERROR(INDEX(SFReportData!$A$2:'SFReportData'!$A$500, MATCH(0, COUNTIF(TransformData!$A$2:'TransformData'!$A116, SFReportData!$A$2:'SFReportData'!$A$500), 0)),"") = 0,"", IFERROR(INDEX(SFReportData!$A$2:'SFReportData'!$A$500, MATCH(0, COUNTIF(TransformData!$A$2:'TransformData'!$A116, SFReportData!$A$2:'SFReportData'!$A$500), 0)),""))} | B117: =IFERROR(VLOOKUP(A117,SFReportData!$A$2:$B$500,2,0),"") | C117: =IFERROR(VLOOKUP(A117,SFReportData!$A$2:$C$500,3,0),"") | H117: =IFERROR(VLOOKUP(B117,SFReportData!B116:H614,7,0),"") | I117: {=CELL("contents",A117)} | J117: {=IFERROR(INDEX(SFReportData!$E$2:$E$500,MATCH(1,($I117=SFReportData!$A$2:$A$500)*(J$1=SFReportData!$D$2:'SFReportData'!$D$500),0)),"")} -> 0 | K117: {=IFERROR(INDEX(SFReportData!$E$2:$E$500,MATCH(1,($I117=SFReportData!$A$2:$A$500)*(K$1=SFReportData!$D$2:'SFReportData'!$D$500),0)),"")} -> 0 | L117: {=IFERROR(INDEX(SFReportData!$E$2:$E$500,MATCH(1,($I117=SFReportData!$A$2:$A$500)*(L$1=SFReportData!$D$2:'SFReportData'!$D$500),0)),"")} -> 0 | M117: {=IFERROR(INDEX(SFReportData!$E$2:$E$500,MATCH(1,($I117=SFReportData!$A$2:$A$500)*(M$1=SFReportData!$D$2:'SFReportData'!$D$500),0)),"")} -> 0 | N117: {=IFERROR(INDEX(SFReportData!$E$2:$E$500,MATCH(1,($I117=SFReportData!$A$2:$A$500)*(N$1=SFReportData!$D$2:'SFReportData'!$D$500),0)),"")} -> 0 | O117: {=IFERROR(INDEX(SFReportData!$F$2:$F$500,MATCH(1,($I117=SFReportData!$A$2:$A$500)*(O$1=SFReportData!$D$2:'SFReportData'!$D$500),0)),"")} -> 0 | P117: {=IFERROR(INDEX(SFReportData!$F$2:$F$500,MATCH(1,($I117=SFReportData!$A$2:$A$500)*(P$1=SFReportData!$D$2:'SFReportData'!$D$500),0)),"")} -> 0 | Q117: {=IFERROR(INDEX(SFReportData!$F$2:$F$500,MATCH(1,($I117=SFReportData!$A$2:$A$500)*(Q$1=SFReportData!$D$2:'SFReportData'!$D$500),0)),"")} -> 0 | R117: {=IFERROR(INDEX(SFReportData!$F$2:$F$500,MATCH(1,($I117=SFReportData!$A$2:$A$500)*(R$1=SFReportData!$D$2:'SFReportData'!$D$500),0)),"")} -> 0 | S117: {=IFERROR(INDEX(SFReportData!$F$2:$F$500,MATCH(1,($I117=SFReportData!$A$2:$A$500)*(S$1=SFReportData!$D$2:'SFReportData'!$D$500),0)),"")} -> 0 | T117: {=IFERROR(INDEX(SFReportData!$G$2:$G$500,MATCH(1,($I117=SFReportData!$A$2:$A$500)*(T$1=SFReportData!$D$2:'SFReportData'!$D$500),0)),"")} -> 0 | U117: {=IFERROR(INDEX(SFReportData!$G$2:$G$500,MATCH(1,($I117=SFReportData!$A$2:$A$500)*(U$1=SFReportData!$D$2:'SFReportData'!$D$500),0)),"")} -> 0 | V117: {=IFERROR(INDEX(SFReportData!$G$2:$G$500,MATCH(1,($I117=SFReportData!$A$2:$A$500)*(V$1=SFReportData!$D$2:'SFReportData'!$D$500),0)),"")} -> 0 | W117: {=IFERROR(INDEX(SFReportData!$G$2:$G$500,MATCH(1,($I117=SFReportData!$A$2:$A$500)*(W$1=SFReportData!$D$2:'SFReportData'!$D$500),0)),"")} -> 0 | X117: {=IFERROR(INDEX(SFReportData!$G$2:$G$500,MATCH(1,($I117=SFReportData!$A$2:$A$500)*(X$1=SFReportData!$D$2:'SFReportData'!$D$500),0)),"")} -> 0 | Z117: =O117 -> 0 | AA117: =T117 -> 0 | AB117: =J117 -> 0 | AC117: =P117 -> 0 | AD117: =U117 -> 0 | AE117: =K117 -> 0 | AF117: =Q117 -> 0 | AG117: =V117 -> 0 | AH117: =L117 -> 0 | AI117: =R117 -> 0 | AJ117: =W117 -> 0 | AK117: =M117 -> 0 | AL117: =S117 -> 0 | AM117: =X117 -> 0 | AN117: =N117 -> 0
A118: {=IF(IFERROR(INDEX(SFReportData!$A$2:'SFReportData'!$A$500, MATCH(0, COUNTIF(TransformData!$A$2:'TransformData'!$A117, SFReportData!$A$2:'SFReportData'!$A$500), 0)),"") = 0,"", IFERROR(INDEX(SFReportData!$A$2:'SFReportData'!$A$500, MATCH(0, COUNTIF(TransformData!$A$2:'TransformData'!$A117, SFReportData!$A$2:'SFReportData'!$A$500), 0)),""))} | B118: =IFERROR(VLOOKUP(A118,SFReportData!$A$2:$B$500,2,0),"") | C118: =IFERROR(VLOOKUP(A118,SFReportData!$A$2:$C$500,3,0),"") | H118: =IFERROR(VLOOKUP(B118,SFReportData!B117:H615,7,0),"") | I118: {=CELL("contents",A118)} | J118: {=IFERROR(INDEX(SFReportData!$E$2:$E$500,MATCH(1,($I118=SFReportData!$A$2:$A$500)*(J$1=SFReportData!$D$2:'SFReportData'!$D$500),0)),"")} -> 0 | K118: {=IFERROR(INDEX(SFReportData!$E$2:$E$500,MATCH(1,($I118=SFReportData!$A$2:$A$500)*(K$1=SFReportData!$D$2:'SFReportData'!$D$500),0)),"")} -> 0 | L118: {=IFERROR(INDEX(SFReportData!$E$2:$E$500,MATCH(1,($I118=SFReportData!$A$2:$A$500)*(L$1=SFReportData!$D$2:'SFReportData'!$D$500),0)),"")} -> 0 | M118: {=IFERROR(INDEX(SFReportData!$E$2:$E$500,MATCH(1,($I118=SFReportData!$A$2:$A$500)*(M$1=SFReportData!$D$2:'SFReportData'!$D$500),0)),"")} -> 0 | N118: {=IFERROR(INDEX(SFReportData!$E$2:$E$500,MATCH(1,($I118=SFReportData!$A$2:$A$500)*(N$1=SFReportData!$D$2:'SFReportData'!$D$500),0)),"")} -> 0 | O118: {=IFERROR(INDEX(SFReportData!$F$2:$F$500,MATCH(1,($I118=SFReportData!$A$2:$A$500)*(O$1=SFReportData!$D$2:'SFReportData'!$D$500),0)),"")} -> 0 | P118: {=IFERROR(INDEX(SFReportData!$F$2:$F$500,MATCH(1,($I118=SFReportData!$A$2:$A$500)*(P$1=SFReportData!$D$2:'SFReportData'!$D$500),0)),"")} -> 0 | Q118: {=IFERROR(INDEX(SFReportData!$F$2:$F$500,MATCH(1,($I118=SFReportData!$A$2:$A$500)*(Q$1=SFReportData!$D$2:'SFReportData'!$D$500),0)),"")} -> 0 | R118: {=IFERROR(INDEX(SFReportData!$F$2:$F$500,MATCH(1,($I118=SFReportData!$A$2:$A$500)*(R$1=SFReportData!$D$2:'SFReportData'!$D$500),0)),"")} -> 0 | S118: {=IFERROR(INDEX(SFReportData!$F$2:$F$500,MATCH(1,($I118=SFReportData!$A$2:$A$500)*(S$1=SFReportData!$D$2:'SFReportData'!$D$500),0)),"")} -> 0 | T118: {=IFERROR(INDEX(SFReportData!$G$2:$G$500,MATCH(1,($I118=SFReportData!$A$2:$A$500)*(T$1=SFReportData!$D$2:'SFReportData'!$D$500),0)),"")} -> 0 | U118: {=IFERROR(INDEX(SFReportData!$G$2:$G$500,MATCH(1,($I118=SFReportData!$A$2:$A$500)*(U$1=SFReportData!$D$2:'SFReportData'!$D$500),0)),"")} -> 0 | V118: {=IFERROR(INDEX(SFReportData!$G$2:$G$500,MATCH(1,($I118=SFReportData!$A$2:$A$500)*(V$1=SFReportData!$D$2:'SFReportData'!$D$500),0)),"")} -> 0 | W118: {=IFERROR(INDEX(SFReportData!$G$2:$G$500,MATCH(1,($I118=SFReportData!$A$2:$A$500)*(W$1=SFReportData!$D$2:'SFReportData'!$D$500),0)),"")} -> 0 | X118: {=IFERROR(INDEX(SFReportData!$G$2:$G$500,MATCH(1,($I118=SFReportData!$A$2:$A$500)*(X$1=SFReportData!$D$2:'SFReportData'!$D$500),0)),"")} -> 0 | Z118: =O118 -> 0 | AA118: =T118 -> 0 | AB118: =J118 -> 0 | AC118: =P118 -> 0 | AD118: =U118 -> 0 | AE118: =K118 -> 0 | AF118: =Q118 -> 0 | AG118: =V118 -> 0 | AH118: =L118 -> 0 | AI118: =R118 -> 0 | AJ118: =W118 -> 0 | AK118: =M118 -> 0 | AL118: =S118 -> 0 | AM118: =X118 -> 0 | AN118: =N118 -> 0
A119: {=IF(IFERROR(INDEX(SFReportData!$A$2:'SFReportData'!$A$500, MATCH(0, COUNTIF(TransformData!$A$2:'TransformData'!$A118, SFReportData!$A$2:'SFReportData'!$A$500), 0)),"") = 0,"", IFERROR(INDEX(SFReportData!$A$2:'SFReportData'!$A$500, MATCH(0, COUNTIF(TransformData!$A$2:'TransformData'!$A118, SFReportData!$A$2:'SFReportData'!$A$500), 0)),""))} | B119: =IFERROR(VLOOKUP(A119,SFReportData!$A$2:$B$500,2,0),"") | C119: =IFERROR(VLOOKUP(A119,SFReportData!$A$2:$C$500,3,0),"") | H119: =IFERROR(VLOOKUP(B119,SFReportData!B118:H616,7,0),"") | I119: {=CELL("contents",A119)} | J119: {=IFERROR(INDEX(SFReportData!$E$2:$E$500,MATCH(1,($I119=SFReportData!$A$2:$A$500)*(J$1=SFReportData!$D$2:'SFReportData'!$D$500),0)),"")} -> 0 | K119: {=IFERROR(INDEX(SFReportData!$E$2:$E$500,MATCH(1,($I119=SFReportData!$A$2:$A$500)*(K$1=SFReportData!$D$2:'SFReportData'!$D$500),0)),"")} -> 0 | L119: {=IFERROR(INDEX(SFReportData!$E$2:$E$500,MATCH(1,($I119=SFReportData!$A$2:$A$500)*(L$1=SFReportData!$D$2:'SFReportData'!$D$500),0)),"")} -> 0 | M119: {=IFERROR(INDEX(SFReportData!$E$2:$E$500,MATCH(1,($I119=SFReportData!$A$2:$A$500)*(M$1=SFReportData!$D$2:'SFReportData'!$D$500),0)),"")} -> 0 | N119: {=IFERROR(INDEX(SFReportData!$E$2:$E$500,MATCH(1,($I119=SFReportData!$A$2:$A$500)*(N$1=SFReportData!$D$2:'SFReportData'!$D$500),0)),"")} -> 0 | O119: {=IFERROR(INDEX(SFReportData!$F$2:$F$500,MATCH(1,($I119=SFReportData!$A$2:$A$500)*(O$1=SFReportData!$D$2:'SFReportData'!$D$500),0)),"")} -> 0 | P119: {=IFERROR(INDEX(SFReportData!$F$2:$F$500,MATCH(1,($I119=SFReportData!$A$2:$A$500)*(P$1=SFReportData!$D$2:'SFReportData'!$D$500),0)),"")} -> 0 | Q119: {=IFERROR(INDEX(SFReportData!$F$2:$F$500,MATCH(1,($I119=SFReportData!$A$2:$A$500)*(Q$1=SFReportData!$D$2:'SFReportData'!$D$500),0)),"")} -> 0 | R119: {=IFERROR(INDEX(SFReportData!$F$2:$F$500,MATCH(1,($I119=SFReportData!$A$2:$A$500)*(R$1=SFReportData!$D$2:'SFReportData'!$D$500),0)),"")} -> 0 | S119: {=IFERROR(INDEX(SFReportData!$F$2:$F$500,MATCH(1,($I119=SFReportData!$A$2:$A$500)*(S$1=SFReportData!$D$2:'SFReportData'!$D$500),0)),"")} -> 0 | T119: {=IFERROR(INDEX(SFReportData!$G$2:$G$500,MATCH(1,($I119=SFReportData!$A$2:$A$500)*(T$1=SFReportData!$D$2:'SFReportData'!$D$500),0)),"")} -> 0 | U119: {=IFERROR(INDEX(SFReportData!$G$2:$G$500,MATCH(1,($I119=SFReportData!$A$2:$A$500)*(U$1=SFReportData!$D$2:'SFReportData'!$D$500),0)),"")} -> 0 | V119: {=IFERROR(INDEX(SFReportData!$G$2:$G$500,MATCH(1,($I119=SFReportData!$A$2:$A$500)*(V$1=SFReportData!$D$2:'SFReportData'!$D$500),0)),"")} -> 0 | W119: {=IFERROR(INDEX(SFReportData!$G$2:$G$500,MATCH(1,($I119=SFReportData!$A$2:$A$500)*(W$1=SFReportData!$D$2:'SFReportData'!$D$500),0)),"")} -> 0 | X119: {=IFERROR(INDEX(SFReportData!$G$2:$G$500,MATCH(1,($I119=SFReportData!$A$2:$A$500)*(X$1=SFReportData!$D$2:'SFReportData'!$D$500),0)),"")} -> 0 | Z119: =O119 -> 0 | AA119: =T119 -> 0 | AB119: =J119 -> 0 | AC119: =P119 -> 0 | AD119: =U119 -> 0 | AE119: =K119 -> 0 | AF119: =Q119 -> 0 | AG119: =V119 -> 0 | AH119: =L119 -> 0 | AI119: =R119 -> 0 | AJ119: =W119 -> 0 | AK119: =M119 -> 0 | AL119: =S119 -> 0 | AM119: =X119 -> 0 | AN119: =N119 -> 0
A120: {=IF(IFERROR(INDEX(SFReportData!$A$2:'SFReportData'!$A$500, MATCH(0, COUNTIF(TransformData!$A$2:'TransformData'!$A119, SFReportData!$A$2:'SFReportData'!$A$500), 0)),"") = 0,"", IFERROR(INDEX(SFReportData!$A$2:'SFReportData'!$A$500, MATCH(0, COUNTIF(TransformData!$A$2:'TransformData'!$A119, SFReportData!$A$2:'SFReportData'!$A$500), 0)),""))} | B120: =IFERROR(VLOOKUP(A120,SFReportData!$A$2:$B$500,2,0),"") | C120: =IFERROR(VLOOKUP(A120,SFReportData!$A$2:$C$500,3,0),"") | H120: =IFERROR(VLOOKUP(B120,SFReportData!B119:H617,7,0),"") | I120: {=CELL("contents",A120)} | J120: {=IFERROR(INDEX(SFReportData!$E$2:$E$500,MATCH(1,($I120=SFReportData!$A$2:$A$500)*(J$1=SFReportData!$D$2:'SFReportData'!$D$500),0)),"")} -> 0 | K120: {=IFERROR(INDEX(SFReportData!$E$2:$E$500,MATCH(1,($I120=SFReportData!$A$2:$A$500)*(K$1=SFReportData!$D$2:'SFReportData'!$D$500),0)),"")} -> 0 | L120: {=IFERROR(INDEX(SFReportData!$E$2:$E$500,MATCH(1,($I120=SFReportData!$A$2:$A$500)*(L$1=SFReportData!$D$2:'SFReportData'!$D$500),0)),"")} -> 0 | M120: {=IFERROR(INDEX(SFReportData!$E$2:$E$500,MATCH(1,($I120=SFReportData!$A$2:$A$500)*(M$1=SFReportData!$D$2:'SFReportData'!$D$500),0)),"")} -> 0 | N120: {=IFERROR(INDEX(SFReportData!$E$2:$E$500,MATCH(1,($I120=SFReportData!$A$2:$A$500)*(N$1=SFReportData!$D$2:'SFReportData'!$D$500),0)),"")} -> 0 | O120: {=IFERROR(INDEX(SFReportData!$F$2:$F$500,MATCH(1,($I120=SFReportData!$A$2:$A$500)*(O$1=SFReportData!$D$2:'SFReportData'!$D$500),0)),"")} -> 0 | P120: {=IFERROR(INDEX(SFReportData!$F$2:$F$500,MATCH(1,($I120=SFReportData!$A$2:$A$500)*(P$1=SFReportData!$D$2:'SFReportData'!$D$500),0)),"")} -> 0 | Q120: {=IFERROR(INDEX(SFReportData!$F$2:$F$500,MATCH(1,($I120=SFReportData!$A$2:$A$500)*(Q$1=SFReportData!$D$2:'SFReportData'!$D$500),0)),"")} -> 0 | R120: {=IFERROR(INDEX(SFReportData!$F$2:$F$500,MATCH(1,($I120=SFReportData!$A$2:$A$500)*(R$1=SFReportData!$D$2:'SFReportData'!$D$500),0)),"")} -> 0 | S120: {=IFERROR(INDEX(SFReportData!$F$2:$F$500,MATCH(1,($I120=SFReportData!$A$2:$A$500)*(S$1=SFReportData!$D$2:'SFReportData'!$D$500),0)),"")} -> 0 | T120: {=IFERROR(INDEX(SFReportData!$G$2:$G$500,MATCH(1,($I120=SFReportData!$A$2:$A$500)*(T$1=SFReportData!$D$2:'SFReportData'!$D$500),0)),"")} -> 0 | U120: {=IFERROR(INDEX(SFReportData!$G$2:$G$500,MATCH(1,($I120=SFReportData!$A$2:$A$500)*(U$1=SFReportData!$D$2:'SFReportData'!$D$500),0)),"")} -> 0 | V120: {=IFERROR(INDEX(SFReportData!$G$2:$G$500,MATCH(1,($I120=SFReportData!$A$2:$A$500)*(V$1=SFReportData!$D$2:'SFReportData'!$D$500),0)),"")} -> 0 | W120: {=IFERROR(INDEX(SFReportData!$G$2:$G$500,MATCH(1,($I120=SFReportData!$A$2:$A$500)*(W$1=SFReportData!$D$2:'SFReportData'!$D$500),0)),"")} -> 0 | X120: {=IFERROR(INDEX(SFReportData!$G$2:$G$500,MATCH(1,($I120=SFReportData!$A$2:$A$500)*(X$1=SFReportData!$D$2:'SFReportData'!$D$500),0)),"")} -> 0 | Z120: =O120 -> 0 | AA120: =T120 -> 0 | AB120: =J120 -> 0 | AC120: =P120 -> 0 | AD120: =U120 -> 0 | AE120: =K120 -> 0 | AF120: =Q120 -> 0 | AG120: =V120 -> 0 | AH120: =L120 -> 0 | AI120: =R120 -> 0 | AJ120: =W120 -> 0 | AK120: =M120 -> 0 | AL120: =S120 -> 0 | AM120: =X120 -> 0 | AN120: =N120 -> 0
A121: {=IF(IFERROR(INDEX(SFReportData!$A$2:'SFReportData'!$A$500, MATCH(0, COUNTIF(TransformData!$A$2:'TransformData'!$A120, SFReportData!$A$2:'SFReportData'!$A$500), 0)),"") = 0,"", IFERROR(INDEX(SFReportData!$A$2:'SFReportData'!$A$500, MATCH(0, COUNTIF(TransformData!$A$2:'TransformData'!$A120, SFReportData!$A$2:'SFReportData'!$A$500), 0)),""))} | B121: =IFERROR(VLOOKUP(A121,SFReportData!$A$2:$B$500,2,0),"") | C121: =IFERROR(VLOOKUP(A121,SFReportData!$A$2:$C$500,3,0),"") | H121: =IFERROR(VLOOKUP(B121,SFReportData!B120:H618,7,0),"") | I121: {=CELL("contents",A121)} | J121: {=IFERROR(INDEX(SFReportData!$E$2:$E$500,MATCH(1,($I121=SFReportData!$A$2:$A$500)*(J$1=SFReportData!$D$2:'SFReportData'!$D$500),0)),"")} -> 0 | K121: {=IFERROR(INDEX(SFReportData!$E$2:$E$500,MATCH(1,($I121=SFReportData!$A$2:$A$500)*(K$1=SFReportData!$D$2:'SFReportData'!$D$500),0)),"")} -> 0 | L121: {=IFERROR(INDEX(SFReportData!$E$2:$E$500,MATCH(1,($I121=SFReportData!$A$2:$A$500)*(L$1=SFReportData!$D$2:'SFReportData'!$D$500),0)),"")} -> 0 | M121: {=IFERROR(INDEX(SFReportData!$E$2:$E$500,MATCH(1,($I121=SFReportData!$A$2:$A$500)*(M$1=SFReportData!$D$2:'SFReportData'!$D$500),0)),"")} -> 0 | N121: {=IFERROR(INDEX(SFReportData!$E$2:$E$500,MATCH(1,($I121=SFReportData!$A$2:$A$500)*(N$1=SFReportData!$D$2:'SFReportData'!$D$500),0)),"")} -> 0 | O121: {=IFERROR(INDEX(SFReportData!$F$2:$F$500,MATCH(1,($I121=SFReportData!$A$2:$A$500)*(O$1=SFReportData!$D$2:'SFReportData'!$D$500),0)),"")} -> 0 | P121: {=IFERROR(INDEX(SFReportData!$F$2:$F$500,MATCH(1,($I121=SFReportData!$A$2:$A$500)*(P$1=SFReportData!$D$2:'SFReportData'!$D$500),0)),"")} -> 0 | Q121: {=IFERROR(INDEX(SFReportData!$F$2:$F$500,MATCH(1,($I121=SFReportData!$A$2:$A$500)*(Q$1=SFReportData!$D$2:'SFReportData'!$D$500),0)),"")} -> 0 | R121: {=IFERROR(INDEX(SFReportData!$F$2:$F$500,MATCH(1,($I121=SFReportData!$A$2:$A$500)*(R$1=SFReportData!$D$2:'SFReportData'!$D$500),0)),"")} -> 0 | S121: {=IFERROR(INDEX(SFReportData!$F$2:$F$500,MATCH(1,($I121=SFReportData!$A$2:$A$500)*(S$1=SFReportData!$D$2:'SFReportData'!$D$500),0)),"")} -> 0 | T121: {=IFERROR(INDEX(SFReportData!$G$2:$G$500,MATCH(1,($I121=SFReportData!$A$2:$A$500)*(T$1=SFReportData!$D$2:'SFReportData'!$D$500),0)),"")} -> 0 | U121: {=IFERROR(INDEX(SFReportData!$G$2:$G$500,MATCH(1,($I121=SFReportData!$A$2:$A$500)*(U$1=SFReportData!$D$2:'SFReportData'!$D$500),0)),"")} -> 0 | V121: {=IFERROR(INDEX(SFReportData!$G$2:$G$500,MATCH(1,($I121=SFReportData!$A$2:$A$500)*(V$1=SFReportData!$D$2:'SFReportData'!$D$500),0)),"")} -> 0 | W121: {=IFERROR(INDEX(SFReportData!$G$2:$G$500,MATCH(1,($I121=SFReportData!$A$2:$A$500)*(W$1=SFReportData!$D$2:'SFReportData'!$D$500),0)),"")} -> 0 | X121: {=IFERROR(INDEX(SFReportData!$G$2:$G$500,MATCH(1,($I121=SFReportData!$A$2:$A$500)*(X$1=SFReportData!$D$2:'SFReportData'!$D$500),0)),"")} -> 0 | Z121: =O121 -> 0 | AA121: =T121 -> 0 | AB121: =J121 -> 0 | AC121: =P121 -> 0 | AD121: =U121 -> 0 | AE121: =K121 -> 0 | AF121: =Q121 -> 0 | AG121: =V121 -> 0 | AH121: =L121 -> 0 | AI121: =R121 -> 0 | AJ121: =W121 -> 0 | AK121: =M121 -> 0 | AL121: =S121 -> 0 | AM121: =X121 -> 0 | AN121: =N121 -> 0
A122: {=IF(IFERROR(INDEX(SFReportData!$A$2:'SFReportData'!$A$500, MATCH(0, COUNTIF(TransformData!$A$2:'TransformData'!$A121, SFReportData!$A$2:'SFReportData'!$A$500), 0)),"") = 0,"", IFERROR(INDEX(SFReportData!$A$2:'SFReportData'!$A$500, MATCH(0, COUNTIF(TransformData!$A$2:'TransformData'!$A121, SFReportData!$A$2:'SFReportData'!$A$500), 0)),""))} | B122: =IFERROR(VLOOKUP(A122,SFReportData!$A$2:$B$500,2,0),"") | C122: =IFERROR(VLOOKUP(A122,SFReportData!$A$2:$C$500,3,0),"") | H122: =IFERROR(VLOOKUP(B122,SFReportData!B121:H619,7,0),"") | I122: {=CELL("contents",A122)} | J122: {=IFERROR(INDEX(SFReportData!$E$2:$E$500,MATCH(1,($I122=SFReportData!$A$2:$A$500)*(J$1=SFReportData!$D$2:'SFReportData'!$D$500),0)),"")} -> 0 | K122: {=IFERROR(INDEX(SFReportData!$E$2:$E$500,MATCH(1,($I122=SFReportData!$A$2:$A$500)*(K$1=SFReportData!$D$2:'SFReportData'!$D$500),0)),"")} -> 0 | L122: {=IFERROR(INDEX(SFReportData!$E$2:$E$500,MATCH(1,($I122=SFReportData!$A$2:$A$500)*(L$1=SFReportData!$D$2:'SFReportData'!$D$500),0)),"")} -> 0 | M122: {=IFERROR(INDEX(SFReportData!$E$2:$E$500,MATCH(1,($I122=SFReportData!$A$2:$A$500)*(M$1=SFReportData!$D$2:'SFReportData'!$D$500),0)),"")} -> 0 | N122: {=IFERROR(INDEX(SFReportData!$E$2:$E$500,MATCH(1,($I122=SFReportData!$A$2:$A$500)*(N$1=SFReportData!$D$2:'SFReportData'!$D$500),0)),"")} -> 0 | O122: {=IFERROR(INDEX(SFReportData!$F$2:$F$500,MATCH(1,($I122=SFReportData!$A$2:$A$500)*(O$1=SFReportData!$D$2:'SFReportData'!$D$500),0)),"")} -> 0 | P122: {=IFERROR(INDEX(SFReportData!$F$2:$F$500,MATCH(1,($I122=SFReportData!$A$2:$A$500)*(P$1=SFReportData!$D$2:'SFReportData'!$D$500),0)),"")} -> 0 | Q122: {=IFERROR(INDEX(SFReportData!$F$2:$F$500,MATCH(1,($I122=SFReportData!$A$2:$A$500)*(Q$1=SFReportData!$D$2:'SFReportData'!$D$500),0)),"")} -> 0 | R122: {=IFERROR(INDEX(SFReportData!$F$2:$F$500,MATCH(1,($I122=SFReportData!$A$2:$A$500)*(R$1=SFReportData!$D$2:'SFReportData'!$D$500),0)),"")} -> 0 | S122: {=IFERROR(INDEX(SFReportData!$F$2:$F$500,MATCH(1,($I122=SFReportData!$A$2:$A$500)*(S$1=SFReportData!$D$2:'SFReportData'!$D$500),0)),"")} -> 0 | T122: {=IFERROR(INDEX(SFReportData!$G$2:$G$500,MATCH(1,($I122=SFReportData!$A$2:$A$500)*(T$1=SFReportData!$D$2:'SFReportData'!$D$500),0)),"")} -> 0 | U122: {=IFERROR(INDEX(SFReportData!$G$2:$G$500,MATCH(1,($I122=SFReportData!$A$2:$A$500)*(U$1=SFReportData!$D$2:'SFReportData'!$D$500),0)),"")} -> 0 | V122: {=IFERROR(INDEX(SFReportData!$G$2:$G$500,MATCH(1,($I122=SFReportData!$A$2:$A$500)*(V$1=SFReportData!$D$2:'SFReportData'!$D$500),0)),"")} -> 0 | W122: {=IFERROR(INDEX(SFReportData!$G$2:$G$500,MATCH(1,($I122=SFReportData!$A$2:$A$500)*(W$1=SFReportData!$D$2:'SFReportData'!$D$500),0)),"")} -> 0 | X122: {=IFERROR(INDEX(SFReportData!$G$2:$G$500,MATCH(1,($I122=SFReportData!$A$2:$A$500)*(X$1=SFReportData!$D$2:'SFReportData'!$D$500),0)),"")} -> 0 | Z122: =O122 -> 0 | AA122: =T122 -> 0 | AB122: =J122 -> 0 | AC122: =P122 -> 0 | AD122: =U122 -> 0 | AE122: =K122 -> 0 | AF122: =Q122 -> 0 | AG122: =V122 -> 0 | AH122: =L122 -> 0 | AI122: =R122 -> 0 | AJ122: =W122 -> 0 | AK122: =M122 -> 0 | AL122: =S122 -> 0 | AM122: =X122 -> 0 | AN122: =N122 -> 0
A123: {=IF(IFERROR(INDEX(SFReportData!$A$2:'SFReportData'!$A$500, MATCH(0, COUNTIF(TransformData!$A$2:'TransformData'!$A122, SFReportData!$A$2:'SFReportData'!$A$500), 0)),"") = 0,"", IFERROR(INDEX(SFReportData!$A$2:'SFReportData'!$A$500, MATCH(0, COUNTIF(TransformData!$A$2:'TransformData'!$A122, SFReportData!$A$2:'SFReportData'!$A$500), 0)),""))} | B123: =IFERROR(VLOOKUP(A123,SFReportData!$A$2:$B$500,2,0),"") | C123: =IFERROR(VLOOKUP(A123,SFReportData!$A$2:$C$500,3,0),"") | H123: =IFERROR(VLOOKUP(B123,SFReportData!B122:H620,7,0),"") | I123: {=CELL("contents",A123)} | J123: {=IFERROR(INDEX(SFReportData!$E$2:$E$500,MATCH(1,($I123=SFReportData!$A$2:$A$500)*(J$1=SFReportData!$D$2:'SFReportData'!$D$500),0)),"")} -> 0 | K123: {=IFERROR(INDEX(SFReportData!$E$2:$E$500,MATCH(1,($I123=SFReportData!$A$2:$A$500)*(K$1=SFReportData!$D$2:'SFReportData'!$D$500),0)),"")} -> 0 | L123: {=IFERROR(INDEX(SFReportData!$E$2:$E$500,MATCH(1,($I123=SFReportData!$A$2:$A$500)*(L$1=SFReportData!$D$2:'SFReportData'!$D$500),0)),"")} -> 0 | M123: {=IFERROR(INDEX(SFReportData!$E$2:$E$500,MATCH(1,($I123=SFReportData!$A$2:$A$500)*(M$1=SFReportData!$D$2:'SFReportData'!$D$500),0)),"")} -> 0 | N123: {=IFERROR(INDEX(SFReportData!$E$2:$E$500,MATCH(1,($I123=SFReportData!$A$2:$A$500)*(N$1=SFReportData!$D$2:'SFReportData'!$D$500),0)),"")} -> 0 | O123: {=IFERROR(INDEX(SFReportData!$F$2:$F$500,MATCH(1,($I123=SFReportData!$A$2:$A$500)*(O$1=SFReportData!$D$2:'SFReportData'!$D$500),0)),"")} -> 0 | P123: {=IFERROR(INDEX(SFReportData!$F$2:$F$500,MATCH(1,($I123=SFReportData!$A$2:$A$500)*(P$1=SFReportData!$D$2:'SFReportData'!$D$500),0)),"")} -> 0 | Q123: {=IFERROR(INDEX(SFReportData!$F$2:$F$500,MATCH(1,($I123=SFReportData!$A$2:$A$500)*(Q$1=SFReportData!$D$2:'SFReportData'!$D$500),0)),"")} -> 0 | R123: {=IFERROR(INDEX(SFReportData!$F$2:$F$500,MATCH(1,($I123=SFReportData!$A$2:$A$500)*(R$1=SFReportData!$D$2:'SFReportData'!$D$500),0)),"")} -> 0 | S123: {=IFERROR(INDEX(SFReportData!$F$2:$F$500,MATCH(1,($I123=SFReportData!$A$2:$A$500)*(S$1=SFReportData!$D$2:'SFReportData'!$D$500),0)),"")} -> 0 | T123: {=IFERROR(INDEX(SFReportData!$G$2:$G$500,MATCH(1,($I123=SFReportData!$A$2:$A$500)*(T$1=SFReportData!$D$2:'SFReportData'!$D$500),0)),"")} -> 0 | U123: {=IFERROR(INDEX(SFReportData!$G$2:$G$500,MATCH(1,($I123=SFReportData!$A$2:$A$500)*(U$1=SFReportData!$D$2:'SFReportData'!$D$500),0)),"")} -> 0 | V123: {=IFERROR(INDEX(SFReportData!$G$2:$G$500,MATCH(1,($I123=SFReportData!$A$2:$A$500)*(V$1=SFReportData!$D$2:'SFReportData'!$D$500),0)),"")} -> 0 | W123: {=IFERROR(INDEX(SFReportData!$G$2:$G$500,MATCH(1,($I123=SFReportData!$A$2:$A$500)*(W$1=SFReportData!$D$2:'SFReportData'!$D$500),0)),"")} -> 0 | X123: {=IFERROR(INDEX(SFReportData!$G$2:$G$500,MATCH(1,($I123=SFReportData!$A$2:$A$500)*(X$1=SFReportData!$D$2:'SFReportData'!$D$500),0)),"")} -> 0 | Z123: =O123 -> 0 | AA123: =T123 -> 0 | AB123: =J123 -> 0 | AC123: =P123 -> 0 | AD123: =U123 -> 0 | AE123: =K123 -> 0 | AF123: =Q123 -> 0 | AG123: =V123 -> 0 | AH123: =L123 -> 0 | AI123: =R123 -> 0 | AJ123: =W123 -> 0 | AK123: =M123 -> 0 | AL123: =S123 -> 0 | AM123: =X123 -> 0 | AN123: =N123 -> 0
A124: {=IF(IFERROR(INDEX(SFReportData!$A$2:'SFReportData'!$A$500, MATCH(0, COUNTIF(TransformData!$A$2:'TransformData'!$A123, SFReportData!$A$2:'SFReportData'!$A$500), 0)),"") = 0,"", IFERROR(INDEX(SFReportData!$A$2:'SFReportData'!$A$500, MATCH(0, COUNTIF(TransformData!$A$2:'TransformData'!$A123, SFReportData!$A$2:'SFReportData'!$A$500), 0)),""))} | B124: =IFERROR(VLOOKUP(A124,SFReportData!$A$2:$B$500,2,0),"") | C124: =IFERROR(VLOOKUP(A124,SFReportData!$A$2:$C$500,3,0),"") | H124: =IFERROR(VLOOKUP(B124,SFReportData!B123:H621,7,0),"") | I124: {=CELL("contents",A124)} | J124: {=IFERROR(INDEX(SFReportData!$E$2:$E$500,MATCH(1,($I124=SFReportData!$A$2:$A$500)*(J$1=SFReportData!$D$2:'SFReportData'!$D$500),0)),"")} -> 0 | K124: {=IFERROR(INDEX(SFReportData!$E$2:$E$500,MATCH(1,($I124=SFReportData!$A$2:$A$500)*(K$1=SFReportData!$D$2:'SFReportData'!$D$500),0)),"")} -> 0 | L124: {=IFERROR(INDEX(SFReportData!$E$2:$E$500,MATCH(1,($I124=SFReportData!$A$2:$A$500)*(L$1=SFReportData!$D$2:'SFReportData'!$D$500),0)),"")} -> 0 | M124: {=IFERROR(INDEX(SFReportData!$E$2:$E$500,MATCH(1,($I124=SFReportData!$A$2:$A$500)*(M$1=SFReportData!$D$2:'SFReportData'!$D$500),0)),"")} -> 0 | N124: {=IFERROR(INDEX(SFReportData!$E$2:$E$500,MATCH(1,($I124=SFReportData!$A$2:$A$500)*(N$1=SFReportData!$D$2:'SFReportData'!$D$500),0)),"")} -> 0 | O124: {=IFERROR(INDEX(SFReportData!$F$2:$F$500,MATCH(1,($I124=SFReportData!$A$2:$A$500)*(O$1=SFReportData!$D$2:'SFReportData'!$D$500),0)),"")} -> 0 | P124: {=IFERROR(INDEX(SFReportData!$F$2:$F$500,MATCH(1,($I124=SFReportData!$A$2:$A$500)*(P$1=SFReportData!$D$2:'SFReportData'!$D$500),0)),"")} -> 0 | Q124: {=IFERROR(INDEX(SFReportData!$F$2:$F$500,MATCH(1,($I124=SFReportData!$A$2:$A$500)*(Q$1=SFReportData!$D$2:'SFReportData'!$D$500),0)),"")} -> 0 | R124: {=IFERROR(INDEX(SFReportData!$F$2:$F$500,MATCH(1,($I124=SFReportData!$A$2:$A$500)*(R$1=SFReportData!$D$2:'SFReportData'!$D$500),0)),"")} -> 0 | S124: {=IFERROR(INDEX(SFReportData!$F$2:$F$500,MATCH(1,($I124=SFReportData!$A$2:$A$500)*(S$1=SFReportData!$D$2:'SFReportData'!$D$500),0)),"")} -> 0 | T124: {=IFERROR(INDEX(SFReportData!$G$2:$G$500,MATCH(1,($I124=SFReportData!$A$2:$A$500)*(T$1=SFReportData!$D$2:'SFReportData'!$D$500),0)),"")} -> 0 | U124: {=IFERROR(INDEX(SFReportData!$G$2:$G$500,MATCH(1,($I124=SFReportData!$A$2:$A$500)*(U$1=SFReportData!$D$2:'SFReportData'!$D$500),0)),"")} -> 0 | V124: {=IFERROR(INDEX(SFReportData!$G$2:$G$500,MATCH(1,($I124=SFReportData!$A$2:$A$500)*(V$1=SFReportData!$D$2:'SFReportData'!$D$500),0)),"")} -> 0 | W124: {=IFERROR(INDEX(SFReportData!$G$2:$G$500,MATCH(1,($I124=SFReportData!$A$2:$A$500)*(W$1=SFReportData!$D$2:'SFReportData'!$D$500),0)),"")} -> 0 | X124: {=IFERROR(INDEX(SFReportData!$G$2:$G$500,MATCH(1,($I124=SFReportData!$A$2:$A$500)*(X$1=SFReportData!$D$2:'SFReportData'!$D$500),0)),"")} -> 0 | Z124: =O124 -> 0 | AA124: =T124 -> 0 | AB124: =J124 -> 0 | AC124: =P124 -> 0 | AD124: =U124 -> 0 | AE124: =K124 -> 0 | AF124: =Q124 -> 0 | AG124: =V124 -> 0 | AH124: =L124 -> 0 | AI124: =R124 -> 0 | AJ124: =W124 -> 0 | AK124: =M124 -> 0 | AL124: =S124 -> 0 | AM124: =X124 -> 0 | AN124: =N124 -> 0
A125: {=IF(IFERROR(INDEX(SFReportData!$A$2:'SFReportData'!$A$500, MATCH(0, COUNTIF(TransformData!$A$2:'TransformData'!$A124, SFReportData!$A$2:'SFReportData'!$A$500), 0)),"") = 0,"", IFERROR(INDEX(SFReportData!$A$2:'SFReportData'!$A$500, MATCH(0, COUNTIF(TransformData!$A$2:'TransformData'!$A124, SFReportData!$A$2:'SFReportData'!$A$500), 0)),""))} | B125: =IFERROR(VLOOKUP(A125,SFReportData!$A$2:$B$500,2,0),"") | C125: =IFERROR(VLOOKUP(A125,SFReportData!$A$2:$C$500,3,0),"") | H125: =IFERROR(VLOOKUP(B125,SFReportData!B124:H622,7,0),"") | I125: {=CELL("contents",A125)} | J125: {=IFERROR(INDEX(SFReportData!$E$2:$E$500,MATCH(1,($I125=SFReportData!$A$2:$A$500)*(J$1=SFReportData!$D$2:'SFReportData'!$D$500),0)),"")} -> 0 | K125: {=IFERROR(INDEX(SFReportData!$E$2:$E$500,MATCH(1,($I125=SFReportData!$A$2:$A$500)*(K$1=SFReportData!$D$2:'SFReportData'!$D$500),0)),"")} -> 0 | L125: {=IFERROR(INDEX(SFReportData!$E$2:$E$500,MATCH(1,($I125=SFReportData!$A$2:$A$500)*(L$1=SFReportData!$D$2:'SFReportData'!$D$500),0)),"")} -> 0 | M125: {=IFERROR(INDEX(SFReportData!$E$2:$E$500,MATCH(1,($I125=SFReportData!$A$2:$A$500)*(M$1=SFReportData!$D$2:'SFReportData'!$D$500),0)),"")} -> 0 | N125: {=IFERROR(INDEX(SFReportData!$E$2:$E$500,MATCH(1,($I125=SFReportData!$A$2:$A$500)*(N$1=SFReportData!$D$2:'SFReportData'!$D$500),0)),"")} -> 0 | O125: {=IFERROR(INDEX(SFReportData!$F$2:$F$500,MATCH(1,($I125=SFReportData!$A$2:$A$500)*(O$1=SFReportData!$D$2:'SFReportData'!$D$500),0)),"")} -> 0 | P125: {=IFERROR(INDEX(SFReportData!$F$2:$F$500,MATCH(1,($I125=SFReportData!$A$2:$A$500)*(P$1=SFReportData!$D$2:'SFReportData'!$D$500),0)),"")} -> 0 | Q125: {=IFERROR(INDEX(SFReportData!$F$2:$F$500,MATCH(1,($I125=SFReportData!$A$2:$A$500)*(Q$1=SFReportData!$D$2:'SFReportData'!$D$500),0)),"")} -> 0 | R125: {=IFERROR(INDEX(SFReportData!$F$2:$F$500,MATCH(1,($I125=SFReportData!$A$2:$A$500)*(R$1=SFReportData!$D$2:'SFReportData'!$D$500),0)),"")} -> 0 | S125: {=IFERROR(INDEX(SFReportData!$F$2:$F$500,MATCH(1,($I125=SFReportData!$A$2:$A$500)*(S$1=SFReportData!$D$2:'SFReportData'!$D$500),0)),"")} -> 0 | T125: {=IFERROR(INDEX(SFReportData!$G$2:$G$500,MATCH(1,($I125=SFReportData!$A$2:$A$500)*(T$1=SFReportData!$D$2:'SFReportData'!$D$500),0)),"")} -> 0 | U125: {=IFERROR(INDEX(SFReportData!$G$2:$G$500,MATCH(1,($I125=SFReportData!$A$2:$A$500)*(U$1=SFReportData!$D$2:'SFReportData'!$D$500),0)),"")} -> 0 | V125: {=IFERROR(INDEX(SFReportData!$G$2:$G$500,MATCH(1,($I125=SFReportData!$A$2:$A$500)*(V$1=SFReportData!$D$2:'SFReportData'!$D$500),0)),"")} -> 0 | W125: {=IFERROR(INDEX(SFReportData!$G$2:$G$500,MATCH(1,($I125=SFReportData!$A$2:$A$500)*(W$1=SFReportData!$D$2:'SFReportData'!$D$500),0)),"")} -> 0 | X125: {=IFERROR(INDEX(SFReportData!$G$2:$G$500,MATCH(1,($I125=SFReportData!$A$2:$A$500)*(X$1=SFReportData!$D$2:'SFReportData'!$D$500),0)),"")} -> 0 | Z125: =O125 -> 0 | AA125: =T125 -> 0 | AB125: =J125 -> 0 | AC125: =P125 -> 0 | AD125: =U125 -> 0 | AE125: =K125 -> 0 | AF125: =Q125 -> 0 | AG125: =V125 -> 0 | AH125: =L125 -> 0 | AI125: =R125 -> 0 | AJ125: =W125 -> 0 | AK125: =M125 -> 0 | AL125: =S125 -> 0 | AM125: =X125 -> 0 | AN125: =N125 -> 0
A126: {=IF(IFERROR(INDEX(SFReportData!$A$2:'SFReportData'!$A$500, MATCH(0, COUNTIF(TransformData!$A$2:'TransformData'!$A125, SFReportData!$A$2:'SFReportData'!$A$500), 0)),"") = 0,"", IFERROR(INDEX(SFReportData!$A$2:'SFReportData'!$A$500, MATCH(0, COUNTIF(TransformData!$A$2:'TransformData'!$A125, SFReportData!$A$2:'SFReportData'!$A$500), 0)),""))} | B126: =IFERROR(VLOOKUP(A126,SFReportData!$A$2:$B$500,2,0),"") | C126: =IFERROR(VLOOKUP(A126,SFReportData!$A$2:$C$500,3,0),"") | H126: =IFERROR(VLOOKUP(B126,SFReportData!B125:H623,7,0),"") | I126: {=CELL("contents",A126)} | J126: {=IFERROR(INDEX(SFReportData!$E$2:$E$500,MATCH(1,($I126=SFReportData!$A$2:$A$500)*(J$1=SFReportData!$D$2:'SFReportData'!$D$500),0)),"")} -> 0 | K126: {=IFERROR(INDEX(SFReportData!$E$2:$E$500,MATCH(1,($I126=SFReportData!$A$2:$A$500)*(K$1=SFReportData!$D$2:'SFReportData'!$D$500),0)),"")} -> 0 | L126: {=IFERROR(INDEX(SFReportData!$E$2:$E$500,MATCH(1,($I126=SFReportData!$A$2:$A$500)*(L$1=SFReportData!$D$2:'SFReportData'!$D$500),0)),"")} -> 0 | M126: {=IFERROR(INDEX(SFReportData!$E$2:$E$500,MATCH(1,($I126=SFReportData!$A$2:$A$500)*(M$1=SFReportData!$D$2:'SFReportData'!$D$500),0)),"")} -> 0 | N126: {=IFERROR(INDEX(SFReportData!$E$2:$E$500,MATCH(1,($I126=SFReportData!$A$2:$A$500)*(N$1=SFReportData!$D$2:'SFReportData'!$D$500),0)),"")} -> 0 | O126: {=IFERROR(INDEX(SFReportData!$F$2:$F$500,MATCH(1,($I126=SFReportData!$A$2:$A$500)*(O$1=SFReportData!$D$2:'SFReportData'!$D$500),0)),"")} -> 0 | P126: {=IFERROR(INDEX(SFReportData!$F$2:$F$500,MATCH(1,($I126=SFReportData!$A$2:$A$500)*(P$1=SFReportData!$D$2:'SFReportData'!$D$500),0)),"")} -> 0 | Q126: {=IFERROR(INDEX(SFReportData!$F$2:$F$500,MATCH(1,($I126=SFReportData!$A$2:$A$500)*(Q$1=SFReportData!$D$2:'SFReportData'!$D$500),0)),"")} -> 0 | R126: {=IFERROR(INDEX(SFReportData!$F$2:$F$500,MATCH(1,($I126=SFReportData!$A$2:$A$500)*(R$1=SFReportData!$D$2:'SFReportData'!$D$500),0)),"")} -> 0 | S126: {=IFERROR(INDEX(SFReportData!$F$2:$F$500,MATCH(1,($I126=SFReportData!$A$2:$A$500)*(S$1=SFReportData!$D$2:'SFReportData'!$D$500),0)),"")} -> 0 | T126: {=IFERROR(INDEX(SFReportData!$G$2:$G$500,MATCH(1,($I126=SFReportData!$A$2:$A$500)*(T$1=SFReportData!$D$2:'SFReportData'!$D$500),0)),"")} -> 0 | U126: {=IFERROR(INDEX(SFReportData!$G$2:$G$500,MATCH(1,($I126=SFReportData!$A$2:$A$500)*(U$1=SFReportData!$D$2:'SFReportData'!$D$500),0)),"")} -> 0 | V126: {=IFERROR(INDEX(SFReportData!$G$2:$G$500,MATCH(1,($I126=SFReportData!$A$2:$A$500)*(V$1=SFReportData!$D$2:'SFReportData'!$D$500),0)),"")} -> 0 | W126: {=IFERROR(INDEX(SFReportData!$G$2:$G$500,MATCH(1,($I126=SFReportData!$A$2:$A$500)*(W$1=SFReportData!$D$2:'SFReportData'!$D$500),0)),"")} -> 0 | X126: {=IFERROR(INDEX(SFReportData!$G$2:$G$500,MATCH(1,($I126=SFReportData!$A$2:$A$500)*(X$1=SFReportData!$D$2:'SFReportData'!$D$500),0)),"")} -> 0 | Z126: =O126 -> 0 | AA126: =T126 -> 0 | AB126: =J126 -> 0 | AC126: =P126 -> 0 | AD126: =U126 -> 0 | AE126: =K126 -> 0 | AF126: =Q126 -> 0 | AG126: =V126 -> 0 | AH126: =L126 -> 0 | AI126: =R126 -> 0 | AJ126: =W126 -> 0 | AK126: =M126 -> 0 | AL126: =S126 -> 0 | AM126: =X126 -> 0 | AN126: =N126 -> 0
A127: {=IF(IFERROR(INDEX(SFReportData!$A$2:'SFReportData'!$A$500, MATCH(0, COUNTIF(TransformData!$A$2:'TransformData'!$A126, SFReportData!$A$2:'SFReportData'!$A$500), 0)),"") = 0,"", IFERROR(INDEX(SFReportData!$A$2:'SFReportData'!$A$500, MATCH(0, COUNTIF(TransformData!$A$2:'TransformData'!$A126, SFReportData!$A$2:'SFReportData'!$A$500), 0)),""))} | B127: =IFERROR(VLOOKUP(A127,SFReportData!$A$2:$B$500,2,0),"") | C127: =IFERROR(VLOOKUP(A127,SFReportData!$A$2:$C$500,3,0),"") | H127: =IFERROR(VLOOKUP(B127,SFReportData!B126:H624,7,0),"") | I127: {=CELL("contents",A127)} | J127: {=IFERROR(INDEX(SFReportData!$E$2:$E$500,MATCH(1,($I127=SFReportData!$A$2:$A$500)*(J$1=SFReportData!$D$2:'SFReportData'!$D$500),0)),"")} -> 0 | K127: {=IFERROR(INDEX(SFReportData!$E$2:$E$500,MATCH(1,($I127=SFReportData!$A$2:$A$500)*(K$1=SFReportData!$D$2:'SFReportData'!$D$500),0)),"")} -> 0 | L127: {=IFERROR(INDEX(SFReportData!$E$2:$E$500,MATCH(1,($I127=SFReportData!$A$2:$A$500)*(L$1=SFReportData!$D$2:'SFReportData'!$D$500),0)),"")} -> 0 | M127: {=IFERROR(INDEX(SFReportData!$E$2:$E$500,MATCH(1,($I127=SFReportData!$A$2:$A$500)*(M$1=SFReportData!$D$2:'SFReportData'!$D$500),0)),"")} -> 0 | N127: {=IFERROR(INDEX(SFReportData!$E$2:$E$500,MATCH(1,($I127=SFReportData!$A$2:$A$500)*(N$1=SFReportData!$D$2:'SFReportData'!$D$500),0)),"")} -> 0 | O127: {=IFERROR(INDEX(SFReportData!$F$2:$F$500,MATCH(1,($I127=SFReportData!$A$2:$A$500)*(O$1=SFReportData!$D$2:'SFReportData'!$D$500),0)),"")} -> 0 | P127: {=IFERROR(INDEX(SFReportData!$F$2:$F$500,MATCH(1,($I127=SFReportData!$A$2:$A$500)*(P$1=SFReportData!$D$2:'SFReportData'!$D$500),0)),"")} -> 0 | Q127: {=IFERROR(INDEX(SFReportData!$F$2:$F$500,MATCH(1,($I127=SFReportData!$A$2:$A$500)*(Q$1=SFReportData!$D$2:'SFReportData'!$D$500),0)),"")} -> 0 | R127: {=IFERROR(INDEX(SFReportData!$F$2:$F$500,MATCH(1,($I127=SFReportData!$A$2:$A$500)*(R$1=SFReportData!$D$2:'SFReportData'!$D$500),0)),"")} -> 0 | S127: {=IFERROR(INDEX(SFReportData!$F$2:$F$500,MATCH(1,($I127=SFReportData!$A$2:$A$500)*(S$1=SFReportData!$D$2:'SFReportData'!$D$500),0)),"")} -> 0 | T127: {=IFERROR(INDEX(SFReportData!$G$2:$G$500,MATCH(1,($I127=SFReportData!$A$2:$A$500)*(T$1=SFReportData!$D$2:'SFReportData'!$D$500),0)),"")} -> 0 | U127: {=IFERROR(INDEX(SFReportData!$G$2:$G$500,MATCH(1,($I127=SFReportData!$A$2:$A$500)*(U$1=SFReportData!$D$2:'SFReportData'!$D$500),0)),"")} -> 0 | V127: {=IFERROR(INDEX(SFReportData!$G$2:$G$500,MATCH(1,($I127=SFReportData!$A$2:$A$500)*(V$1=SFReportData!$D$2:'SFReportData'!$D$500),0)),"")} -> 0 | W127: {=IFERROR(INDEX(SFReportData!$G$2:$G$500,MATCH(1,($I127=SFReportData!$A$2:$A$500)*(W$1=SFReportData!$D$2:'SFReportData'!$D$500),0)),"")} -> 0 | X127: {=IFERROR(INDEX(SFReportData!$G$2:$G$500,MATCH(1,($I127=SFReportData!$A$2:$A$500)*(X$1=SFReportData!$D$2:'SFReportData'!$D$500),0)),"")} -> 0 | Z127: =O127 -> 0 | AA127: =T127 -> 0 | AB127: =J127 -> 0 | AC127: =P127 -> 0 | AD127: =U127 -> 0 | AE127: =K127 -> 0 | AF127: =Q127 -> 0 | AG127: =V127 -> 0 | AH127: =L127 -> 0 | AI127: =R127 -> 0 | AJ127: =W127 -> 0 | AK127: =M127 -> 0 | AL127: =S127 -> 0 | AM127: =X127 -> 0 | AN127: =N127 -> 0
A128: {=IF(IFERROR(INDEX(SFReportData!$A$2:'SFReportData'!$A$500, MATCH(0, COUNTIF(TransformData!$A$2:'TransformData'!$A127, SFReportData!$A$2:'SFReportData'!$A$500), 0)),"") = 0,"", IFERROR(INDEX(SFReportData!$A$2:'SFReportData'!$A$500, MATCH(0, COUNTIF(TransformData!$A$2:'TransformData'!$A127, SFReportData!$A$2:'SFReportData'!$A$500), 0)),""))} | B128: =IFERROR(VLOOKUP(A128,SFReportData!$A$2:$B$500,2,0),"") | C128: =IFERROR(VLOOKUP(A128,SFReportData!$A$2:$C$500,3,0),"") | H128: =IFERROR(VLOOKUP(B128,SFReportData!B127:H625,7,0),"") | I128: {=CELL("contents",A128)} | J128: {=IFERROR(INDEX(SFReportData!$E$2:$E$500,MATCH(1,($I128=SFReportData!$A$2:$A$500)*(J$1=SFReportData!$D$2:'SFReportData'!$D$500),0)),"")} -> 0 | K128: {=IFERROR(INDEX(SFReportData!$E$2:$E$500,MATCH(1,($I128=SFReportData!$A$2:$A$500)*(K$1=SFReportData!$D$2:'SFReportData'!$D$500),0)),"")} -> 0 | L128: {=IFERROR(INDEX(SFReportData!$E$2:$E$500,MATCH(1,($I128=SFReportData!$A$2:$A$500)*(L$1=SFReportData!$D$2:'SFReportData'!$D$500),0)),"")} -> 0 | M128: {=IFERROR(INDEX(SFReportData!$E$2:$E$500,MATCH(1,($I128=SFReportData!$A$2:$A$500)*(M$1=SFReportData!$D$2:'SFReportData'!$D$500),0)),"")} -> 0 | N128: {=IFERROR(INDEX(SFReportData!$E$2:$E$500,MATCH(1,($I128=SFReportData!$A$2:$A$500)*(N$1=SFReportData!$D$2:'SFReportData'!$D$500),0)),"")} -> 0 | O128: {=IFERROR(INDEX(SFReportData!$F$2:$F$500,MATCH(1,($I128=SFReportData!$A$2:$A$500)*(O$1=SFReportData!$D$2:'SFReportData'!$D$500),0)),"")} -> 0 | P128: {=IFERROR(INDEX(SFReportData!$F$2:$F$500,MATCH(1,($I128=SFReportData!$A$2:$A$500)*(P$1=SFReportData!$D$2:'SFReportData'!$D$500),0)),"")} -> 0 | Q128: {=IFERROR(INDEX(SFReportData!$F$2:$F$500,MATCH(1,($I128=SFReportData!$A$2:$A$500)*(Q$1=SFReportData!$D$2:'SFReportData'!$D$500),0)),"")} -> 0 | R128: {=IFERROR(INDEX(SFReportData!$F$2:$F$500,MATCH(1,($I128=SFReportData!$A$2:$A$500)*(R$1=SFReportData!$D$2:'SFReportData'!$D$500),0)),"")} -> 0 | S128: {=IFERROR(INDEX(SFReportData!$F$2:$F$500,MATCH(1,($I128=SFReportData!$A$2:$A$500)*(S$1=SFReportData!$D$2:'SFReportData'!$D$500),0)),"")} -> 0 | T128: {=IFERROR(INDEX(SFReportData!$G$2:$G$500,MATCH(1,($I128=SFReportData!$A$2:$A$500)*(T$1=SFReportData!$D$2:'SFReportData'!$D$500),0)),"")} -> 0 | U128: {=IFERROR(INDEX(SFReportData!$G$2:$G$500,MATCH(1,($I128=SFReportData!$A$2:$A$500)*(U$1=SFReportData!$D$2:'SFReportData'!$D$500),0)),"")} -> 0 | V128: {=IFERROR(INDEX(SFReportData!$G$2:$G$500,MATCH(1,($I128=SFReportData!$A$2:$A$500)*(V$1=SFReportData!$D$2:'SFReportData'!$D$500),0)),"")} -> 0 | W128: {=IFERROR(INDEX(SFReportData!$G$2:$G$500,MATCH(1,($I128=SFReportData!$A$2:$A$500)*(W$1=SFReportData!$D$2:'SFReportData'!$D$500),0)),"")} -> 0 | X128: {=IFERROR(INDEX(SFReportData!$G$2:$G$500,MATCH(1,($I128=SFReportData!$A$2:$A$500)*(X$1=SFReportData!$D$2:'SFReportData'!$D$500),0)),"")} -> 0 | Z128: =O128 -> 0 | AA128: =T128 -> 0 | AB128: =J128 -> 0 | AC128: =P128 -> 0 | AD128: =U128 -> 0 | AE128: =K128 -> 0 | AF128: =Q128 -> 0 | AG128: =V128 -> 0 | AH128: =L128 -> 0 | AI128: =R128 -> 0 | AJ128: =W128 -> 0 | AK128: =M128 -> 0 | AL128: =S128 -> 0 | AM128: =X128 -> 0 | AN128: =N128 -> 0
... A501: {=IF(IFERROR(INDEX(SFReportData!$A$2:'SFReportData'!$A$500, MATCH(0, COUNTIF(TransformData!$A$2:'TransformData'!$A500, SFReportData!$A$2:'SFReportData'!$A$500), 0)),"") = 0,"", IFERROR(INDEX(SFReportData!$A$2:'SFReportData'!$A$500, MATCH(0, COUNTIF(TransformData!$A$2:'TransformData'!$A500, SFReportData!$A$2:'SFReportData'!$A$500), 0)),""))} | B501: =IFERROR(VLOOKUP(A501,SFReportData!$A$2:$B$500,2,0),"") | C501: =IFERROR(VLOOKUP(A501,SFReportData!$A$2:$C$500,3,0),"") | H501: =IFERROR(VLOOKUP(B501,SFReportData!B500:H998,7,0),"") | I501: {=CELL("contents",A501)} | J501: {=IFERROR(INDEX(SFReportData!$E$2:$E$500,MATCH(1,($I501=SFReportData!$A$2:$A$500)*(J$1=SFReportData!$D$2:'SFReportData'!$D$500),0)),"")} -> 0 | K501: {=IFERROR(INDEX(SFReportData!$E$2:$E$500,MATCH(1,($I501=SFReportData!$A$2:$A$500)*(K$1=SFReportData!$D$2:'SFReportData'!$D$500),0)),"")} -> 0 | L501: {=IFERROR(INDEX(SFReportData!$E$2:$E$500,MATCH(1,($I501=SFReportData!$A$2:$A$500)*(L$1=SFReportData!$D$2:'SFReportData'!$D$500),0)),"")} -> 0 | M501: {=IFERROR(INDEX(SFReportData!$E$2:$E$500,MATCH(1,($I501=SFReportData!$A$2:$A$500)*(M$1=SFReportData!$D$2:'SFReportData'!$D$500),0)),"")} -> 0 | N501: {=IFERROR(INDEX(SFReportData!$E$2:$E$500,MATCH(1,($I501=SFReportData!$A$2:$A$500)*(N$1=SFReportData!$D$2:'SFReportData'!$D$500),0)),"")} -> 0 | O501: {=IFERROR(INDEX(SFReportData!$F$2:$F$500,MATCH(1,($I501=SFReportData!$A$2:$A$500)*(O$1=SFReportData!$D$2:'SFReportData'!$D$500),0)),"")} -> 0 | P501: {=IFERROR(INDEX(SFReportData!$F$2:$F$500,MATCH(1,($I501=SFReportData!$A$2:$A$500)*(P$1=SFReportData!$D$2:'SFReportData'!$D$500),0)),"")} -> 0 | Q501: {=IFERROR(INDEX(SFReportData!$F$2:$F$500,MATCH(1,($I501=SFReportData!$A$2:$A$500)*(Q$1=SFReportData!$D$2:'SFReportData'!$D$500),0)),"")} -> 0 | R501: {=IFERROR(INDEX(SFReportData!$F$2:$F$500,MATCH(1,($I501=SFReportData!$A$2:$A$500)*(R$1=SFReportData!$D$2:'SFReportData'!$D$500),0)),"")} -> 0 | S501: {=IFERROR(INDEX(SFReportData!$F$2:$F$500,MATCH(1,($I501=SFReportData!$A$2:$A$500)*(S$1=SFReportData!$D$2:'SFReportData'!$D$500),0)),"")} -> 0 | T501: {=IFERROR(INDEX(SFReportData!$G$2:$G$500,MATCH(1,($I501=SFReportData!$A$2:$A$500)*(T$1=SFReportData!$D$2:'SFReportData'!$D$500),0)),"")} -> 0 | U501: {=IFERROR(INDEX(SFReportData!$G$2:$G$500,MATCH(1,($I501=SFReportData!$A$2:$A$500)*(U$1=SFReportData!$D$2:'SFReportData'!$D$500),0)),"")} -> 0 | V501: {=IFERROR(INDEX(SFReportData!$G$2:$G$500,MATCH(1,($I501=SFReportData!$A$2:$A$500)*(V$1=SFReportData!$D$2:'SFReportData'!$D$500),0)),"")} -> 0 | W501: {=IFERROR(INDEX(SFReportData!$G$2:$G$500,MATCH(1,($I501=SFReportData!$A$2:$A$500)*(W$1=SFReportData!$D$2:'SFReportData'!$D$500),0)),"")} -> 0 | X501: {=IFERROR(INDEX(SFReportData!$G$2:$G$500,MATCH(1,($I501=SFReportData!$A$2:$A$500)*(X$1=SFReportData!$D$2:'SFReportData'!$D$500),0)),"")} -> 0 | Z501: =O501 -> 0 | AA501: =T501 -> 0 | AB501: =J501 -> 0 | AC501: =P501 -> 0 | AD501: =U501 -> 0 | AE501: =K501 -> 0 | AF501: =Q501 -> 0 | AG501: =V501 -> 0 | AH501: =L501 -> 0 | AI501: =R501 -> 0 | AJ501: =W501 -> 0 | AK501: =M501 -> 0 | AL501: =S501 -> 0 | AM501: =X501 -> 0 | AN501: =N501 -> 0

Sheet FinalData
D1: Thrust Settings | G1: =TransformData!D3 -> 0 | J1: =TransformData!D4 | M1: =TransformData!D5 | P1: =TransformData!D6 | S1: =TransformData!D7
A2: Module | B2: LLP Part Name | C2: Part Number | D2: Serial Number | E2: TSN | F2: CSN | G2: CSN | H2: Total Life | I2: Life Remaining | J2: CSN | K2: Total Life | L2: Life Remaining | M2: CSN | N2: Total Life | O2: Life Remaining | P2: CSN | Q2: Total Life | R2: Life Remaining | S2: CSN | T2: Total Life | U2: Life Remaining
A3: =IF(TransformData!H3="","",TransformData!H3) | B3: =TransformData!I3 | C3: =TransformData!B3 | D3: =TransformData!C3 | E3: =TransformData!E3 | F3: =TransformData!F3 | G3: =IF(TransformData!Z3=0,"",TransformData!Z3) | H3: =IF(TransformData!AA3=0,"",TransformData!AA3) | I3: =IF(TransformData!AB3=0,"",TransformData!AB3) | J3: =IF(TransformData!AC3=0,"",TransformData!AC3) | K3: =IF(TransformData!AD3=0,"",TransformData!AD3) | L3: =IF(TransformData!AE3=0,"",TransformData!AE3) | M3: =IF(TransformData!AF3=0,"",TransformData!AF3) | N3: =IF(TransformData!AG3=0,"",TransformData!AG3) | ... U3: =IF(TransformData!AN3=0,"",TransformData!AN3)
A4: =IF(TransformData!H4="","",TransformData!H4) | B4: =TransformData!I4 | C4: =TransformData!B4 | D4: =TransformData!C4 | E4: =TransformData!E4 | F4: =TransformData!F4 | G4: =IF(TransformData!Z4=0,"",TransformData!Z4) | H4: =IF(TransformData!AA4=0,"",TransformData!AA4) | I4: =IF(TransformData!AB4=0,"",TransformData!AB4) | J4: =IF(TransformData!AC4=0,"",TransformData!AC4) | K4: =IF(TransformData!AD4=0,"",TransformData!AD4) | L4: =IF(TransformData!AE4=0,"",TransformData!AE4) | M4: =IF(TransformData!AF4=0,"",TransformData!AF4) | N4: =IF(TransformData!AG4=0,"",TransformData!AG4) | ... U4: =IF(TransformData!AN4=0,"",TransformData!AN4)
A5: =IF(TransformData!H5="","",TransformData!H5) | B5: =TransformData!I5 | C5: =TransformData!B5 | D5: =TransformData!C5 | E5: =TransformData!E5 | F5: =TransformData!F5 | G5: =IF(TransformData!Z5=0,"",TransformData!Z5) | H5: =IF(TransformData!AA5=0,"",TransformData!AA5) | I5: =IF(TransformData!AB5=0,"",TransformData!AB5) | J5: =IF(TransformData!AC5=0,"",TransformData!AC5) | K5: =IF(TransformData!AD5=0,"",TransformData!AD5) | L5: =IF(TransformData!AE5=0,"",TransformData!AE5) | M5: =IF(TransformData!AF5=0,"",TransformData!AF5) | N5: =IF(TransformData!AG5=0,"",TransformData!AG5) | ... U5: =IF(TransformData!AN5=0,"",TransformData!AN5)
A6: =IF(TransformData!H6="","",TransformData!H6) | B6: =TransformData!I6 | C6: =TransformData!B6 | D6: =TransformData!C6 | E6: =TransformData!E6 | F6: =TransformData!F6 | G6: =IF(TransformData!Z6=0,"",TransformData!Z6) | H6: =IF(TransformData!AA6=0,"",TransformData!AA6) | I6: =IF(TransformData!AB6=0,"",TransformData!AB6) | J6: =IF(TransformData!AC6=0,"",TransformData!AC6) | K6: =IF(TransformData!AD6=0,"",TransformData!AD6) | L6: =IF(TransformData!AE6=0,"",TransformData!AE6) | M6: =IF(TransformData!AF6=0,"",TransformData!AF6) | N6: =IF(TransformData!AG6=0,"",TransformData!AG6) | ... U6: =IF(TransformData!AN6=0,"",TransformData!AN6)
A7: =IF(TransformData!H7="","",TransformData!H7) | B7: =TransformData!I7 | C7: =TransformData!B7 | D7: =TransformData!C7 | E7: =TransformData!E7 | F7: =TransformData!F7 | G7: =IF(TransformData!Z7=0,"",TransformData!Z7) | H7: =IF(TransformData!AA7=0,"",TransformData!AA7) | I7: =IF(TransformData!AB7=0,"",TransformData!AB7) | J7: =IF(TransformData!AC7=0,"",TransformData!AC7) | K7: =IF(TransformData!AD7=0,"",TransformData!AD7) | L7: =IF(TransformData!AE7=0,"",TransformData!AE7) | M7: =IF(TransformData!AF7=0,"",TransformData!AF7) | N7: =IF(TransformData!AG7=0,"",TransformData!AG7) | ... U7: =IF(TransformData!AN7=0,"",TransformData!AN7)
A8: =IF(TransformData!H8="","",TransformData!H8) | B8: =TransformData!I8 | C8: =TransformData!B8 | D8: =TransformData!C8 | E8: =TransformData!E8 | F8: =TransformData!F8 | G8: =IF(TransformData!Z8=0,"",TransformData!Z8) | H8: =IF(TransformData!AA8=0,"",TransformData!AA8) | I8: =IF(TransformData!AB8=0,"",TransformData!AB8) | J8: =IF(TransformData!AC8=0,"",TransformData!AC8) | K8: =IF(TransformData!AD8=0,"",TransformData!AD8) | L8: =IF(TransformData!AE8=0,"",TransformData!AE8) | M8: =IF(TransformData!AF8=0,"",TransformData!AF8) | N8: =IF(TransformData!AG8=0,"",TransformData!AG8) | ... U8: =IF(TransformData!AN8=0,"",TransformData!AN8)
A9: =IF(TransformData!H9="","",TransformData!H9) | B9: =TransformData!I9 | C9: =TransformData!B9 | D9: =TransformData!C9 | E9: =TransformData!E9 | F9: =TransformData!F9 | G9: =IF(TransformData!Z9=0,"",TransformData!Z9) | H9: =IF(TransformData!AA9=0,"",TransformData!AA9) | I9: =IF(TransformData!AB9=0,"",TransformData!AB9) | J9: =IF(TransformData!AC9=0,"",TransformData!AC9) | K9: =IF(TransformData!AD9=0,"",TransformData!AD9) | L9: =IF(TransformData!AE9=0,"",TransformData!AE9) | M9: =IF(TransformData!AF9=0,"",TransformData!AF9) | N9: =IF(TransformData!AG9=0,"",TransformData!AG9) | ... U9: =IF(TransformData!AN9=0,"",TransformData!AN9)
A10: =IF(TransformData!H10="","",TransformData!H10) | B10: =TransformData!I10 | C10: =TransformData!B10 | D10: =TransformData!C10 | E10: =TransformData!E10 | F10: =TransformData!F10 | G10: =IF(TransformData!Z10=0,"",TransformData!Z10) | H10: =IF(TransformData!AA10=0,"",TransformData!AA10) | I10: =IF(TransformData!AB10=0,"",TransformData!AB10) | J10: =IF(TransformData!AC10=0,"",TransformData!AC10) | K10: =IF(TransformData!AD10=0,"",TransformData!AD10) | L10: =IF(TransformData!AE10=0,"",TransformData!AE10) | M10: =IF(TransformData!AF10=0,"",TransformData!AF10) | N10: =IF(TransformData!AG10=0,"",TransformData!AG10) | ... U10: =IF(TransformData!AN10=0,"",TransformData!AN10)
A11: =IF(TransformData!H11="","",TransformData!H11) | B11: =TransformData!I11 | C11: =TransformData!B11 | D11: =TransformData!C11 | E11: =TransformData!E11 | F11: =TransformData!F11 | G11: =IF(TransformData!Z11=0,"",TransformData!Z11) | H11: =IF(TransformData!AA11=0,"",TransformData!AA11) | I11: =IF(TransformData!AB11=0,"",TransformData!AB11) | J11: =IF(TransformData!AC11=0,"",TransformData!AC11) | K11: =IF(TransformData!AD11=0,"",TransformData!AD11) | L11: =IF(TransformData!AE11=0,"",TransformData!AE11) | M11: =IF(TransformData!AF11=0,"",TransformData!AF11) | N11: =IF(TransformData!AG11=0,"",TransformData!AG11) | ... U11: =IF(TransformData!AN11=0,"",TransformData!AN11)
A12: =IF(TransformData!H12="","",TransformData!H12) | B12: =TransformData!I12 | C12: =TransformData!B12 | D12: =TransformData!C12 | E12: =TransformData!E12 | F12: =TransformData!F12 | G12: =IF(TransformData!Z12=0,"",TransformData!Z12) | H12: =IF(TransformData!AA12=0,"",TransformData!AA12) | I12: =IF(TransformData!AB12=0,"",TransformData!AB12) | J12: =IF(TransformData!AC12=0,"",TransformData!AC12) | K12: =IF(TransformData!AD12=0,"",TransformData!AD12) | L12: =IF(TransformData!AE12=0,"",TransformData!AE12) | M12: =IF(TransformData!AF12=0,"",TransformData!AF12) | N12: =IF(TransformData!AG12=0,"",TransformData!AG12) | ... U12: =IF(TransformData!AN12=0,"",TransformData!AN12)
A13: =IF(TransformData!H13="","",TransformData!H13) | B13: =TransformData!I13 | C13: =TransformData!B13 | D13: =TransformData!C13 | E13: =TransformData!E13 | F13: =TransformData!F13 | G13: =IF(TransformData!Z13=0,"",TransformData!Z13) | H13: =IF(TransformData!AA13=0,"",TransformData!AA13) | I13: =IF(TransformData!AB13=0,"",TransformData!AB13) | J13: =IF(TransformData!AC13=0,"",TransformData!AC13) | K13: =IF(TransformData!AD13=0,"",TransformData!AD13) | L13: =IF(TransformData!AE13=0,"",TransformData!AE13) | M13: =IF(TransformData!AF13=0,"",TransformData!AF13) | N13: =IF(TransformData!AG13=0,"",TransformData!AG13) | ... U13: =IF(TransformData!AN13=0,"",TransformData!AN13)
A14: =IF(TransformData!H14="","",TransformData!H14) | B14: =TransformData!I14 | C14: =TransformData!B14 | D14: =TransformData!C14 | E14: =TransformData!E14 | F14: =TransformData!F14 | G14: =IF(TransformData!Z14=0,"",TransformData!Z14) | H14: =IF(TransformData!AA14=0,"",TransformData!AA14) | I14: =IF(TransformData!AB14=0,"",TransformData!AB14) | J14: =IF(TransformData!AC14=0,"",TransformData!AC14) | K14: =IF(TransformData!AD14=0,"",TransformData!AD14) | L14: =IF(TransformData!AE14=0,"",TransformData!AE14) | M14: =IF(TransformData!AF14=0,"",TransformData!AF14) | N14: =IF(TransformData!AG14=0,"",TransformData!AG14) | ... U14: =IF(TransformData!AN14=0,"",TransformData!AN14)
... A40: =IF(TransformData!H40="","",TransformData!H40) | B40: =TransformData!I40 | C40: =TransformData!B40 | D40: =TransformData!C40 | E40: =TransformData!E40 | F40: =TransformData!F40 | G40: =IF(TransformData!Z40=0,"",TransformData!Z40) | H40: =IF(TransformData!AA40=0,"",TransformData!AA40) | I40: =IF(TransformData!AB40=0,"",TransformData!AB40) | J40: =IF(TransformData!AC40=0,"",TransformData!AC40) | K40: =IF(TransformData!AD40=0,"",TransformData!AD40) | L40: =IF(TransformData!AE40=0,"",TransformData!AE40) | M40: =IF(TransformData!AF40=0,"",TransformData!AF40) | N40: =IF(TransformData!AG40=0,"",TransformData!AG40) | ... U40: =IF(TransformData!AN40=0,"",TransformData!AN40)
A41: =TransformData!H41 | B41: =TransformData!I41 | C41: =TransformData!B41 | D41: =TransformData!C41 | E41: =TransformData!E41 | F41: =TransformData!F41 | G41: =IF(TransformData!Z41=0,"",TransformData!Z41) | H41: =IF(TransformData!AA41=0,"",TransformData!AA41) | I41: =IF(TransformData!AB41=0,"",TransformData!AB41) | J41: =IF(TransformData!AC41=0,"",TransformData!AC41) | K41: =IF(TransformData!AD41=0,"",TransformData!AD41) | L41: =IF(TransformData!AE41=0,"",TransformData!AE41) | M41: =IF(TransformData!AF41=0,"",TransformData!AF41) | N41: =IF(TransformData!AG41=0,"",TransformData!AG41) | ... U41: =IF(TransformData!AN41=0,"",TransformData!AN41)
A42: =TransformData!H42 | B42: =TransformData!I42 | C42: =TransformData!B42 | D42: =TransformData!C42 | E42: =TransformData!E42 | F42: =TransformData!F42 | G42: =IF(TransformData!Z42=0,"",TransformData!Z42) | H42: =IF(TransformData!AA42=0,"",TransformData!AA42) | I42: =IF(TransformData!AB42=0,"",TransformData!AB42) | J42: =IF(TransformData!AC42=0,"",TransformData!AC42) | K42: =IF(TransformData!AD42=0,"",TransformData!AD42) | L42: =IF(TransformData!AE42=0,"",TransformData!AE42) | M42: =IF(TransformData!AF42=0,"",TransformData!AF42) | N42: =IF(TransformData!AG42=0,"",TransformData!AG42) | ... U42: =IF(TransformData!AN42=0,"",TransformData!AN42)
A43: =TransformData!H43 | B43: =TransformData!I43 | C43: =TransformData!B43 | D43: =TransformData!C43 | E43: =TransformData!E43 | F43: =TransformData!F43 | G43: =IF(TransformData!Z43=0,"",TransformData!Z43) | H43: =IF(TransformData!AA43=0,"",TransformData!AA43) | I43: =IF(TransformData!AB43=0,"",TransformData!AB43) | J43: =IF(TransformData!AC43=0,"",TransformData!AC43) | K43: =IF(TransformData!AD43=0,"",TransformData!AD43) | L43: =IF(TransformData!AE43=0,"",TransformData!AE43) | M43: =IF(TransformData!AF43=0,"",TransformData!AF43) | N43: =IF(TransformData!AG43=0,"",TransformData!AG43) | ... U43: =IF(TransformData!AN43=0,"",TransformData!AN43)
A44: =TransformData!H44 | B44: =TransformData!I44 | C44: =TransformData!B44 | D44: =TransformData!C44 | E44: =TransformData!E44 | F44: =TransformData!F44 | G44: =IF(TransformData!Z44=0,"",TransformData!Z44) | H44: =IF(TransformData!AA44=0,"",TransformData!AA44) | I44: =IF(TransformData!AB44=0,"",TransformData!AB44) | J44: =IF(TransformData!AC44=0,"",TransformData!AC44) | K44: =IF(TransformData!AD44=0,"",TransformData!AD44) | L44: =IF(TransformData!AE44=0,"",TransformData!AE44) | M44: =IF(TransformData!AF44=0,"",TransformData!AF44) | N44: =IF(TransformData!AG44=0,"",TransformData!AG44) | ... U44: =IF(TransformData!AN44=0,"",TransformData!AN44)
A45: =TransformData!H45 | B45: =TransformData!I45 | C45: =TransformData!B45 | D45: =TransformData!C45 | E45: =TransformData!E45 | F45: =TransformData!F45 | G45: =IF(TransformData!Z45=0,"",TransformData!Z45) | H45: =IF(TransformData!AA45=0,"",TransformData!AA45) | I45: =IF(TransformData!AB45=0,"",TransformData!AB45) | J45: =IF(TransformData!AC45=0,"",TransformData!AC45) | K45: =IF(TransformData!AD45=0,"",TransformData!AD45) | L45: =IF(TransformData!AE45=0,"",TransformData!AE45) | M45: =IF(TransformData!AF45=0,"",TransformData!AF45) | N45: =IF(TransformData!AG45=0,"",TransformData!AG45) | ... U45: =IF(TransformData!AN45=0,"",TransformData!AN45)
A46: =TransformData!H46 | B46: =TransformData!I46 | C46: =TransformData!B46 | D46: =TransformData!C46 | E46: =TransformData!E46 | F46: =TransformData!F46 | G46: =IF(TransformData!Z46=0,"",TransformData!Z46) | H46: =IF(TransformData!AA46=0,"",TransformData!AA46) | I46: =IF(TransformData!AB46=0,"",TransformData!AB46) | J46: =IF(TransformData!AC46=0,"",TransformData!AC46) | K46: =IF(TransformData!AD46=0,"",TransformData!AD46) | L46: =IF(TransformData!AE46=0,"",TransformData!AE46) | M46: =IF(TransformData!AF46=0,"",TransformData!AF46) | N46: =IF(TransformData!AG46=0,"",TransformData!AG46) | ... U46: =IF(TransformData!AN46=0,"",TransformData!AN46)
