Workbook
Name Assembly_Cond_final: AS_Final!$A$1:$G$100

Sheet SF_data
A1: Delivery/Return Condition Life: Delivery/Return Condition Life Name | B1: Type | C1: Use % Instead | D1: Life FC | E1: Life FH | F1: Life Months | G1: Life FC % | H1: Life FH % | I1: Life Months % | J1: Life Remaining % | K1: Comments | L1: Mirror in and Mirror out | M1: Mirror in and Mirror out Comments
A2: Airframe - Basic 1 Check - Remaining To Event | B2: Full Life | C2: 0 | D2: 5000 | E2: 6000 | F2: 24 | K2: Lease Section 11.2(a) | L2: 0

Sheet AS_Final
A1: Name | B1: Type | C1: Life FC | D1: Life FH | E1: Life Months | F1: Life Remaining | G1: Comments
A2: =IF(SF_data!A2="","",SF_data!A2) -> Airframe - Basic 1 Check - Remaining To Event | B2: =IF(A2="","",SF_data!B2) -> Full Life | C2: =IF(SF_data!L2=0,IF(IF(SF_data!$C2=1,SF_data!G2,SF_data!D2)="","",IF(SF_data!$C2=1,SF_data!G2,SF_data!D2)),"") -> 5000 | D2: =IF(SF_data!L2=0,IF(IF(SF_data!$C2=1,SF_data!H2,SF_data!E2)="","",IF(SF_data!$C2=1,SF_data!H2,SF_data!E2)),"") -> 6000 | E2: =IF(SF_data!L2=0,IF(IF(SF_data!$C2=1,SF_data!I2,SF_data!F2)="","",IF(SF_data!$C2=1,SF_data!I2,SF_data!F2)),"") -> 24 | F2: =IF(SF_data!L2=0,IF(SF_data!J2="","",SF_data!J2/100),"") | G2: =IF(SF_data!L2=0,IF(SF_data!K2="","",SF_data!K2),SF_data!M2) -> Lease Section 11.2(a)
A3: =IF(SF_data!A3="","",SF_data!A3) | B3: =IF(A3="","",SF_data!B3) | C3: =IF(SF_data!L3=0,IF(IF(SF_data!$C3=1,SF_data!G3,SF_data!D3)="","",IF(SF_data!$C3=1,SF_data!G3,SF_data!D3)),"") | D3: =IF(SF_data!L3=0,IF(IF(SF_data!$C3=1,SF_data!H3,SF_data!E3)="","",IF(SF_data!$C3=1,SF_data!H3,SF_data!E3)),"") | E3: =IF(SF_data!L3=0,IF(IF(SF_data!$C3=1,SF_data!I3,SF_data!F3)="","",IF(SF_data!$C3=1,SF_data!I3,SF_data!F3)),"") | F3: =IF(SF_data!L3=0,IF(SF_data!J3="","",SF_data!J3/100),"") | G3: =IF(SF_data!L3=0,IF(SF_data!K3="","",SF_data!K3),SF_data!M3)
A4: =IF(SF_data!A4="","",SF_data!A4) | B4: =IF(A4="","",SF_data!B4) | C4: =IF(SF_data!L4=0,IF(IF(SF_data!$C4=1,SF_data!G4,SF_data!D4)="","",IF(SF_data!$C4=1,SF_data!G4,SF_data!D4)),"") | D4: =IF(SF_data!L4=0,IF(IF(SF_data!$C4=1,SF_data!H4,SF_data!E4)="","",IF(SF_data!$C4=1,SF_data!H4,SF_data!E4)),"") | E4: =IF(SF_data!L4=0,IF(IF(SF_data!$C4=1,SF_data!I4,SF_data!F4)="","",IF(SF_data!$C4=1,SF_data!I4,SF_data!F4)),"") | F4: =IF(SF_data!L4=0,IF(SF_data!J4="","",SF_data!J4/100),"") | G4: =IF(SF_data!L4=0,IF(SF_data!K4="","",SF_data!K4),SF_data!M4)
A5: =IF(SF_data!A5="","",SF_data!A5) | B5: =IF(A5="","",SF_data!B5) | C5: =IF(SF_data!L5=0,IF(IF(SF_data!$C5=1,SF_data!G5,SF_data!D5)="","",IF(SF_data!$C5=1,SF_data!G5,SF_data!D5)),"") | D5: =IF(SF_data!L5=0,IF(IF(SF_data!$C5=1,SF_data!H5,SF_data!E5)="","",IF(SF_data!$C5=1,SF_data!H5,SF_data!E5)),"") | E5: =IF(SF_data!L5=0,IF(IF(SF_data!$C5=1,SF_data!I5,SF_data!F5)="","",IF(SF_data!$C5=1,SF_data!I5,SF_data!F5)),"") | F5: =IF(SF_data!L5=0,IF(SF_data!J5="","",SF_data!J5/100),"") | G5: =IF(SF_data!L5=0,IF(SF_data!K5="","",SF_data!K5),SF_data!M5)
A6: =IF(SF_data!A6="","",SF_data!A6) | B6: =IF(A6="","",SF_data!B6) | C6: =IF(SF_data!L6=0,IF(IF(SF_data!$C6=1,SF_data!G6,SF_data!D6)="","",IF(SF_data!$C6=1,SF_data!G6,SF_data!D6)),"") | D6: =IF(SF_data!L6=0,IF(IF(SF_data!$C6=1,SF_data!H6,SF_data!E6)="","",IF(SF_data!$C6=1,SF_data!H6,SF_data!E6)),"") | E6: =IF(SF_data!L6=0,IF(IF(SF_data!$C6=1,SF_data!I6,SF_data!F6)="","",IF(SF_data!$C6=1,SF_data!I6,SF_data!F6)),"") | F6: =IF(SF_data!L6=0,IF(SF_data!J6="","",SF_data!J6/100),"") | G6: =IF(SF_data!L6=0,IF(SF_data!K6="","",SF_data!K6),SF_data!M6)
A7: =IF(SF_data!A7="","",SF_data!A7) | B7: =IF(A7="","",SF_data!B7) | C7: =IF(SF_data!L7=0,IF(IF(SF_data!$C7=1,SF_data!G7,SF_data!D7)="","",IF(SF_data!$C7=1,SF_data!G7,SF_data!D7)),"") | D7: =IF(SF_data!L7=0,IF(IF(SF_data!$C7=1,SF_data!H7,SF_data!E7)="","",IF(SF_data!$C7=1,SF_data!H7,SF_data!E7)),"") | E7: =IF(SF_data!L7=0,IF(IF(SF_data!$C7=1,SF_data!I7,SF_data!F7)="","",IF(SF_data!$C7=1,SF_data!I7,SF_data!F7)),"") | F7: =IF(SF_data!L7=0,IF(SF_data!J7="","",SF_data!J7/100),"") | G7: =IF(SF_data!L7=0,IF(SF_data!K7="","",SF_data!K7),SF_data!M7)
A8: =IF(SF_data!A8="","",SF_data!A8) | B8: =IF(A8="","",SF_data!B8) | C8: =IF(SF_data!L8=0,IF(IF(SF_data!$C8=1,SF_data!G8,SF_data!D8)="","",IF(SF_data!$C8=1,SF_data!G8,SF_data!D8)),"") | D8: =IF(SF_data!L8=0,IF(IF(SF_data!$C8=1,SF_data!H8,SF_data!E8)="","",IF(SF_data!$C8=1,SF_data!H8,SF_data!E8)),"") | E8: =IF(SF_data!L8=0,IF(IF(SF_data!$C8=1,SF_data!I8,SF_data!F8)="","",IF(SF_data!$C8=1,SF_data!I8,SF_data!F8)),"") | F8: =IF(SF_data!L8=0,IF(SF_data!J8="","",SF_data!J8/100),"") | G8: =IF(SF_data!L8=0,IF(SF_data!K8="","",SF_data!K8),SF_data!M8)
A9: =IF(SF_data!A9="","",SF_data!A9) | B9: =IF(A9="","",SF_data!B9) | C9: =IF(SF_data!L9=0,IF(IF(SF_data!$C9=1,SF_data!G9,SF_data!D9)="","",IF(SF_data!$C9=1,SF_data!G9,SF_data!D9)),"") | D9: =IF(SF_data!L9=0,IF(IF(SF_data!$C9=1,SF_data!H9,SF_data!E9)="","",IF(SF_data!$C9=1,SF_data!H9,SF_data!E9)),"") | E9: =IF(SF_data!L9=0,IF(IF(SF_data!$C9=1,SF_data!I9,SF_data!F9)="","",IF(SF_data!$C9=1,SF_data!I9,SF_data!F9)),"") | F9: =IF(SF_data!L9=0,IF(SF_data!J9="","",SF_data!J9/100),"") | G9: =IF(SF_data!L9=0,IF(SF_data!K9="","",SF_data!K9),SF_data!M9)
A10: =IF(SF_data!A10="","",SF_data!A10) | B10: =IF(A10="","",SF_data!B10) | C10: =IF(SF_data!L10=0,IF(IF(SF_data!$C10=1,SF_data!G10,SF_data!D10)="","",IF(SF_data!$C10=1,SF_data!G10,SF_data!D10)),"") | D10: =IF(SF_data!L10=0,IF(IF(SF_data!$C10=1,SF_data!H10,SF_data!E10)="","",IF(SF_data!$C10=1,SF_data!H10,SF_data!E10)),"") | E10: =IF(SF_data!L10=0,IF(IF(SF_data!$C10=1,SF_data!I10,SF_data!F10)="","",IF(SF_data!$C10=1,SF_data!I10,SF_data!F10)),"") | F10: =IF(SF_data!L10=0,IF(SF_data!J10="","",SF_data!J10/100),"") | G10: =IF(SF_data!L10=0,IF(SF_data!K10="","",SF_data!K10),SF_data!M10)
A11: =IF(SF_data!A11="","",SF_data!A11) | B11: =IF(A11="","",SF_data!B11) | C11: =IF(SF_data!L11=0,IF(IF(SF_data!$C11=1,SF_data!G11,SF_data!D11)="","",IF(SF_data!$C11=1,SF_data!G11,SF_data!D11)),"") | D11: =IF(SF_data!L11=0,IF(IF(SF_data!$C11=1,SF_data!H11,SF_data!E11)="","",IF(SF_data!$C11=1,SF_data!H11,SF_data!E11)),"") | E11: =IF(SF_data!L11=0,IF(IF(SF_data!$C11=1,SF_data!I11,SF_data!F11)="","",IF(SF_data!$C11=1,SF_data!I11,SF_data!F11)),"") | F11: =IF(SF_data!L11=0,IF(SF_data!J11="","",SF_data!J11/100),"") | G11: =IF(SF_data!L11=0,IF(SF_data!K11="","",SF_data!K11),SF_data!M11)
A12: =IF(SF_data!A12="","",SF_data!A12) | B12: =IF(A12="","",SF_data!B12) | C12: =IF(SF_data!L12=0,IF(IF(SF_data!$C12=1,SF_data!G12,SF_data!D12)="","",IF(SF_data!$C12=1,SF_data!G12,SF_data!D12)),"") | D12: =IF(SF_data!L12=0,IF(IF(SF_data!$C12=1,SF_data!H12,SF_data!E12)="","",IF(SF_data!$C12=1,SF_data!H12,SF_data!E12)),"") | E12: =IF(SF_data!L12=0,IF(IF(SF_data!$C12=1,SF_data!I12,SF_data!F12)="","",IF(SF_data!$C12=1,SF_data!I12,SF_data!F12)),"") | F12: =IF(SF_data!L12=0,IF(SF_data!J12="","",SF_data!J12/100),"") | G12: =IF(SF_data!L12=0,IF(SF_data!K12="","",SF_data!K12),SF_data!M12)
A13: =IF(SF_data!A13="","",SF_data!A13) | B13: =IF(A13="","",SF_data!B13) | C13: =IF(SF_data!L13=0,IF(IF(SF_data!$C13=1,SF_data!G13,SF_data!D13)="","",IF(SF_data!$C13=1,SF_data!G13,SF_data!D13)),"") | D13: =IF(SF_data!L13=0,IF(IF(SF_data!$C13=1,SF_data!H13,SF_data!E13)="","",IF(SF_data!$C13=1,SF_data!H13,SF_data!E13)),"") | E13: =IF(SF_data!L13=0,IF(IF(SF_data!$C13=1,SF_data!I13,SF_data!F13)="","",IF(SF_data!$C13=1,SF_data!I13,SF_data!F13)),"") | F13: =IF(SF_data!L13=0,IF(SF_data!J13="","",SF_data!J13/100),"") | G13: =IF(SF_data!L13=0,IF(SF_data!K13="","",SF_data!K13),SF_data!M13)
... A101: =IF(SF_data!A101="","",SF_data!A101) | B101: =IF(A101="","",SF_data!B101) | C101: =IF(SF_data!L101=0,IF(IF(SF_data!$C101=1,SF_data!G101,SF_data!D101)="","",IF(SF_data!$C101=1,SF_data!G101,SF_data!D101)),"") | D101: =IF(SF_data!L101=0,IF(IF(SF_data!$C101=1,SF_data!H101,SF_data!E101)="","",IF(SF_data!$C101=1,SF_data!H101,SF_data!E101)),"") | E101: =IF(SF_data!L101=0,IF(IF(SF_data!$C101=1,SF_data!I101,SF_data!F101)="","",IF(SF_data!$C101=1,SF_data!I101,SF_data!F101)),"") | F101: =IF(SF_data!L101=0,IF(SF_data!J101="","",SF_data!J101/100),"") | G101: =IF(SF_data!L101=0,IF(SF_data!K101="","",SF_data!K101),SF_data!M101)
