Workbook
Name Final_Insurance: Sheet2!$A$1:$G$100

Sheet SF_data
A1: Type | B1: Start Date | C1: End Date | D1: Agreed Value | E1: Deductible Amount | F1: Variability Per | G1: Variability Amount

Sheet Sheet2
A1: Type | B1: Start Date | C1: End Date | D1: Agreed Value | E1: Deductible Amount | F1: Variability
A2: =IF(SF_data!A2="","",SF_data!A2) | B2: =IF(SF_data!B2="","",SF_data!B2) | C2: =IF(SF_data!C2="","",SF_data!C2) | D2: =IF(SF_data!D2="","",SF_data!D2) | E2: =IF(SF_data!E2="","",SF_data!E2) | F2: =IF(IF(SF_data!F2=0,SF_data!G2,SF_data!F2)="","",IF(SF_data!F2=0,SF_data!G2,SF_data!F2))
A3: =IF(SF_data!A3="","",SF_data!A3) | B3: =IF(SF_data!B3="","",SF_data!B3) | C3: =IF(SF_data!C3="","",SF_data!C3) | D3: =IF(SF_data!D3="","",SF_data!D3) | E3: =IF(SF_data!E3="","",SF_data!E3) | F3: =IF(IF(SF_data!F3=0,SF_data!G3,SF_data!F3)="","",IF(SF_data!F3=0,SF_data!G3,SF_data!F3))
A4: =IF(SF_data!A4="","",SF_data!A4) | B4: =IF(SF_data!B4="","",SF_data!B4) | C4: =IF(SF_data!C4="","",SF_data!C4) | D4: =IF(SF_data!D4="","",SF_data!D4) | E4: =IF(SF_data!E4="","",SF_data!E4) | F4: =IF(IF(SF_data!F4=0,SF_data!G4,SF_data!F4)="","",IF(SF_data!F4=0,SF_data!G4,SF_data!F4))
A5: =IF(SF_data!A5="","",SF_data!A5) | B5: =IF(SF_data!B5="","",SF_data!B5) | C5: =IF(SF_data!C5="","",SF_data!C5) | D5: =IF(SF_data!D5="","",SF_data!D5) | E5: =IF(SF_data!E5="","",SF_data!E5) | F5: =IF(IF(SF_data!F5=0,SF_data!G5,SF_data!F5)="","",IF(SF_data!F5=0,SF_data!G5,SF_data!F5))
A6: =IF(SF_data!A6="","",SF_data!A6) | B6: =IF(SF_data!B6="","",SF_data!B6) | C6: =IF(SF_data!C6="","",SF_data!C6) | D6: =IF(SF_data!D6="","",SF_data!D6) | E6: =IF(SF_data!E6="","",SF_data!E6) | F6: =IF(IF(SF_data!F6=0,SF_data!G6,SF_data!F6)="","",IF(SF_data!F6=0,SF_data!G6,SF_data!F6))
A7: =IF(SF_data!A7="","",SF_data!A7) | B7: =IF(SF_data!B7="","",SF_data!B7) | C7: =IF(SF_data!C7="","",SF_data!C7) | D7: =IF(SF_data!D7="","",SF_data!D7) | E7: =IF(SF_data!E7="","",SF_data!E7) | F7: =IF(IF(SF_data!F7=0,SF_data!G7,SF_data!F7)="","",IF(SF_data!F7=0,SF_data!G7,SF_data!F7))
A8: =IF(SF_data!A8="","",SF_data!A8) | B8: =IF(SF_data!B8="","",SF_data!B8) | C8: =IF(SF_data!C8="","",SF_data!C8) | D8: =IF(SF_data!D8="","",SF_data!D8) | E8: =IF(SF_data!E8="","",SF_data!E8) | F8: =IF(IF(SF_data!F8=0,SF_data!G8,SF_data!F8)="","",IF(SF_data!F8=0,SF_data!G8,SF_data!F8))
A9: =IF(SF_data!A9="","",SF_data!A9) | B9: =IF(SF_data!B9="","",SF_data!B9) | C9: =IF(SF_data!C9="","",SF_data!C9) | D9: =IF(SF_data!D9="","",SF_data!D9) | E9: =IF(SF_data!E9="","",SF_data!E9) | F9: =IF(IF(SF_data!F9=0,SF_data!G9,SF_data!F9)="","",IF(SF_data!F9=0,SF_data!G9,SF_data!F9))
A10: =IF(SF_data!A10="","",SF_data!A10) | B10: =IF(SF_data!B10="","",SF_data!B10) | C10: =IF(SF_data!C10="","",SF_data!C10) | D10: =IF(SF_data!D10="","",SF_data!D10) | E10: =IF(SF_data!E10="","",SF_data!E10) | F10: =IF(IF(SF_data!F10=0,SF_data!G10,SF_data!F10)="","",IF(SF_data!F10=0,SF_data!G10,SF_data!F10))
A11: =IF(SF_data!A11="","",SF_data!A11) | B11: =IF(SF_data!B11="","",SF_data!B11) | C11: =IF(SF_data!C11="","",SF_data!C11) | D11: =IF(SF_data!D11="","",SF_data!D11) | E11: =IF(SF_data!E11="","",SF_data!E11) | F11: =IF(IF(SF_data!F11=0,SF_data!G11,SF_data!F11)="","",IF(SF_data!F11=0,SF_data!G11,SF_data!F11))
A12: =IF(SF_data!A12="","",SF_data!A12) | B12: =IF(SF_data!B12="","",SF_data!B12) | C12: =IF(SF_data!C12="","",SF_data!C12) | D12: =IF(SF_data!D12="","",SF_data!D12) | E12: =IF(SF_data!E12="","",SF_data!E12) | F12: =IF(IF(SF_data!F12=0,SF_data!G12,SF_data!F12)="","",IF(SF_data!F12=0,SF_data!G12,SF_data!F12))
A13: =IF(SF_data!A13="","",SF_data!A13) | B13: =IF(SF_data!B13="","",SF_data!B13) | C13: =IF(SF_data!C13="","",SF_data!C13) | D13: =IF(SF_data!D13="","",SF_data!D13) | E13: =IF(SF_data!E13="","",SF_data!E13) | F13: =IF(IF(SF_data!F13=0,SF_data!G13,SF_data!F13)="","",IF(SF_data!F13=0,SF_data!G13,SF_data!F13))
... A100: =IF(SF_data!A100="","",SF_data!A100) | B100: =IF(SF_data!B100="","",SF_data!B100) | C100: =IF(SF_data!C100="","",SF_data!C100) | D100: =IF(SF_data!D100="","",SF_data!D100) | E100: =IF(SF_data!E100="","",SF_data!E100) | F100: =IF(IF(SF_data!F100=0,SF_data!G100,SF_data!F100)="","",IF(SF_data!F100=0,SF_data!G100,SF_data!F100))
