Workbook
Name Final_Rent: Sheet2!$A$1:$K$100

Sheet SF_data
A1: Rent Start Date | B1: Rent End Date | C1: Rent Type | D1: Base Rent | E1: Rent Due Day Setting | F1: Rent Period | G1: Minimum Total Amount | H1: Maximum Total Amount | I1: Rate Basis | J1: Associated Assembly: Assembly Type | K1: From Value (FC) | L1: PBH Rate (FC) | M1: From Value (FH) | N1: PBH Rate (FH)

Sheet Sheet2
A1: Period Start | B1: Period End | C1: Rent Type | D1: Base | E1: Rent Due Day | F1: Cycle | G1: Min Rate | H1: Max Rate | I1: Basis | J1: From | K1: PBH Rate
A2: =IF(SF_data!A2="","",SF_data!A2) | B2: =IF(SF_data!B2="","",SF_data!B2) | C2: =IF(SF_data!C2="","",IF(SF_data!C2="Power By The Hour","PBH - "&SF_data!J2,SF_data!C2)) | D2: =IF(SF_data!D2="","",SF_data!D2) | E2: =IF(SF_data!E2="","",SF_data!E2) | F2: =IF(SF_data!F2="","",SF_data!F2) | G2: =IF(SF_data!G2="","",SF_data!G2) | H2: =IF(SF_data!H2="","",SF_data!H2) | I2: =IF(SF_data!I2="","",SF_data!I2) | J2: =IF(I2="Hourly",SF_data!M2,IF(I2="Cycle",SF_data!K2,IF(Sheet2!I2="","",SF_data!K2&"FC/"&SF_data!M2&"FH"))) | K2: =IF(I2="Hourly",SF_data!N2,IF(I2="Cycle",SF_data!L2,IF(Sheet2!I2="","",SF_data!L2&"FC/"&SF_data!N2&"FH")))
A3: =IF(SF_data!A3="","",SF_data!A3) | B3: =IF(SF_data!B3="","",SF_data!B3) | C3: =IF(SF_data!C3="","",IF(SF_data!C3="Power By The Hour","PBH - "&SF_data!J3,SF_data!C3)) | D3: =IF(SF_data!D3="","",SF_data!D3) | E3: =IF(SF_data!E3="","",SF_data!E3) | F3: =IF(SF_data!F3="","",SF_data!F3) | G3: =IF(SF_data!G3="","",SF_data!G3) | H3: =IF(SF_data!H3="","",SF_data!H3) | I3: =IF(SF_data!I3="","",SF_data!I3) | J3: =IF(I3="Hourly",SF_data!M3,IF(I3="Cycle",SF_data!K3,IF(Sheet2!I3="","",SF_data!K3&"FC/"&SF_data!M3&"FH"))) | K3: =IF(I3="Hourly",SF_data!N3,IF(I3="Cycle",SF_data!L3,IF(Sheet2!I3="","",SF_data!L3&"FC/"&SF_data!N3&"FH")))
A4: =IF(SF_data!A4="","",SF_data!A4) | B4: =IF(SF_data!B4="","",SF_data!B4) | C4: =IF(SF_data!C4="","",IF(SF_data!C4="Power By The Hour","PBH - "&SF_data!J4,SF_data!C4)) | D4: =IF(SF_data!D4="","",SF_data!D4) | E4: =IF(SF_data!E4="","",SF_data!E4) | F4: =IF(SF_data!F4="","",SF_data!F4) | G4: =IF(SF_data!G4="","",SF_data!G4) | H4: =IF(SF_data!H4="","",SF_data!H4) | I4: =IF(SF_data!I4="","",SF_data!I4) | J4: =IF(I4="Hourly",SF_data!M4,IF(I4="Cycle",SF_data!K4,IF(Sheet2!I4="","",SF_data!K4&"FC/"&SF_data!M4&"FH"))) | K4: =IF(I4="Hourly",SF_data!N4,IF(I4="Cycle",SF_data!L4,IF(Sheet2!I4="","",SF_data!L4&"FC/"&SF_data!N4&"FH")))
A5: =IF(SF_data!A5="","",SF_data!A5) | B5: =IF(SF_data!B5="","",SF_data!B5) | C5: =IF(SF_data!C5="","",IF(SF_data!C5="Power By The Hour","PBH - "&SF_data!J5,SF_data!C5)) | D5: =IF(SF_data!D5="","",SF_data!D5) | E5: =IF(SF_data!E5="","",SF_data!E5) | F5: =IF(SF_data!F5="","",SF_data!F5) | G5: =IF(SF_data!G5="","",SF_data!G5) | H5: =IF(SF_data!H5="","",SF_data!H5) | I5: =IF(SF_data!I5="","",SF_data!I5) | J5: =IF(I5="Hourly",SF_data!M5,IF(I5="Cycle",SF_data!K5,IF(Sheet2!I5="","",SF_data!K5&"FC/"&SF_data!M5&"FH"))) | K5: =IF(I5="Hourly",SF_data!N5,IF(I5="Cycle",SF_data!L5,IF(Sheet2!I5="","",SF_data!L5&"FC/"&SF_data!N5&"FH")))
A6: =IF(SF_data!A6="","",SF_data!A6) | B6: =IF(SF_data!B6="","",SF_data!B6) | C6: =IF(SF_data!C6="","",IF(SF_data!C6="Power By The Hour","PBH - "&SF_data!J6,SF_data!C6)) | D6: =IF(SF_data!D6="","",SF_data!D6) | E6: =IF(SF_data!E6="","",SF_data!E6) | F6: =IF(SF_data!F6="","",SF_data!F6) | G6: =IF(SF_data!G6="","",SF_data!G6) | H6: =IF(SF_data!H6="","",SF_data!H6) | I6: =IF(SF_data!I6="","",SF_data!I6) | J6: =IF(I6="Hourly",SF_data!M6,IF(I6="Cycle",SF_data!K6,IF(Sheet2!I6="","",SF_data!K6&"FC/"&SF_data!M6&"FH"))) | K6: =IF(I6="Hourly",SF_data!N6,IF(I6="Cycle",SF_data!L6,IF(Sheet2!I6="","",SF_data!L6&"FC/"&SF_data!N6&"FH")))
A7: =IF(SF_data!A7="","",SF_data!A7) | B7: =IF(SF_data!B7="","",SF_data!B7) | C7: =IF(SF_data!C7="","",IF(SF_data!C7="Power By The Hour","PBH - "&SF_data!J7,SF_data!C7)) | D7: =IF(SF_data!D7="","",SF_data!D7) | E7: =IF(SF_data!E7="","",SF_data!E7) | F7: =IF(SF_data!F7="","",SF_data!F7) | G7: =IF(SF_data!G7="","",SF_data!G7) | H7: =IF(SF_data!H7="","",SF_data!H7) | I7: =IF(SF_data!I7="","",SF_data!I7) | J7: =IF(I7="Hourly",SF_data!M7,IF(I7="Cycle",SF_data!K7,IF(Sheet2!I7="","",SF_data!K7&"FC/"&SF_data!M7&"FH"))) | K7: =IF(I7="Hourly",SF_data!N7,IF(I7="Cycle",SF_data!L7,IF(Sheet2!I7="","",SF_data!L7&"FC/"&SF_data!N7&"FH")))
A8: =IF(SF_data!A8="","",SF_data!A8) | B8: =IF(SF_data!B8="","",SF_data!B8) | C8: =IF(SF_data!C8="","",IF(SF_data!C8="Power By The Hour","PBH - "&SF_data!J8,SF_data!C8)) | D8: =IF(SF_data!D8="","",SF_data!D8) | E8: =IF(SF_data!E8="","",SF_data!E8) | F8: =IF(SF_data!F8="","",SF_data!F8) | G8: =IF(SF_data!G8="","",SF_data!G8) | H8: =IF(SF_data!H8="","",SF_data!H8) | I8: =IF(SF_data!I8="","",SF_data!I8) | J8: =IF(I8="Hourly",SF_data!M8,IF(I8="Cycle",SF_data!K8,IF(Sheet2!I8="","",SF_data!K8&"FC/"&SF_data!M8&"FH"))) | K8: =IF(I8="Hourly",SF_data!N8,IF(I8="Cycle",SF_data!L8,IF(Sheet2!I8="","",SF_data!L8&"FC/"&SF_data!N8&"FH")))
A9: =IF(SF_data!A9="","",SF_data!A9) | B9: =IF(SF_data!B9="","",SF_data!B9) | C9: =IF(SF_data!C9="","",IF(SF_data!C9="Power By The Hour","PBH - "&SF_data!J9,SF_data!C9)) | D9: =IF(SF_data!D9="","",SF_data!D9) | E9: =IF(SF_data!E9="","",SF_data!E9) | F9: =IF(SF_data!F9="","",SF_data!F9) | G9: =IF(SF_data!G9="","",SF_data!G9) | H9: =IF(SF_data!H9="","",SF_data!H9) | I9: =IF(SF_data!I9="","",SF_data!I9) | J9: =IF(I9="Hourly",SF_data!M9,IF(I9="Cycle",SF_data!K9,IF(Sheet2!I9="","",SF_data!K9&"FC/"&SF_data!M9&"FH"))) | K9: =IF(I9="Hourly",SF_data!N9,IF(I9="Cycle",SF_data!L9,IF(Sheet2!I9="","",SF_data!L9&"FC/"&SF_data!N9&"FH")))
A10: =IF(SF_data!A10="","",SF_data!A10) | B10: =IF(SF_data!B10="","",SF_data!B10) | C10: =IF(SF_data!C10="","",IF(SF_data!C10="Power By The Hour","PBH - "&SF_data!J10,SF_data!C10)) | D10: =IF(SF_data!D10="","",SF_data!D10) | E10: =IF(SF_data!E10="","",SF_data!E10) | F10: =IF(SF_data!F10="","",SF_data!F10) | G10: =IF(SF_data!G10="","",SF_data!G10) | H10: =IF(SF_data!H10="","",SF_data!H10) | I10: =IF(SF_data!I10="","",SF_data!I10) | J10: =IF(I10="Hourly",SF_data!M10,IF(I10="Cycle",SF_data!K10,IF(Sheet2!I10="","",SF_data!K10&"FC/"&SF_data!M10&"FH"))) | K10: =IF(I10="Hourly",SF_data!N10,IF(I10="Cycle",SF_data!L10,IF(Sheet2!I10="","",SF_data!L10&"FC/"&SF_data!N10&"FH")))
A11: =IF(SF_data!A11="","",SF_data!A11) | B11: =IF(SF_data!B11="","",SF_data!B11) | C11: =IF(SF_data!C11="","",IF(SF_data!C11="Power By The Hour","PBH - "&SF_data!J11,SF_data!C11)) | D11: =IF(SF_data!D11="","",SF_data!D11) | E11: =IF(SF_data!E11="","",SF_data!E11) | F11: =IF(SF_data!F11="","",SF_data!F11) | G11: =IF(SF_data!G11="","",SF_data!G11) | H11: =IF(SF_data!H11="","",SF_data!H11) | I11: =IF(SF_data!I11="","",SF_data!I11) | J11: =IF(I11="Hourly",SF_data!M11,IF(I11="Cycle",SF_data!K11,IF(Sheet2!I11="","",SF_data!K11&"FC/"&SF_data!M11&"FH"))) | K11: =IF(I11="Hourly",SF_data!N11,IF(I11="Cycle",SF_data!L11,IF(Sheet2!I11="","",SF_data!L11&"FC/"&SF_data!N11&"FH")))
A12: =IF(SF_data!A12="","",SF_data!A12) | B12: =IF(SF_data!B12="","",SF_data!B12) | C12: =IF(SF_data!C12="","",IF(SF_data!C12="Power By The Hour","PBH - "&SF_data!J12,SF_data!C12)) | D12: =IF(SF_data!D12="","",SF_data!D12) | E12: =IF(SF_data!E12="","",SF_data!E12) | F12: =IF(SF_data!F12="","",SF_data!F12) | G12: =IF(SF_data!G12="","",SF_data!G12) | H12: =IF(SF_data!H12="","",SF_data!H12) | I12: =IF(SF_data!I12="","",SF_data!I12) | J12: =IF(I12="Hourly",SF_data!M12,IF(I12="Cycle",SF_data!K12,IF(Sheet2!I12="","",SF_data!K12&"FC/"&SF_data!M12&"FH"))) | K12: =IF(I12="Hourly",SF_data!N12,IF(I12="Cycle",SF_data!L12,IF(Sheet2!I12="","",SF_data!L12&"FC/"&SF_data!N12&"FH")))
A13: =IF(SF_data!A13="","",SF_data!A13) | B13: =IF(SF_data!B13="","",SF_data!B13) | C13: =IF(SF_data!C13="","",IF(SF_data!C13="Power By The Hour","PBH - "&SF_data!J13,SF_data!C13)) | D13: =IF(SF_data!D13="","",SF_data!D13) | E13: =IF(SF_data!E13="","",SF_data!E13) | F13: =IF(SF_data!F13="","",SF_data!F13) | G13: =IF(SF_data!G13="","",SF_data!G13) | H13: =IF(SF_data!H13="","",SF_data!H13) | I13: =IF(SF_data!I13="","",SF_data!I13) | J13: =IF(I13="Hourly",SF_data!M13,IF(I13="Cycle",SF_data!K13,IF(Sheet2!I13="","",SF_data!K13&"FC/"&SF_data!M13&"FH"))) | K13: =IF(I13="Hourly",SF_data!N13,IF(I13="Cycle",SF_data!L13,IF(Sheet2!I13="","",SF_data!L13&"FC/"&SF_data!N13&"FH")))
... A25: =IF(SF_data!A25="","",SF_data!A25) | B25: =IF(SF_data!B25="","",SF_data!B25) | C25: =IF(SF_data!C25="","",IF(SF_data!C25="Power By The Hour","PBH - "&SF_data!J25,SF_data!C25)) | D25: =IF(SF_data!D25="","",SF_data!D25) | E25: =IF(SF_data!E25="","",SF_data!E25) | F25: =IF(SF_data!F25="","",SF_data!F25) | G25: =IF(SF_data!G25="","",SF_data!G25) | H25: =IF(SF_data!H25="","",SF_data!H25) | I25: =IF(SF_data!I25="","",SF_data!I25) | J25: =IF(I25="Hourly",SF_data!M25,IF(I25="Cycle",SF_data!K25,IF(Sheet2!I25="","",SF_data!K25&"FC/"&SF_data!M25&"FH"))) | K25: =IF(I25="Hourly",SF_data!N25,IF(I25="Cycle",SF_data!L25,IF(Sheet2!I25="","",SF_data!L25&"FC/"&SF_data!N25&"FH")))
A26: =IF(SF_data!A26="","",SF_data!A26) | B26: =IF(SF_data!B26="","",SF_data!B26) | C26: =IF(SF_data!C26="","",SF_data!C26) | D26: =IF(SF_data!D26="","",SF_data!D26) | E26: =IF(SF_data!E26="","",SF_data!E26) | F26: =IF(SF_data!F26="","",SF_data!F26) | G26: =IF(SF_data!G26="","",SF_data!G26) | H26: =IF(SF_data!H26="","",SF_data!H26) | I26: =IF(SF_data!I26="","",SF_data!I26) | J26: =IF(I26="Hourly",SF_data!M26,IF(I26="Cycle",SF_data!K26,IF(Sheet2!I26="","",SF_data!K26&"FC/"&SF_data!M26&"FH"))) | K26: =IF(I26="Hourly",SF_data!N26,IF(I26="Cycle",SF_data!L26,IF(Sheet2!I26="","",SF_data!L26&"FC/"&SF_data!N26&"FH")))
A27: =IF(SF_data!A27="","",SF_data!A27) | B27: =IF(SF_data!B27="","",SF_data!B27) | C27: =IF(SF_data!C27="","",SF_data!C27) | D27: =IF(SF_data!D27="","",SF_data!D27) | E27: =IF(SF_data!E27="","",SF_data!E27) | F27: =IF(SF_data!F27="","",SF_data!F27) | G27: =IF(SF_data!G27="","",SF_data!G27) | H27: =IF(SF_data!H27="","",SF_data!H27) | I27: =IF(SF_data!I27="","",SF_data!I27) | J27: =IF(I27="Hourly",SF_data!M27,IF(I27="Cycle",SF_data!K27,IF(Sheet2!I27="","",SF_data!K27&"FC/"&SF_data!M27&"FH"))) | K27: =IF(I27="Hourly",SF_data!N27,IF(I27="Cycle",SF_data!L27,IF(Sheet2!I27="","",SF_data!L27&"FC/"&SF_data!N27&"FH")))
A28: =IF(SF_data!A28="","",SF_data!A28) | B28: =IF(SF_data!B28="","",SF_data!B28) | C28: =IF(SF_data!C28="","",SF_data!C28) | D28: =IF(SF_data!D28="","",SF_data!D28) | E28: =IF(SF_data!E28="","",SF_data!E28) | F28: =IF(SF_data!F28="","",SF_data!F28) | G28: =IF(SF_data!G28="","",SF_data!G28) | H28: =IF(SF_data!H28="","",SF_data!H28) | I28: =IF(SF_data!I28="","",SF_data!I28) | J28: =IF(I28="Hourly",SF_data!M28,IF(I28="Cycle",SF_data!K28,IF(Sheet2!I28="","",SF_data!K28&"FC/"&SF_data!M28&"FH"))) | K28: =IF(I28="Hourly",SF_data!N28,IF(I28="Cycle",SF_data!L28,IF(Sheet2!I28="","",SF_data!L28&"FC/"&SF_data!N28&"FH")))
A29: =IF(SF_data!A29="","",SF_data!A29) | B29: =IF(SF_data!B29="","",SF_data!B29) | C29: =IF(SF_data!C29="","",SF_data!C29) | D29: =IF(SF_data!D29="","",SF_data!D29) | E29: =IF(SF_data!E29="","",SF_data!E29) | F29: =IF(SF_data!F29="","",SF_data!F29) | G29: =IF(SF_data!G29="","",SF_data!G29) | H29: =IF(SF_data!H29="","",SF_data!H29) | I29: =IF(SF_data!I29="","",SF_data!I29) | J29: =IF(I29="Hourly",SF_data!M29,IF(I29="Cycle",SF_data!K29,IF(Sheet2!I29="","",SF_data!K29&"FC/"&SF_data!M29&"FH"))) | K29: =IF(I29="Hourly",SF_data!N29,IF(I29="Cycle",SF_data!L29,IF(Sheet2!I29="","",SF_data!L29&"FC/"&SF_data!N29&"FH")))
A30: =IF(SF_data!A30="","",SF_data!A30) | B30: =IF(SF_data!B30="","",SF_data!B30) | C30: =IF(SF_data!C30="","",SF_data!C30) | D30: =IF(SF_data!D30="","",SF_data!D30) | E30: =IF(SF_data!E30="","",SF_data!E30) | F30: =IF(SF_data!F30="","",SF_data!F30) | G30: =IF(SF_data!G30="","",SF_data!G30) | H30: =IF(SF_data!H30="","",SF_data!H30) | I30: =IF(SF_data!I30="","",SF_data!I30) | J30: =IF(I30="Hourly",SF_data!M30,IF(I30="Cycle",SF_data!K30,IF(Sheet2!I30="","",SF_data!K30&"FC/"&SF_data!M30&"FH"))) | K30: =IF(I30="Hourly",SF_data!N30,IF(I30="Cycle",SF_data!L30,IF(Sheet2!I30="","",SF_data!L30&"FC/"&SF_data!N30&"FH")))
A31: =IF(SF_data!A31="","",SF_data!A31) | B31: =IF(SF_data!B31="","",SF_data!B31) | C31: =IF(SF_data!C31="","",SF_data!C31) | D31: =IF(SF_data!D31="","",SF_data!D31) | E31: =IF(SF_data!E31="","",SF_data!E31) | F31: =IF(SF_data!F31="","",SF_data!F31) | G31: =IF(SF_data!G31="","",SF_data!G31) | H31: =IF(SF_data!H31="","",SF_data!H31) | I31: =IF(SF_data!I31="","",SF_data!I31) | J31: =IF(I31="Hourly",SF_data!M31,IF(I31="Cycle",SF_data!K31,IF(Sheet2!I31="","",SF_data!K31&"FC/"&SF_data!M31&"FH"))) | K31: =IF(I31="Hourly",SF_data!N31,IF(I31="Cycle",SF_data!L31,IF(Sheet2!I31="","",SF_data!L31&"FC/"&SF_data!N31&"FH")))
A32: =IF(SF_data!A32="","",SF_data!A32) | B32: =IF(SF_data!B32="","",SF_data!B32) | C32: =IF(SF_data!C32="","",SF_data!C32) | D32: =IF(SF_data!D32="","",SF_data!D32) | E32: =IF(SF_data!E32="","",SF_data!E32) | F32: =IF(SF_data!F32="","",SF_data!F32) | G32: =IF(SF_data!G32="","",SF_data!G32) | H32: =IF(SF_data!H32="","",SF_data!H32) | I32: =IF(SF_data!I32="","",SF_data!I32) | J32: =IF(I32="Hourly",SF_data!M32,IF(I32="Cycle",SF_data!K32,IF(Sheet2!I32="","",SF_data!K32&"FC/"&SF_data!M32&"FH"))) | K32: =IF(I32="Hourly",SF_data!N32,IF(I32="Cycle",SF_data!L32,IF(Sheet2!I32="","",SF_data!L32&"FC/"&SF_data!N32&"FH")))
A33: =IF(SF_data!A33="","",SF_data!A33) | B33: =IF(SF_data!B33="","",SF_data!B33) | C33: =IF(SF_data!C33="","",SF_data!C33) | D33: =IF(SF_data!D33="","",SF_data!D33) | E33: =IF(SF_data!E33="","",SF_data!E33) | F33: =IF(SF_data!F33="","",SF_data!F33) | G33: =IF(SF_data!G33="","",SF_data!G33) | H33: =IF(SF_data!H33="","",SF_data!H33) | I33: =IF(SF_data!I33="","",SF_data!I33) | J33: =IF(I33="Hourly",SF_data!M33,IF(I33="Cycle",SF_data!K33,IF(Sheet2!I33="","",SF_data!K33&"FC/"&SF_data!M33&"FH"))) | K33: =IF(I33="Hourly",SF_data!N33,IF(I33="Cycle",SF_data!L33,IF(Sheet2!I33="","",SF_data!L33&"FC/"&SF_data!N33&"FH")))
A34: =IF(SF_data!A34="","",SF_data!A34) | B34: =IF(SF_data!B34="","",SF_data!B34) | C34: =IF(SF_data!C34="","",SF_data!C34) | D34: =IF(SF_data!D34="","",SF_data!D34) | E34: =IF(SF_data!E34="","",SF_data!E34) | F34: =IF(SF_data!F34="","",SF_data!F34) | G34: =IF(SF_data!G34="","",SF_data!G34) | H34: =IF(SF_data!H34="","",SF_data!H34) | I34: =IF(SF_data!I34="","",SF_data!I34) | J34: =IF(I34="Hourly",SF_data!M34,IF(I34="Cycle",SF_data!K34,IF(Sheet2!I34="","",SF_data!K34&"FC/"&SF_data!M34&"FH"))) | K34: =IF(I34="Hourly",SF_data!N34,IF(I34="Cycle",SF_data!L34,IF(Sheet2!I34="","",SF_data!L34&"FC/"&SF_data!N34&"FH")))
A35: =IF(SF_data!A35="","",SF_data!A35) | B35: =IF(SF_data!B35="","",SF_data!B35) | C35: =IF(SF_data!C35="","",SF_data!C35) | D35: =IF(SF_data!D35="","",SF_data!D35) | E35: =IF(SF_data!E35="","",SF_data!E35) | F35: =IF(SF_data!F35="","",SF_data!F35) | G35: =IF(SF_data!G35="","",SF_data!G35) | H35: =IF(SF_data!H35="","",SF_data!H35) | I35: =IF(SF_data!I35="","",SF_data!I35) | J35: =IF(I35="Hourly",SF_data!M35,IF(I35="Cycle",SF_data!K35,IF(Sheet2!I35="","",SF_data!K35&"FC/"&SF_data!M35&"FH"))) | K35: =IF(I35="Hourly",SF_data!N35,IF(I35="Cycle",SF_data!L35,IF(Sheet2!I35="","",SF_data!L35&"FC/"&SF_data!N35&"FH")))
A36: =IF(SF_data!A36="","",SF_data!A36) | B36: =IF(SF_data!B36="","",SF_data!B36) | C36: =IF(SF_data!C36="","",SF_data!C36) | D36: =IF(SF_data!D36="","",SF_data!D36) | E36: =IF(SF_data!E36="","",SF_data!E36) | F36: =IF(SF_data!F36="","",SF_data!F36) | G36: =IF(SF_data!G36="","",SF_data!G36) | H36: =IF(SF_data!H36="","",SF_data!H36) | I36: =IF(SF_data!I36="","",SF_data!I36) | J36: =IF(I36="Hourly",SF_data!M36,IF(I36="Cycle",SF_data!K36,IF(Sheet2!I36="","",SF_data!K36&"FC/"&SF_data!M36&"FH"))) | K36: =IF(I36="Hourly",SF_data!N36,IF(I36="Cycle",SF_data!L36,IF(Sheet2!I36="","",SF_data!L36&"FC/"&SF_data!N36&"FH")))
A37: =IF(SF_data!A37="","",SF_data!A37) | B37: =IF(SF_data!B37="","",SF_data!B37) | C37: =IF(SF_data!C37="","",SF_data!C37) | D37: =IF(SF_data!D37="","",SF_data!D37) | E37: =IF(SF_data!E37="","",SF_data!E37) | F37: =IF(SF_data!F37="","",SF_data!F37) | G37: =IF(SF_data!G37="","",SF_data!G37) | H37: =IF(SF_data!H37="","",SF_data!H37) | I37: =IF(SF_data!I37="","",SF_data!I37) | J37: =IF(I37="Hourly",SF_data!M37,IF(I37="Cycle",SF_data!K37,IF(Sheet2!I37="","",SF_data!K37&"FC/"&SF_data!M37&"FH"))) | K37: =IF(I37="Hourly",SF_data!N37,IF(I37="Cycle",SF_data!L37,IF(Sheet2!I37="","",SF_data!L37&"FC/"&SF_data!N37&"FH")))
... A100: =IF(SF_data!A100="","",SF_data!A100) | B100: =IF(SF_data!B100="","",SF_data!B100) | C100: =IF(SF_data!C100="","",SF_data!C100) | D100: =IF(SF_data!D100="","",SF_data!D100) | E100: =IF(SF_data!E100="","",SF_data!E100) | F100: =IF(SF_data!F100="","",SF_data!F100) | G100: =IF(SF_data!G100="","",SF_data!G100) | H100: =IF(SF_data!H100="","",SF_data!H100) | I100: =IF(SF_data!I100="","",SF_data!I100) | J100: =IF(I100="Hourly",SF_data!M100,IF(I100="Cycle",SF_data!K100,IF(Sheet2!I100="","",SF_data!K100&"FC/"&SF_data!M100&"FH"))) | K100: =IF(I100="Hourly",SF_data!N100,IF(I100="Cycle",SF_data!L100,IF(Sheet2!I100="","",SF_data!L100&"FC/"&SF_data!N100&"FH")))
