Workbook
Name Assemblies_final: Assemblies_final!$A$1:D99

Sheet SF_data
A1: Assembly Type | B1: Manufacturer | C1: Serial Number | D1: Asset (Titled / Owned): Model Code | E1: Model | F1: Engine Variant | G1: Part Number
A2: Airframe | B2: Embraer | C2: 17000339 | D2: E175
A3: APU | B3: Hamilton Sundstrand | C3: HSC-E1123890 | D3: E175 | E3: APS2600 | G3: 4505789E
A4: Engine 1 | B4: General Electric | C4: 193165 | D4: E175 | F4: CF34-8E5 | G4: 4144T40G01
A5: Engine 2 | B5: General Electric | C5: 193132 | D5: E175 | F5: CF34-8E5 | G5: 4144T40G01
A6: Landing Gear - Left Main | B6: Liebherr | C6: 636 | D6: E175 | G6: 2801A0000-06
A7: Landing Gear - Right Main | B7: Liebherr | C7: 5643 | D7: E175 | G7: 2802A0000-06
A8: Landing Gear - Nose | B8: Liebherr | C8: 932 | D8: E175 | G8: 170-70745-413

Sheet Assemblies_final
A1: Assembly Type | B1: Manufacturer | C1: Serial Number | D1: Model / Part Number
A2: =IF(SF_data!A2="","",SF_data!A2) -> Airframe | B2: =IF(SF_data!B2="","",SF_data!B2) -> Embraer | C2: =IF(SF_data!C2="","",SF_data!C2) -> 17000339 | D2: =IF(A2="","",IF(A2="Airframe",SF_data!D2,IF(Assemblies_final!A2="APU",SF_data!E2,IF(OR(SF_data!A2="Engine 1",SF_data!A2="Engine 2", SF_data!A2="Engine 3", SF_data!A2="Engine 4", SF_data!A2="Propeller 1",SF_data!A2="Propeller 2"),SF_data!F2,IF(OR(SF_data!A2="Landing Gear - Left Main",SF_data!A2="Landing Gear - Right Main", SF_data!A2="Landing Gear - Nose"),SF_data!G2,SF_data!G2))))) -> E175
A3: =IF(SF_data!A3="","",SF_data!A3) -> APU | B3: =IF(SF_data!B3="","",SF_data!B3) -> Hamilton Sundstrand | C3: =IF(SF_data!C3="","",SF_data!C3) -> HSC-E1123890 | D3: =IF(A3="","",IF(A3="Airframe",SF_data!D3,IF(Assemblies_final!A3="APU",SF_data!E3,IF(OR(SF_data!A3="Engine 1",SF_data!A3="Engine 2", SF_data!A3="Engine 3", SF_data!A3="Engine 4", SF_data!A3="Propeller 1",SF_data!A3="Propeller 2"),SF_data!F3,IF(OR(SF_data!A3="Landing Gear - Left Main",SF_data!A3="Landing Gear - Right Main", SF_data!A3="Landing Gear - Nose"),SF_data!G3,SF_data!G3))))) -> APS2600
A4: =IF(SF_data!A4="","",SF_data!A4) -> Engine 1 | B4: =IF(SF_data!B4="","",SF_data!B4) -> General Electric | C4: =IF(SF_data!C4="","",SF_data!C4) -> 193165 | D4: =IF(A4="","",IF(A4="Airframe",SF_data!D4,IF(Assemblies_final!A4="APU",SF_data!E4,IF(OR(SF_data!A4="Engine 1",SF_data!A4="Engine 2", SF_data!A4="Engine 3", SF_data!A4="Engine 4", SF_data!A4="Propeller 1",SF_data!A4="Propeller 2"),SF_data!F4,IF(OR(SF_data!A4="Landing Gear - Left Main",SF_data!A4="Landing Gear - Right Main", SF_data!A4="Landing Gear - Nose"),SF_data!G4,SF_data!G4))))) -> CF34-8E5
A5: =IF(SF_data!A5="","",SF_data!A5) -> Engine 2 | B5: =IF(SF_data!B5="","",SF_data!B5) -> General Electric | C5: =IF(SF_data!C5="","",SF_data!C5) -> 193132 | D5: =IF(A5="","",IF(A5="Airframe",SF_data!D5,IF(Assemblies_final!A5="APU",SF_data!E5,IF(OR(SF_data!A5="Engine 1",SF_data!A5="Engine 2", SF_data!A5="Engine 3", SF_data!A5="Engine 4", SF_data!A5="Propeller 1",SF_data!A5="Propeller 2"),SF_data!F5,IF(OR(SF_data!A5="Landing Gear - Left Main",SF_data!A5="Landing Gear - Right Main", SF_data!A5="Landing Gear - Nose"),SF_data!G5,SF_data!G5))))) -> CF34-8E5
A6: =IF(SF_data!A6="","",SF_data!A6) -> Landing Gear - Left Main | B6: =IF(SF_data!B6="","",SF_data!B6) -> Liebherr | C6: =IF(SF_data!C6="","",SF_data!C6) -> 636 | D6: =IF(A6="","",IF(A6="Airframe",SF_data!D6,IF(Assemblies_final!A6="APU",SF_data!E6,IF(OR(SF_data!A6="Engine 1",SF_data!A6="Engine 2", SF_data!A6="Engine 3", SF_data!A6="Engine 4", SF_data!A6="Propeller 1",SF_data!A6="Propeller 2"),SF_data!F6,IF(OR(SF_data!A6="Landing Gear - Left Main",SF_data!A6="Landing Gear - Right Main", SF_data!A6="Landing Gear - Nose"),SF_data!G6,SF_data!G6))))) -> 2801A0000-06
A7: =IF(SF_data!A7="","",SF_data!A7) -> Landing Gear - Right Main | B7: =IF(SF_data!B7="","",SF_data!B7) -> Liebherr | C7: =IF(SF_data!C7="","",SF_data!C7) -> 5643 | D7: =IF(A7="","",IF(A7="Airframe",SF_data!D7,IF(Assemblies_final!A7="APU",SF_data!E7,IF(OR(SF_data!A7="Engine 1",SF_data!A7="Engine 2", SF_data!A7="Engine 3", SF_data!A7="Engine 4", SF_data!A7="Propeller 1",SF_data!A7="Propeller 2"),SF_data!F7,IF(OR(SF_data!A7="Landing Gear - Left Main",SF_data!A7="Landing Gear - Right Main", SF_data!A7="Landing Gear - Nose"),SF_data!G7,SF_data!G7))))) -> 2802A0000-06
A8: =IF(SF_data!A8="","",SF_data!A8) -> Landing Gear - Nose | B8: =IF(SF_data!B8="","",SF_data!B8) -> Liebherr | C8: =IF(SF_data!C8="","",SF_data!C8) -> 932 | D8: =IF(A8="","",IF(A8="Airframe",SF_data!D8,IF(Assemblies_final!A8="APU",SF_data!E8,IF(OR(SF_data!A8="Engine 1",SF_data!A8="Engine 2", SF_data!A8="Engine 3", SF_data!A8="Engine 4", SF_data!A8="Propeller 1",SF_data!A8="Propeller 2"),SF_data!F8,IF(OR(SF_data!A8="Landing Gear - Left Main",SF_data!A8="Landing Gear - Right Main", SF_data!A8="Landing Gear - Nose"),SF_data!G8,SF_data!G8))))) -> 170-70745-413
A9: =IF(SF_data!A9="","",SF_data!A9) | B9: =IF(SF_data!B9="","",SF_data!B9) | C9: =IF(SF_data!C9="","",SF_data!C9) | D9: =IF(A9="","",IF(A9="Airframe",SF_data!D9,IF(Assemblies_final!A9="APU",SF_data!E9,IF(OR(SF_data!A9="Engine 1",SF_data!A9="Engine 2", SF_data!A9="Engine 3", SF_data!A9="Engine 4", SF_data!A9="Propeller 1",SF_data!A9="Propeller 2"),SF_data!F9,IF(OR(SF_data!A9="Landing Gear - Left Main",SF_data!A9="Landing Gear - Right Main", SF_data!A9="Landing Gear - Nose"),SF_data!G9,SF_data!G9)))))
A10: =IF(SF_data!A10="","",SF_data!A10) | B10: =IF(SF_data!B10="","",SF_data!B10) | C10: =IF(SF_data!C10="","",SF_data!C10) | D10: =IF(A10="","",IF(A10="Airframe",SF_data!D10,IF(Assemblies_final!A10="APU",SF_data!E10,IF(OR(SF_data!A10="Engine 1",SF_data!A10="Engine 2", SF_data!A10="Engine 3", SF_data!A10="Engine 4", SF_data!A10="Propeller 1",SF_data!A10="Propeller 2"),SF_data!F10,IF(OR(SF_data!A10="Landing Gear - Left Main",SF_data!A10="Landing Gear - Right Main", SF_data!A10="Landing Gear - Nose"),SF_data!G10,SF_data!G10)))))
A11: =IF(SF_data!A11="","",SF_data!A11) | B11: =IF(SF_data!B11="","",SF_data!B11) | C11: =IF(SF_data!C11="","",SF_data!C11) | D11: =IF(A11="","",IF(A11="Airframe",SF_data!D11,IF(Assemblies_final!A11="APU",SF_data!E11,IF(OR(SF_data!A11="Engine 1",SF_data!A11="Engine 2", SF_data!A11="Engine 3", SF_data!A11="Engine 4", SF_data!A11="Propeller 1",SF_data!A11="Propeller 2"),SF_data!F11,IF(OR(SF_data!A11="Landing Gear - Left Main",SF_data!A11="Landing Gear - Right Main", SF_data!A11="Landing Gear - Nose"),SF_data!G11,SF_data!G11)))))
A12: =IF(SF_data!A12="","",SF_data!A12) | B12: =IF(SF_data!B12="","",SF_data!B12) | C12: =IF(SF_data!C12="","",SF_data!C12) | D12: =IF(A12="","",IF(A12="Airframe",SF_data!D12,IF(Assemblies_final!A12="APU",SF_data!E12,IF(OR(SF_data!A12="Engine 1",SF_data!A12="Engine 2", SF_data!A12="Engine 3", SF_data!A12="Engine 4", SF_data!A12="Propeller 1",SF_data!A12="Propeller 2"),SF_data!F12,IF(OR(SF_data!A12="Landing Gear - Left Main",SF_data!A12="Landing Gear - Right Main", SF_data!A12="Landing Gear - Nose"),SF_data!G12,SF_data!G12)))))
A13: =IF(SF_data!A13="","",SF_data!A13) | B13: =IF(SF_data!B13="","",SF_data!B13) | C13: =IF(SF_data!C13="","",SF_data!C13) | D13: =IF(A13="","",IF(A13="Airframe",SF_data!D13,IF(Assemblies_final!A13="APU",SF_data!E13,IF(OR(SF_data!A13="Engine 1",SF_data!A13="Engine 2", SF_data!A13="Engine 3", SF_data!A13="Engine 4", SF_data!A13="Propeller 1",SF_data!A13="Propeller 2"),SF_data!F13,IF(OR(SF_data!A13="Landing Gear - Left Main",SF_data!A13="Landing Gear - Right Main", SF_data!A13="Landing Gear - Nose"),SF_data!G13,SF_data!G13)))))
... A100: =IF(SF_data!A100="","",SF_data!A100) | B100: =IF(SF_data!B100="","",SF_data!B100) | C100: =IF(SF_data!C100="","",SF_data!C100) | D100: =IF(A100="","",IF(A100="Airframe",SF_data!D100,IF(Assemblies_final!A100="APU",SF_data!E100,IF(OR(SF_data!A100="Engine 1",SF_data!A100="Engine 2", SF_data!A100="Engine 3", SF_data!A100="Engine 4", SF_data!A100="Propeller 1",SF_data!A100="Propeller 2"),SF_data!F100,IF(OR(SF_data!A100="Landing Gear - Left Main",SF_data!A100="Landing Gear - Right Main", SF_data!A100="Landing Gear - Nose"),SF_data!G100,SF_data!G100)))))
