Workbook
Name Final_MRs: Sheet2!$A$1:$F$101

Sheet SF_data
A1: Supplemental Rent: Name | B1: {Rate Base Esc (Latest)} | C1: {Rate Interp (Latest} | D1: Rate Unit | E1: Last Escalation Date | F1: Next Escalation Date | G1: Escalation

Sheet LLPs_Esc
A1: Name | B1: MR Rate Schedule Name | C1: MR Rate End Date | D1: Comments

Sheet Sheet2
A1: Fund | B1: Rate | C1: Rate Unit | D1: Last Escalation Date | E1: Next Escalation Date | F1: Escalation %
A2: =IF(SF_data!A2="","",SF_data!A2) | B2: =IF(IF(SF_data!B2=0,SF_data!C2,SF_data!B2)=0,"",IF(SF_data!B2=0,ROUND(SF_data!C2,2),ROUND(SF_data!B2,2))) | C2: =IF(SF_data!D2="","",SF_data!D2) | D2: =IF(SF_data!E2="","",SF_data!E2) | E2: =IF(SF_data!F2="","",SF_data!F2) | F2: =_xlfn.IFNA(VLOOKUP(A2,LLPs_Esc!A:D,4,0),IF(SF_data!G2="","",SF_data!G2/100))
A3: =IF(SF_data!A3="","",SF_data!A3) | B3: =IF(IF(SF_data!B3=0,SF_data!C3,SF_data!B3)=0,"",IF(SF_data!B3=0,SF_data!C3,SF_data!B3)) | C3: =IF(SF_data!D3="","",SF_data!D3) | D3: =IF(SF_data!E3="","",SF_data!E3) | E3: =IF(SF_data!F3="","",SF_data!F3) | F3: =_xlfn.IFNA(VLOOKUP(A3,LLPs_Esc!A:D,4,0),IF(SF_data!G3="","",SF_data!G3/100))
A4: =IF(SF_data!A4="","",SF_data!A4) | B4: =IF(IF(SF_data!B4=0,SF_data!C4,SF_data!B4)=0,"",IF(SF_data!B4=0,SF_data!C4,SF_data!B4)) | C4: =IF(SF_data!D4="","",SF_data!D4) | D4: =IF(SF_data!E4="","",SF_data!E4) | E4: =IF(SF_data!F4="","",SF_data!F4) | F4: =_xlfn.IFNA(VLOOKUP(A4,LLPs_Esc!A:D,4,0),IF(SF_data!G4="","",SF_data!G4/100))
A5: =IF(SF_data!A5="","",SF_data!A5) | B5: =IF(IF(SF_data!B5=0,SF_data!C5,SF_data!B5)=0,"",IF(SF_data!B5=0,SF_data!C5,SF_data!B5)) | C5: =IF(SF_data!D5="","",SF_data!D5) | D5: =IF(SF_data!E5="","",SF_data!E5) | E5: =IF(SF_data!F5="","",SF_data!F5) | F5: =_xlfn.IFNA(VLOOKUP(A5,LLPs_Esc!A:D,4,0),IF(SF_data!G5="","",SF_data!G5/100))
A6: =IF(SF_data!A6="","",SF_data!A6) | B6: =IF(IF(SF_data!B6=0,SF_data!C6,SF_data!B6)=0,"",IF(SF_data!B6=0,SF_data!C6,SF_data!B6)) | C6: =IF(SF_data!D6="","",SF_data!D6) | D6: =IF(SF_data!E6="","",SF_data!E6) | E6: =IF(SF_data!F6="","",SF_data!F6) | F6: =_xlfn.IFNA(VLOOKUP(A6,LLPs_Esc!A:D,4,0),IF(SF_data!G6="","",SF_data!G6/100))
A7: =IF(SF_data!A7="","",SF_data!A7) | B7: =IF(IF(SF_data!B7=0,SF_data!C7,SF_data!B7)=0,"",IF(SF_data!B7=0,SF_data!C7,SF_data!B7)) | C7: =IF(SF_data!D7="","",SF_data!D7) | D7: =IF(SF_data!E7="","",SF_data!E7) | E7: =IF(SF_data!F7="","",SF_data!F7) | F7: =_xlfn.IFNA(VLOOKUP(A7,LLPs_Esc!A:D,4,0),IF(SF_data!G7="","",SF_data!G7/100))
A8: =IF(SF_data!A8="","",SF_data!A8) | B8: =IF(IF(SF_data!B8=0,SF_data!C8,SF_data!B8)=0,"",IF(SF_data!B8=0,SF_data!C8,SF_data!B8)) | C8: =IF(SF_data!D8="","",SF_data!D8) | D8: =IF(SF_data!E8="","",SF_data!E8) | E8: =IF(SF_data!F8="","",SF_data!F8) | F8: =_xlfn.IFNA(VLOOKUP(A8,LLPs_Esc!A:D,4,0),IF(SF_data!G8="","",SF_data!G8/100))
A9: =IF(SF_data!A9="","",SF_data!A9) | B9: =IF(IF(SF_data!B9=0,SF_data!C9,SF_data!B9)=0,"",IF(SF_data!B9=0,SF_data!C9,SF_data!B9)) | C9: =IF(SF_data!D9="","",SF_data!D9) | D9: =IF(SF_data!E9="","",SF_data!E9) | E9: =IF(SF_data!F9="","",SF_data!F9) | F9: =_xlfn.IFNA(VLOOKUP(A9,LLPs_Esc!A:D,4,0),IF(SF_data!G9="","",SF_data!G9/100))
A10: =IF(SF_data!A10="","",SF_data!A10) | B10: =IF(IF(SF_data!B10=0,SF_data!C10,SF_data!B10)=0,"",IF(SF_data!B10=0,SF_data!C10,SF_data!B10)) | C10: =IF(SF_data!D10="","",SF_data!D10) | D10: =IF(SF_data!E10="","",SF_data!E10) | E10: =IF(SF_data!F10="","",SF_data!F10) | F10: =_xlfn.IFNA(VLOOKUP(A10,LLPs_Esc!A:D,4,0),IF(SF_data!G10="","",SF_data!G10/100))
A11: =IF(SF_data!A11="","",SF_data!A11) | B11: =IF(IF(SF_data!B11=0,SF_data!C11,SF_data!B11)=0,"",IF(SF_data!B11=0,SF_data!C11,SF_data!B11)) | C11: =IF(SF_data!D11="","",SF_data!D11) | D11: =IF(SF_data!E11="","",SF_data!E11) | E11: =IF(SF_data!F11="","",SF_data!F11) | F11: =_xlfn.IFNA(VLOOKUP(A11,LLPs_Esc!A:D,4,0),IF(SF_data!G11="","",SF_data!G11/100))
A12: =IF(SF_data!A12="","",SF_data!A12) | B12: =IF(IF(SF_data!B12=0,SF_data!C12,SF_data!B12)=0,"",IF(SF_data!B12=0,SF_data!C12,SF_data!B12)) | C12: =IF(SF_data!D12="","",SF_data!D12) | D12: =IF(SF_data!E12="","",SF_data!E12) | E12: =IF(SF_data!F12="","",SF_data!F12) | F12: =_xlfn.IFNA(VLOOKUP(A12,LLPs_Esc!A:D,4,0),IF(SF_data!G12="","",SF_data!G12/100))
A13: =IF(SF_data!A13="","",SF_data!A13) | B13: =IF(IF(SF_data!B13=0,SF_data!C13,SF_data!B13)=0,"",IF(SF_data!B13=0,SF_data!C13,SF_data!B13)) | C13: =IF(SF_data!D13="","",SF_data!D13) | D13: =IF(SF_data!E13="","",SF_data!E13) | E13: =IF(SF_data!F13="","",SF_data!F13) | F13: =_xlfn.IFNA(VLOOKUP(A13,LLPs_Esc!A:D,4,0),IF(SF_data!G13="","",SF_data!G13/100))
A14: =IF(SF_data!A14="","",SF_data!A14) | B14: =IF(IF(SF_data!B14=0,SF_data!C14,SF_data!B14)=0,"",IF(SF_data!B14=0,SF_data!C14,SF_data!B14)) | C14: =IF(SF_data!D14="","",SF_data!D14) | D14: =IF(SF_data!E14="","",SF_data!E14) | E14: =IF(SF_data!F14="","",SF_data!F14) | F14: =_xlfn.IFNA(VLOOKUP(A14,LLPs_Esc!A:D,4,0),IF(SF_data!G14="","",SF_data!G14/100))
... A100: =IF(SF_data!A100="","",SF_data!A100) | B100: =IF(IF(SF_data!B100=0,SF_data!C100,SF_data!B100)=0,"",IF(SF_data!B100=0,SF_data!C100,SF_data!B100)) | C100: =IF(SF_data!D100="","",SF_data!D100) | D100: =IF(SF_data!E100="","",SF_data!E100) | E100: =IF(SF_data!F100="","",SF_data!F100) | F100: =_xlfn.IFNA(VLOOKUP(A100,LLPs_Esc!A:D,4,0),IF(SF_data!G100="","",SF_data!G100/100))
