Workbook
Name Ratio_Table_result: Result!$A$1:$D$100

Sheet Data

Sheet Transform
A1: =IF(Data!B2="","",Data!B2) | B1: =IF(Data!C2="","",Data!C2) | C1: =IF(Data!D2="","",Data!D2) | D1: =IF(Data!E2="","",Data!E2)
A2: =IF(Data!B3="","",Data!B3) | B2: =IF(Data!C3="","",Data!C3) | C2: =IF(Data!D3="","",Data!D3) | D2: =IF(Data!E3="","",Data!E3)
A3: =IF(Data!B4="","",Data!B4) | B3: =IF(Data!C4="","",Data!C4) | C3: =IF(Data!D4="","",Data!D4) | D3: =IF(Data!E4="","",Data!E4)
A4: =IF(Data!B5="","",Data!B5) | B4: =IF(Data!C5="","",Data!C5) | C4: =IF(Data!D5="","",Data!D5) | D4: =IF(Data!E5="","",Data!E5)
A5: =IF(Data!B6="","",Data!B6) | B5: =IF(Data!C6="","",Data!C6) | C5: =IF(Data!D6="","",Data!D6) | D5: =IF(Data!E6="","",Data!E6)
A6: =IF(Data!B7="","",Data!B7) | B6: =IF(Data!C7="","",Data!C7) | C6: =IF(Data!D7="","",Data!D7) | D6: =IF(Data!E7="","",Data!E7)
A7: =IF(Data!B8="","",Data!B8) | B7: =IF(Data!C8="","",Data!C8) | C7: =IF(Data!D8="","",Data!D8) | D7: =IF(Data!E8="","",Data!E8)
A8: =IF(Data!B9="","",Data!B9) | B8: =IF(Data!C9="","",Data!C9) | C8: =IF(Data!D9="","",Data!D9) | D8: =IF(Data!E9="","",Data!E9)
A9: =IF(Data!B10="","",Data!B10) | B9: =IF(Data!C10="","",Data!C10) | C9: =IF(Data!D10="","",Data!D10) | D9: =IF(Data!E10="","",Data!E10)
A10: =IF(Data!B11="","",Data!B11) | B10: =IF(Data!C11="","",Data!C11) | C10: =IF(Data!D11="","",Data!D11) | D10: =IF(Data!E11="","",Data!E11)
A11: =IF(Data!B12="","",Data!B12) | B11: =IF(Data!C12="","",Data!C12) | C11: =IF(Data!D12="","",Data!D12) | D11: =IF(Data!E12="","",Data!E12)
A12: =IF(Data!B13="","",Data!B13) | B12: =IF(Data!C13="","",Data!C13) | C12: =IF(Data!D13="","",Data!D13) | D12: =IF(Data!E13="","",Data!E13)
... A100: =IF(Data!B101="","",Data!B101) | B100: =IF(Data!C101="","",Data!C101) | C100: =IF(Data!D101="","",Data!D101) | D100: =IF(Data!E101="","",Data!E101)

Sheet Result
A1: =IF(Transform!A1="","",Transform!A1) | B1: =IF(Transform!B1="","",Transform!B1) | C1: =IF(Transform!C1="","",ROUND(Transform!C1,2)) | D1: =IF(Transform!D1="","",ROUND(Transform!D1,2))
A2: =IF(Transform!A2="","",Transform!A2) | B2: =IF(Transform!B2="","",Transform!B2) | C2: =IF(Transform!C2="","",ROUND(Transform!C2,2)) | D2: =IF(Transform!D2="","",ROUND(Transform!D2,2))
A3: =IF(Transform!A3="","",Transform!A3) | B3: =IF(Transform!B3="","",Transform!B3) | C3: =IF(Transform!C3="","",ROUND(Transform!C3,2)) | D3: =IF(Transform!D3="","",ROUND(Transform!D3,2))
A4: =IF(Transform!A4="","",Transform!A4) | B4: =IF(Transform!B4="","",Transform!B4) | C4: =IF(Transform!C4="","",ROUND(Transform!C4,2)) | D4: =IF(Transform!D4="","",ROUND(Transform!D4,2))
A5: =IF(Transform!A5="","",Transform!A5) | B5: =IF(Transform!B5="","",Transform!B5) | C5: =IF(Transform!C5="","",ROUND(Transform!C5,2)) | D5: =IF(Transform!D5="","",ROUND(Transform!D5,2))
A6: =IF(Transform!A6="","",Transform!A6) | B6: =IF(Transform!B6="","",Transform!B6) | C6: =IF(Transform!C6="","",ROUND(Transform!C6,2)) | D6: =IF(Transform!D6="","",ROUND(Transform!D6,2))
A7: =IF(Transform!A7="","",Transform!A7) | B7: =IF(Transform!B7="","",Transform!B7) | C7: =IF(Transform!C7="","",ROUND(Transform!C7,2)) | D7: =IF(Transform!D7="","",ROUND(Transform!D7,2))
A8: =IF(Transform!A8="","",Transform!A8) | B8: =IF(Transform!B8="","",Transform!B8) | C8: =IF(Transform!C8="","",ROUND(Transform!C8,2)) | D8: =IF(Transform!D8="","",ROUND(Transform!D8,2))
A9: =IF(Transform!A9="","",Transform!A9) | B9: =IF(Transform!B9="","",Transform!B9) | C9: =IF(Transform!C9="","",ROUND(Transform!C9,2)) | D9: =IF(Transform!D9="","",ROUND(Transform!D9,2))
A10: =IF(Transform!A10="","",Transform!A10) | B10: =IF(Transform!B10="","",Transform!B10) | C10: =IF(Transform!C10="","",ROUND(Transform!C10,2)) | D10: =IF(Transform!D10="","",ROUND(Transform!D10,2))
A11: =IF(Transform!A11="","",Transform!A11) | B11: =IF(Transform!B11="","",Transform!B11) | C11: =IF(Transform!C11="","",ROUND(Transform!C11,2)) | D11: =IF(Transform!D11="","",ROUND(Transform!D11,2))
A12: =IF(Transform!A12="","",Transform!A12) | B12: =IF(Transform!B12="","",Transform!B12) | C12: =IF(Transform!C12="","",ROUND(Transform!C12,2)) | D12: =IF(Transform!D12="","",ROUND(Transform!D12,2))
... A100: =IF(Transform!A100="","",Transform!A100) | B100: =IF(Transform!B100="","",Transform!B100) | C100: =IF(Transform!C100="","",ROUND(Transform!C100,2)) | D100: =IF(Transform!D100="","",ROUND(Transform!D100,2))
