Workbook
Name Suppl_Rent_Final: Final_Data!$A$1:$C$50

Sheet SF_Data
A1: Associated Assembly: Assembly Type | B1: Supplemental Rent: Name | C1: Associated Assembly: Serial Number | D1: Effective Unit | E1: Effective Rate | F1: Net Units | G1: MR Total | H1: MR Calculation

Sheet Final_Data
A1: Description | B1: MR Calculation | C1: Amount
A2: =IF(SF_Data!B2="","",SF_Data!B2&" [SN:"&SF_Data!C2&"]") | B2: =IF(SF_Data!H2="","",SF_Data!H2) | C2: =IF(SF_Data!G2="","",SF_Data!G2)
A3: =IF(SF_Data!B3="","",SF_Data!B3&" [SN:"&SF_Data!C3&"]") | B3: =IF(SF_Data!H3="","",SF_Data!H3) | C3: =IF(SF_Data!G3="","",SF_Data!G3)
A4: =IF(SF_Data!B4="","",SF_Data!B4&" [SN:"&SF_Data!C4&"]") | B4: =IF(SF_Data!H4="","",SF_Data!H4) | C4: =IF(SF_Data!G4="","",SF_Data!G4)
A5: =IF(SF_Data!B5="","",SF_Data!B5&" [SN:"&SF_Data!C5&"]") | B5: =IF(SF_Data!H5="","",SF_Data!H5) | C5: =IF(SF_Data!G5="","",SF_Data!G5)
A6: =IF(SF_Data!B6="","",SF_Data!B6&" [SN:"&SF_Data!C6&"]") | B6: =IF(SF_Data!H6="","",SF_Data!H6) | C6: =IF(SF_Data!G6="","",SF_Data!G6)
A7: =IF(SF_Data!B7="","",SF_Data!B7&" [SN:"&SF_Data!C7&"]") | B7: =IF(SF_Data!H7="","",SF_Data!H7) | C7: =IF(SF_Data!G7="","",SF_Data!G7)
A8: =IF(SF_Data!B8="","",SF_Data!B8&" [SN:"&SF_Data!C8&"]") | B8: =IF(SF_Data!H8="","",SF_Data!H8) | C8: =IF(SF_Data!G8="","",SF_Data!G8)
A9: =IF(SF_Data!B9="","",SF_Data!B9&" [SN:"&SF_Data!C9&"]") | B9: =IF(SF_Data!H9="","",SF_Data!H9) | C9: =IF(SF_Data!G9="","",SF_Data!G9)
A10: =IF(SF_Data!B10="","",SF_Data!B10&" [SN:"&SF_Data!C10&"]") | B10: =IF(SF_Data!H10="","",SF_Data!H10) | C10: =IF(SF_Data!G10="","",SF_Data!G10)
A11: =IF(SF_Data!B11="","",SF_Data!B11&" [SN:"&SF_Data!C11&"]") | B11: =IF(SF_Data!H11="","",SF_Data!H11) | C11: =IF(SF_Data!G11="","",SF_Data!G11)
A12: =IF(SF_Data!B12="","",SF_Data!B12&" [SN:"&SF_Data!C12&"]") | B12: =IF(SF_Data!H12="","",SF_Data!H12) | C12: =IF(SF_Data!G12="","",SF_Data!G12)
A13: =IF(SF_Data!B13="","",SF_Data!B13&" [SN:"&SF_Data!C13&"]") | B13: =IF(SF_Data!H13="","",SF_Data!H13) | C13: =IF(SF_Data!G13="","",SF_Data!G13)
... A50: =IF(SF_Data!B50="","",SF_Data!B50&" [SN:"&SF_Data!C50&"]") | B50: =IF(SF_Data!H50="","",SF_Data!H50) | C50: =IF(SF_Data!G50="","",SF_Data!G50)
