Workbook
Name Airframe: Airframe1!$A$1:$G$100
Name Airframe_Shop_Visit_CSN: Airframe!$D$2
Name Airframe_Shop_Visit_Name: Airframe!$A$2
Name Airframe_Shop_Visit_Release_Date__h: Airframe!$B$2
Name Airframe_Shop_Visit_Start: Airframe!$A$2:$D$2
Name Airframe_Shop_Visit_TSN: Airframe!$C$2
Name APU: 'APU1'!$A$1:$D$100
Name APU_Event_CSN: APU!$D$1
Name APU_Event_End_Date__h: APU!$B$1
Name APU_Event_Event_Type: APU!$A$1
Name APU_Event_Start: APU!$A$1:$D$1
Name APU_Event_TSN__00: APU!$C$1
Name APU_Shop_Visit_CSN: APU!$D$2
Name APU_Shop_Visit_Name: APU!$A$2
Name APU_Shop_Visit_Release_Date__h: APU!$B$2
Name APU_Shop_Visit_Start: APU!$A$2:$D$2
Name APU_Shop_Visit_TSN__00: APU!$C$2
Name Assembly_Eligible_Event.Projected_Event_Interval_2_Cycles: Airframe!$G$1
Name Assembly_Eligible_Event.Projected_Event_Interval_2_Hours: Airframe!$F$1
Name Assembly_Eligible_Event.Projected_Event_Interval_2_Months: Airframe!$E$1
Name Assembly_Eligible_Event_CSN: Airframe!$D$1
Name Assembly_Eligible_Event_End_Date__h: Airframe!$B$1
Name Assembly_Eligible_Event_End_Date__j: Airframe!$B$1
Name Assembly_Eligible_Event_Event_Type: Airframe!$A$1
Name Assembly_Eligible_Event_Start: Airframe!$A$1:$G$1
Name Assembly_Eligible_Event_TSN: Airframe!$C$1
Name Engine1: Engine11!$A$1:$D$100
Name Engine1_Event_CSN: Engine1!$D$1
Name Engine1_Event_End_Date__h: Engine1!$B$1
Name Engine1_Event_Event_Type: Engine1!$A$1
Name Engine1_Event_Start: Engine1!$A$1:$D$1
Name Engine1_Event_TSN__00: Engine1!$C$1
Name Engine1_Shop_Visit_CSN: Engine1!$D$2
Name Engine1_Shop_Visit_Name: Engine1!$A$2
Name Engine1_Shop_Visit_Release_Date__h: Engine1!$B$2
Name Engine1_Shop_Visit_Start: Engine1!$A$2:$D$2
Name Engine1_Shop_Visit_TSN__00: Engine1!$C$2
Name Engine2: Engine21!$A$1:$D$100
Name Engine2_Event_CSN: Engine2!$D$1
Name Engine2_Event_End_Date__h: Engine2!$B$1
Name Engine2_Event_Event_Type: Engine2!$A$1
Name Engine2_Event_Start: Engine2!$A$1:$D$1
Name Engine2_Event_TSN__00: Engine2!$C$1
Name Engine2_Shop_Visit_CSN: Engine2!$D$2
Name Engine2_Shop_Visit_Name: Engine2!$A$2
Name Engine2_Shop_Visit_Release_Date__h: Engine2!$B$2
Name Engine2_Shop_Visit_Start: Engine2!$A$2:$D$2
Name Engine2_Shop_Visit_TSN__00: Engine2!$C$2

Sheet Airframe

Sheet Airframe1
A1: Type | B1: Date | C1: TSN | D1: CSN | E1: Months | F1: FH | G1: FC | H1: Row No
A2: {=IF(H2="","",IF(H2<>"",INDEX(Airframe!A:A,H2),""))} | B2: {=IF(A2="", "", IF(H2<>"", IF(INDEX(Airframe!B:B, H2)="", "", INDEX(Airframe!B:B, H2)), ""))} | C2: {=IF(A2="", "", IF(H2<>"", IF(INDEX(Airframe!C:C, H2)="", "", INDEX(Airframe!C:C, H2)), ""))} | D2: {=IF(A2="", "", IF(H2<>"", IF(INDEX(Airframe!D:D, H2)="", "", INDEX(Airframe!D:D, H2)), ""))} | E2: {=IF(A2="", "", IF(H2<>"", IF(INDEX(Airframe!E:E, H2)="", "", INDEX(Airframe!E:E, H2)), ""))} | F2: {=IF(A2="", "", IF(H2<>"", IF(INDEX(Airframe!F:F, H2)="", "", INDEX(Airframe!F:F, H2)), ""))} | G2: {=IF(A2="", "", IF(H2<>"", IF(INDEX(Airframe!G:G, H2)="", "", INDEX(Airframe!G:G, H2)), ""))} | H2: {=IFERROR(SMALL(IF(Airframe!A:A<>"", ROW(Airframe!A:A)), ROW()-1), "")}
A3: {=IF(H3="","",IF(H3<>"",INDEX(Airframe!A:A,H3),""))} | B3: {=IF(A3="", "", IF(H3<>"", IF(INDEX(Airframe!B:B, H3)="", "", INDEX(Airframe!B:B, H3)), ""))} | C3: {=IF(A3="", "", IF(H3<>"", IF(INDEX(Airframe!C:C, H3)="", "", INDEX(Airframe!C:C, H3)), ""))} | D3: {=IF(A3="", "", IF(H3<>"", IF(INDEX(Airframe!D:D, H3)="", "", INDEX(Airframe!D:D, H3)), ""))} | E3: {=IF(A3="", "", IF(H3<>"", IF(INDEX(Airframe!E:E, H3)="", "", INDEX(Airframe!E:E, H3)), ""))} | F3: {=IF(A3="", "", IF(H3<>"", IF(INDEX(Airframe!F:F, H3)="", "", INDEX(Airframe!F:F, H3)), ""))} | G3: {=IF(A3="", "", IF(H3<>"", IF(INDEX(Airframe!G:G, H3)="", "", INDEX(Airframe!G:G, H3)), ""))} | H3: {=IFERROR(SMALL(IF(Airframe!A:A<>"", ROW(Airframe!A:A)), ROW()-1), "")}
A4: {=IF(H4="","",IF(H4<>"",INDEX(Airframe!A:A,H4),""))} | B4: {=IF(A4="", "", IF(H4<>"", IF(INDEX(Airframe!B:B, H4)="", "", INDEX(Airframe!B:B, H4)), ""))} | C4: {=IF(A4="", "", IF(H4<>"", IF(INDEX(Airframe!C:C, H4)="", "", INDEX(Airframe!C:C, H4)), ""))} | D4: {=IF(A4="", "", IF(H4<>"", IF(INDEX(Airframe!D:D, H4)="", "", INDEX(Airframe!D:D, H4)), ""))} | E4: {=IF(A4="", "", IF(H4<>"", IF(INDEX(Airframe!E:E, H4)="", "", INDEX(Airframe!E:E, H4)), ""))} | F4: {=IF(A4="", "", IF(H4<>"", IF(INDEX(Airframe!F:F, H4)="", "", INDEX(Airframe!F:F, H4)), ""))} | G4: {=IF(A4="", "", IF(H4<>"", IF(INDEX(Airframe!G:G, H4)="", "", INDEX(Airframe!G:G, H4)), ""))} | H4: {=IFERROR(SMALL(IF(Airframe!A:A<>"", ROW(Airframe!A:A)), ROW()-1), "")}
A5: {=IF(H5="","",IF(H5<>"",INDEX(Airframe!A:A,H5),""))} | B5: {=IF(A5="", "", IF(H5<>"", IF(INDEX(Airframe!B:B, H5)="", "", INDEX(Airframe!B:B, H5)), ""))} | C5: {=IF(A5="", "", IF(H5<>"", IF(INDEX(Airframe!C:C, H5)="", "", INDEX(Airframe!C:C, H5)), ""))} | D5: {=IF(A5="", "", IF(H5<>"", IF(INDEX(Airframe!D:D, H5)="", "", INDEX(Airframe!D:D, H5)), ""))} | E5: {=IF(A5="", "", IF(H5<>"", IF(INDEX(Airframe!E:E, H5)="", "", INDEX(Airframe!E:E, H5)), ""))} | F5: {=IF(A5="", "", IF(H5<>"", IF(INDEX(Airframe!F:F, H5)="", "", INDEX(Airframe!F:F, H5)), ""))} | G5: {=IF(A5="", "", IF(H5<>"", IF(INDEX(Airframe!G:G, H5)="", "", INDEX(Airframe!G:G, H5)), ""))} | H5: {=IFERROR(SMALL(IF(Airframe!A:A<>"", ROW(Airframe!A:A)), ROW()-1), "")}
A6: {=IF(H6="","",IF(H6<>"",INDEX(Airframe!A:A,H6),""))} | B6: {=IF(A6="", "", IF(H6<>"", IF(INDEX(Airframe!B:B, H6)="", "", INDEX(Airframe!B:B, H6)), ""))} | C6: {=IF(A6="", "", IF(H6<>"", IF(INDEX(Airframe!C:C, H6)="", "", INDEX(Airframe!C:C, H6)), ""))} | D6: {=IF(A6="", "", IF(H6<>"", IF(INDEX(Airframe!D:D, H6)="", "", INDEX(Airframe!D:D, H6)), ""))} | E6: {=IF(A6="", "", IF(H6<>"", IF(INDEX(Airframe!E:E, H6)="", "", INDEX(Airframe!E:E, H6)), ""))} | F6: {=IF(A6="", "", IF(H6<>"", IF(INDEX(Airframe!F:F, H6)="", "", INDEX(Airframe!F:F, H6)), ""))} | G6: {=IF(A6="", "", IF(H6<>"", IF(INDEX(Airframe!G:G, H6)="", "", INDEX(Airframe!G:G, H6)), ""))} | H6: {=IFERROR(SMALL(IF(Airframe!A:A<>"", ROW(Airframe!A:A)), ROW()-1), "")}
A7: {=IF(H7="","",IF(H7<>"",INDEX(Airframe!A:A,H7),""))} | B7: {=IF(A7="", "", IF(H7<>"", IF(INDEX(Airframe!B:B, H7)="", "", INDEX(Airframe!B:B, H7)), ""))} | C7: {=IF(A7="", "", IF(H7<>"", IF(INDEX(Airframe!C:C, H7)="", "", INDEX(Airframe!C:C, H7)), ""))} | D7: {=IF(A7="", "", IF(H7<>"", IF(INDEX(Airframe!D:D, H7)="", "", INDEX(Airframe!D:D, H7)), ""))} | E7: {=IF(A7="", "", IF(H7<>"", IF(INDEX(Airframe!E:E, H7)="", "", INDEX(Airframe!E:E, H7)), ""))} | F7: {=IF(A7="", "", IF(H7<>"", IF(INDEX(Airframe!F:F, H7)="", "", INDEX(Airframe!F:F, H7)), ""))} | G7: {=IF(A7="", "", IF(H7<>"", IF(INDEX(Airframe!G:G, H7)="", "", INDEX(Airframe!G:G, H7)), ""))} | H7: {=IFERROR(SMALL(IF(Airframe!A:A<>"", ROW(Airframe!A:A)), ROW()-1), "")}
A8: {=IF(H8="","",IF(H8<>"",INDEX(Airframe!A:A,H8),""))} | B8: {=IF(A8="", "", IF(H8<>"", IF(INDEX(Airframe!B:B, H8)="", "", INDEX(Airframe!B:B, H8)), ""))} | C8: {=IF(A8="", "", IF(H8<>"", IF(INDEX(Airframe!C:C, H8)="", "", INDEX(Airframe!C:C, H8)), ""))} | D8: {=IF(A8="", "", IF(H8<>"", IF(INDEX(Airframe!D:D, H8)="", "", INDEX(Airframe!D:D, H8)), ""))} | E8: {=IF(A8="", "", IF(H8<>"", IF(INDEX(Airframe!E:E, H8)="", "", INDEX(Airframe!E:E, H8)), ""))} | F8: {=IF(A8="", "", IF(H8<>"", IF(INDEX(Airframe!F:F, H8)="", "", INDEX(Airframe!F:F, H8)), ""))} | G8: {=IF(A8="", "", IF(H8<>"", IF(INDEX(Airframe!G:G, H8)="", "", INDEX(Airframe!G:G, H8)), ""))} | H8: {=IFERROR(SMALL(IF(Airframe!A:A<>"", ROW(Airframe!A:A)), ROW()-1), "")}
A9: {=IF(H9="","",IF(H9<>"",INDEX(Airframe!A:A,H9),""))} | B9: {=IF(A9="", "", IF(H9<>"", IF(INDEX(Airframe!B:B, H9)="", "", INDEX(Airframe!B:B, H9)), ""))} | C9: {=IF(A9="", "", IF(H9<>"", IF(INDEX(Airframe!C:C, H9)="", "", INDEX(Airframe!C:C, H9)), ""))} | D9: {=IF(A9="", "", IF(H9<>"", IF(INDEX(Airframe!D:D, H9)="", "", INDEX(Airframe!D:D, H9)), ""))} | E9: {=IF(A9="", "", IF(H9<>"", IF(INDEX(Airframe!E:E, H9)="", "", INDEX(Airframe!E:E, H9)), ""))} | F9: {=IF(A9="", "", IF(H9<>"", IF(INDEX(Airframe!F:F, H9)="", "", INDEX(Airframe!F:F, H9)), ""))} | G9: {=IF(A9="", "", IF(H9<>"", IF(INDEX(Airframe!G:G, H9)="", "", INDEX(Airframe!G:G, H9)), ""))} | H9: {=IFERROR(SMALL(IF(Airframe!A:A<>"", ROW(Airframe!A:A)), ROW()-1), "")}
A10: {=IF(H10="","",IF(H10<>"",INDEX(Airframe!A:A,H10),""))} | B10: {=IF(A10="", "", IF(H10<>"", IF(INDEX(Airframe!B:B, H10)="", "", INDEX(Airframe!B:B, H10)), ""))} | C10: {=IF(A10="", "", IF(H10<>"", IF(INDEX(Airframe!C:C, H10)="", "", INDEX(Airframe!C:C, H10)), ""))} | D10: {=IF(A10="", "", IF(H10<>"", IF(INDEX(Airframe!D:D, H10)="", "", INDEX(Airframe!D:D, H10)), ""))} | E10: {=IF(A10="", "", IF(H10<>"", IF(INDEX(Airframe!E:E, H10)="", "", INDEX(Airframe!E:E, H10)), ""))} | F10: {=IF(A10="", "", IF(H10<>"", IF(INDEX(Airframe!F:F, H10)="", "", INDEX(Airframe!F:F, H10)), ""))} | G10: {=IF(A10="", "", IF(H10<>"", IF(INDEX(Airframe!G:G, H10)="", "", INDEX(Airframe!G:G, H10)), ""))} | H10: {=IFERROR(SMALL(IF(Airframe!A:A<>"", ROW(Airframe!A:A)), ROW()-1), "")}
A11: {=IF(H11="","",IF(H11<>"",INDEX(Airframe!A:A,H11),""))} | B11: {=IF(A11="", "", IF(H11<>"", IF(INDEX(Airframe!B:B, H11)="", "", INDEX(Airframe!B:B, H11)), ""))} | C11: {=IF(A11="", "", IF(H11<>"", IF(INDEX(Airframe!C:C, H11)="", "", INDEX(Airframe!C:C, H11)), ""))} | D11: {=IF(A11="", "", IF(H11<>"", IF(INDEX(Airframe!D:D, H11)="", "", INDEX(Airframe!D:D, H11)), ""))} | E11: {=IF(A11="", "", IF(H11<>"", IF(INDEX(Airframe!E:E, H11)="", "", INDEX(Airframe!E:E, H11)), ""))} | F11: {=IF(A11="", "", IF(H11<>"", IF(INDEX(Airframe!F:F, H11)="", "", INDEX(Airframe!F:F, H11)), ""))} | G11: {=IF(A11="", "", IF(H11<>"", IF(INDEX(Airframe!G:G, H11)="", "", INDEX(Airframe!G:G, H11)), ""))} | H11: {=IFERROR(SMALL(IF(Airframe!A:A<>"", ROW(Airframe!A:A)), ROW()-1), "")}
A12: {=IF(H12="","",IF(H12<>"",INDEX(Airframe!A:A,H12),""))} | B12: {=IF(A12="", "", IF(H12<>"", IF(INDEX(Airframe!B:B, H12)="", "", INDEX(Airframe!B:B, H12)), ""))} | C12: {=IF(A12="", "", IF(H12<>"", IF(INDEX(Airframe!C:C, H12)="", "", INDEX(Airframe!C:C, H12)), ""))} | D12: {=IF(A12="", "", IF(H12<>"", IF(INDEX(Airframe!D:D, H12)="", "", INDEX(Airframe!D:D, H12)), ""))} | E12: {=IF(A12="", "", IF(H12<>"", IF(INDEX(Airframe!E:E, H12)="", "", INDEX(Airframe!E:E, H12)), ""))} | F12: {=IF(A12="", "", IF(H12<>"", IF(INDEX(Airframe!F:F, H12)="", "", INDEX(Airframe!F:F, H12)), ""))} | G12: {=IF(A12="", "", IF(H12<>"", IF(INDEX(Airframe!G:G, H12)="", "", INDEX(Airframe!G:G, H12)), ""))} | H12: {=IFERROR(SMALL(IF(Airframe!A:A<>"", ROW(Airframe!A:A)), ROW()-1), "")}
A13: {=IF(H13="","",IF(H13<>"",INDEX(Airframe!A:A,H13),""))} | B13: {=IF(A13="", "", IF(H13<>"", IF(INDEX(Airframe!B:B, H13)="", "", INDEX(Airframe!B:B, H13)), ""))} | C13: {=IF(A13="", "", IF(H13<>"", IF(INDEX(Airframe!C:C, H13)="", "", INDEX(Airframe!C:C, H13)), ""))} | D13: {=IF(A13="", "", IF(H13<>"", IF(INDEX(Airframe!D:D, H13)="", "", INDEX(Airframe!D:D, H13)), ""))} | E13: {=IF(A13="", "", IF(H13<>"", IF(INDEX(Airframe!E:E, H13)="", "", INDEX(Airframe!E:E, H13)), ""))} | F13: {=IF(A13="", "", IF(H13<>"", IF(INDEX(Airframe!F:F, H13)="", "", INDEX(Airframe!F:F, H13)), ""))} | G13: {=IF(A13="", "", IF(H13<>"", IF(INDEX(Airframe!G:G, H13)="", "", INDEX(Airframe!G:G, H13)), ""))} | H13: {=IFERROR(SMALL(IF(Airframe!A:A<>"", ROW(Airframe!A:A)), ROW()-1), "")}
... A100: {=IF(H100="","",IF(H100<>"",INDEX(Airframe!A:A,H100),""))} | B100: {=IF(A100="", "", IF(H100<>"", IF(INDEX(Airframe!B:B, H100)="", "", INDEX(Airframe!B:B, H100)), ""))} | C100: {=IF(A100="", "", IF(H100<>"", IF(INDEX(Airframe!C:C, H100)="", "", INDEX(Airframe!C:C, H100)), ""))} | D100: {=IF(A100="", "", IF(H100<>"", IF(INDEX(Airframe!D:D, H100)="", "", INDEX(Airframe!D:D, H100)), ""))} | E100: {=IF(A100="", "", IF(H100<>"", IF(INDEX(Airframe!E:E, H100)="", "", INDEX(Airframe!E:E, H100)), ""))} | F100: {=IF(A100="", "", IF(H100<>"", IF(INDEX(Airframe!F:F, H100)="", "", INDEX(Airframe!F:F, H100)), ""))} | G100: {=IF(A100="", "", IF(H100<>"", IF(INDEX(Airframe!G:G, H100)="", "", INDEX(Airframe!G:G, H100)), ""))} | H100: {=IFERROR(SMALL(IF(Airframe!A:A<>"", ROW(Airframe!A:A)), ROW()-1), "")}

Sheet Engine1

Sheet Engine11
A1: Name | B1: Date | C1: TSN | D1: CSN | E1: Row No
A2: {=IF(E2="","",IF(E2<>"",INDEX(Engine1!A:A,E2),""))} | B2: {=IF(A2="", "", IF(E2<>"", IF(INDEX(Engine1!B:B, E2)="", "", INDEX(Engine1!B:B, E2)), ""))} | C2: {=IF(A2="", "", IF(E2<>"", IF(INDEX(Engine1!C:C, E2)="", "", INDEX(Engine1!C:C, E2)), ""))} | D2: {=IF(A2="", "", IF(E2<>"", IF(INDEX(Engine1!D:D, E2)="", "", INDEX(Engine1!D:D, E2)), ""))} | E2: {=IFERROR(SMALL(IF(Engine1!A:A<>"", ROW(Engine1!A:A)), ROW()-1), "")}
A3: {=IF(E3="","",IF(E3<>"",INDEX(Engine1!A:A,E3),""))} | B3: {=IF(A3="", "", IF(E3<>"", IF(INDEX(Engine1!B:B, E3)="", "", INDEX(Engine1!B:B, E3)), ""))} | C3: {=IF(A3="", "", IF(E3<>"", IF(INDEX(Engine1!C:C, E3)="", "", INDEX(Engine1!C:C, E3)), ""))} | D3: {=IF(A3="", "", IF(E3<>"", IF(INDEX(Engine1!D:D, E3)="", "", INDEX(Engine1!D:D, E3)), ""))} | E3: {=IFERROR(SMALL(IF(Engine1!A:A<>"", ROW(Engine1!A:A)), ROW()-1), "")}
A4: {=IF(E4="","",IF(E4<>"",INDEX(Engine1!A:A,E4),""))} | B4: {=IF(A4="", "", IF(E4<>"", IF(INDEX(Engine1!B:B, E4)="", "", INDEX(Engine1!B:B, E4)), ""))} | C4: {=IF(A4="", "", IF(E4<>"", IF(INDEX(Engine1!C:C, E4)="", "", INDEX(Engine1!C:C, E4)), ""))} | D4: {=IF(A4="", "", IF(E4<>"", IF(INDEX(Engine1!D:D, E4)="", "", INDEX(Engine1!D:D, E4)), ""))} | E4: {=IFERROR(SMALL(IF(Engine1!A:A<>"", ROW(Engine1!A:A)), ROW()-1), "")}
A5: {=IF(E5="","",IF(E5<>"",INDEX(Engine1!A:A,E5),""))} | B5: {=IF(A5="", "", IF(E5<>"", IF(INDEX(Engine1!B:B, E5)="", "", INDEX(Engine1!B:B, E5)), ""))} | C5: {=IF(A5="", "", IF(E5<>"", IF(INDEX(Engine1!C:C, E5)="", "", INDEX(Engine1!C:C, E5)), ""))} | D5: {=IF(A5="", "", IF(E5<>"", IF(INDEX(Engine1!D:D, E5)="", "", INDEX(Engine1!D:D, E5)), ""))} | E5: {=IFERROR(SMALL(IF(Engine1!A:A<>"", ROW(Engine1!A:A)), ROW()-1), "")}
A6: {=IF(E6="","",IF(E6<>"",INDEX(Engine1!A:A,E6),""))} | B6: {=IF(A6="", "", IF(E6<>"", IF(INDEX(Engine1!B:B, E6)="", "", INDEX(Engine1!B:B, E6)), ""))} | C6: {=IF(A6="", "", IF(E6<>"", IF(INDEX(Engine1!C:C, E6)="", "", INDEX(Engine1!C:C, E6)), ""))} | D6: {=IF(A6="", "", IF(E6<>"", IF(INDEX(Engine1!D:D, E6)="", "", INDEX(Engine1!D:D, E6)), ""))} | E6: {=IFERROR(SMALL(IF(Engine1!A:A<>"", ROW(Engine1!A:A)), ROW()-1), "")}
A7: {=IF(E7="","",IF(E7<>"",INDEX(Engine1!A:A,E7),""))} | B7: {=IF(A7="", "", IF(E7<>"", IF(INDEX(Engine1!B:B, E7)="", "", INDEX(Engine1!B:B, E7)), ""))} | C7: {=IF(A7="", "", IF(E7<>"", IF(INDEX(Engine1!C:C, E7)="", "", INDEX(Engine1!C:C, E7)), ""))} | D7: {=IF(A7="", "", IF(E7<>"", IF(INDEX(Engine1!D:D, E7)="", "", INDEX(Engine1!D:D, E7)), ""))} | E7: {=IFERROR(SMALL(IF(Engine1!A:A<>"", ROW(Engine1!A:A)), ROW()-1), "")}
A8: {=IF(E8="","",IF(E8<>"",INDEX(Engine1!A:A,E8),""))} | B8: {=IF(A8="", "", IF(E8<>"", IF(INDEX(Engine1!B:B, E8)="", "", INDEX(Engine1!B:B, E8)), ""))} | C8: {=IF(A8="", "", IF(E8<>"", IF(INDEX(Engine1!C:C, E8)="", "", INDEX(Engine1!C:C, E8)), ""))} | D8: {=IF(A8="", "", IF(E8<>"", IF(INDEX(Engine1!D:D, E8)="", "", INDEX(Engine1!D:D, E8)), ""))} | E8: {=IFERROR(SMALL(IF(Engine1!A:A<>"", ROW(Engine1!A:A)), ROW()-1), "")}
A9: {=IF(E9="","",IF(E9<>"",INDEX(Engine1!A:A,E9),""))} | B9: {=IF(A9="", "", IF(E9<>"", IF(INDEX(Engine1!B:B, E9)="", "", INDEX(Engine1!B:B, E9)), ""))} | C9: {=IF(A9="", "", IF(E9<>"", IF(INDEX(Engine1!C:C, E9)="", "", INDEX(Engine1!C:C, E9)), ""))} | D9: {=IF(A9="", "", IF(E9<>"", IF(INDEX(Engine1!D:D, E9)="", "", INDEX(Engine1!D:D, E9)), ""))} | E9: {=IFERROR(SMALL(IF(Engine1!A:A<>"", ROW(Engine1!A:A)), ROW()-1), "")}
A10: {=IF(E10="","",IF(E10<>"",INDEX(Engine1!A:A,E10),""))} | B10: {=IF(A10="", "", IF(E10<>"", IF(INDEX(Engine1!B:B, E10)="", "", INDEX(Engine1!B:B, E10)), ""))} | C10: {=IF(A10="", "", IF(E10<>"", IF(INDEX(Engine1!C:C, E10)="", "", INDEX(Engine1!C:C, E10)), ""))} | D10: {=IF(A10="", "", IF(E10<>"", IF(INDEX(Engine1!D:D, E10)="", "", INDEX(Engine1!D:D, E10)), ""))} | E10: {=IFERROR(SMALL(IF(Engine1!A:A<>"", ROW(Engine1!A:A)), ROW()-1), "")}
A11: {=IF(E11="","",IF(E11<>"",INDEX(Engine1!A:A,E11),""))} | B11: {=IF(A11="", "", IF(E11<>"", IF(INDEX(Engine1!B:B, E11)="", "", INDEX(Engine1!B:B, E11)), ""))} | C11: {=IF(A11="", "", IF(E11<>"", IF(INDEX(Engine1!C:C, E11)="", "", INDEX(Engine1!C:C, E11)), ""))} | D11: {=IF(A11="", "", IF(E11<>"", IF(INDEX(Engine1!D:D, E11)="", "", INDEX(Engine1!D:D, E11)), ""))} | E11: {=IFERROR(SMALL(IF(Engine1!A:A<>"", ROW(Engine1!A:A)), ROW()-1), "")}
A12: {=IF(E12="","",IF(E12<>"",INDEX(Engine1!A:A,E12),""))} | B12: {=IF(A12="", "", IF(E12<>"", IF(INDEX(Engine1!B:B, E12)="", "", INDEX(Engine1!B:B, E12)), ""))} | C12: {=IF(A12="", "", IF(E12<>"", IF(INDEX(Engine1!C:C, E12)="", "", INDEX(Engine1!C:C, E12)), ""))} | D12: {=IF(A12="", "", IF(E12<>"", IF(INDEX(Engine1!D:D, E12)="", "", INDEX(Engine1!D:D, E12)), ""))} | E12: {=IFERROR(SMALL(IF(Engine1!A:A<>"", ROW(Engine1!A:A)), ROW()-1), "")}
A13: {=IF(E13="","",IF(E13<>"",INDEX(Engine1!A:A,E13),""))} | B13: {=IF(A13="", "", IF(E13<>"", IF(INDEX(Engine1!B:B, E13)="", "", INDEX(Engine1!B:B, E13)), ""))} | C13: {=IF(A13="", "", IF(E13<>"", IF(INDEX(Engine1!C:C, E13)="", "", INDEX(Engine1!C:C, E13)), ""))} | D13: {=IF(A13="", "", IF(E13<>"", IF(INDEX(Engine1!D:D, E13)="", "", INDEX(Engine1!D:D, E13)), ""))} | E13: {=IFERROR(SMALL(IF(Engine1!A:A<>"", ROW(Engine1!A:A)), ROW()-1), "")}
... A100: {=IF(E100="","",IF(E100<>"",INDEX(Engine1!A:A,E100),""))} | B100: {=IF(A100="", "", IF(E100<>"", IF(INDEX(Engine1!B:B, E100)="", "", INDEX(Engine1!B:B, E100)), ""))} | C100: {=IF(A100="", "", IF(E100<>"", IF(INDEX(Engine1!C:C, E100)="", "", INDEX(Engine1!C:C, E100)), ""))} | D100: {=IF(A100="", "", IF(E100<>"", IF(INDEX(Engine1!D:D, E100)="", "", INDEX(Engine1!D:D, E100)), ""))} | E100: {=IFERROR(SMALL(IF(Engine1!A:A<>"", ROW(Engine1!A:A)), ROW()-1), "")}

Sheet Engine2

Sheet Engine21
A1: Name | B1: Date | C1: TSN | D1: CSN | E1: Row No
A2: {=IF(E2="","",IF(E2<>"",INDEX(Engine2!A:A,E2),""))} | B2: {=IF(A2="", "", IF(E2<>"", IF(INDEX(Engine2!B:B, E2)="", "", INDEX(Engine2!B:B, E2)), ""))} | C2: {=IF(A2="", "", IF(E2<>"", IF(INDEX(Engine2!C:C, E2)="", "", INDEX(Engine2!C:C, E2)), ""))} | D2: {=IF(A2="", "", IF(E2<>"", IF(INDEX(Engine2!D:D, E2)="", "", INDEX(Engine2!D:D, E2)), ""))} | E2: {=IFERROR(SMALL(IF(Engine2!A:A<>"", ROW(Engine2!A:A)), ROW()-1), "")}
A3: {=IF(E3="","",IF(E3<>"",INDEX(Engine2!A:A,E3),""))} | B3: {=IF(A3="", "", IF(E3<>"", IF(INDEX(Engine2!B:B, E3)="", "", INDEX(Engine2!B:B, E3)), ""))} | C3: {=IF(A3="", "", IF(E3<>"", IF(INDEX(Engine2!C:C, E3)="", "", INDEX(Engine2!C:C, E3)), ""))} | D3: {=IF(A3="", "", IF(E3<>"", IF(INDEX(Engine2!D:D, E3)="", "", INDEX(Engine2!D:D, E3)), ""))} | E3: {=IFERROR(SMALL(IF(Engine2!A:A<>"", ROW(Engine2!A:A)), ROW()-1), "")}
A4: {=IF(E4="","",IF(E4<>"",INDEX(Engine2!A:A,E4),""))} | B4: {=IF(A4="", "", IF(E4<>"", IF(INDEX(Engine2!B:B, E4)="", "", INDEX(Engine2!B:B, E4)), ""))} | C4: {=IF(A4="", "", IF(E4<>"", IF(INDEX(Engine2!C:C, E4)="", "", INDEX(Engine2!C:C, E4)), ""))} | D4: {=IF(A4="", "", IF(E4<>"", IF(INDEX(Engine2!D:D, E4)="", "", INDEX(Engine2!D:D, E4)), ""))} | E4: {=IFERROR(SMALL(IF(Engine2!A:A<>"", ROW(Engine2!A:A)), ROW()-1), "")}
A5: {=IF(E5="","",IF(E5<>"",INDEX(Engine2!A:A,E5),""))} | B5: {=IF(A5="", "", IF(E5<>"", IF(INDEX(Engine2!B:B, E5)="", "", INDEX(Engine2!B:B, E5)), ""))} | C5: {=IF(A5="", "", IF(E5<>"", IF(INDEX(Engine2!C:C, E5)="", "", INDEX(Engine2!C:C, E5)), ""))} | D5: {=IF(A5="", "", IF(E5<>"", IF(INDEX(Engine2!D:D, E5)="", "", INDEX(Engine2!D:D, E5)), ""))} | E5: {=IFERROR(SMALL(IF(Engine2!A:A<>"", ROW(Engine2!A:A)), ROW()-1), "")}
A6: {=IF(E6="","",IF(E6<>"",INDEX(Engine2!A:A,E6),""))} | B6: {=IF(A6="", "", IF(E6<>"", IF(INDEX(Engine2!B:B, E6)="", "", INDEX(Engine2!B:B, E6)), ""))} | C6: {=IF(A6="", "", IF(E6<>"", IF(INDEX(Engine2!C:C, E6)="", "", INDEX(Engine2!C:C, E6)), ""))} | D6: {=IF(A6="", "", IF(E6<>"", IF(INDEX(Engine2!D:D, E6)="", "", INDEX(Engine2!D:D, E6)), ""))} | E6: {=IFERROR(SMALL(IF(Engine2!A:A<>"", ROW(Engine2!A:A)), ROW()-1), "")}
A7: {=IF(E7="","",IF(E7<>"",INDEX(Engine2!A:A,E7),""))} | B7: {=IF(A7="", "", IF(E7<>"", IF(INDEX(Engine2!B:B, E7)="", "", INDEX(Engine2!B:B, E7)), ""))} | C7: {=IF(A7="", "", IF(E7<>"", IF(INDEX(Engine2!C:C, E7)="", "", INDEX(Engine2!C:C, E7)), ""))} | D7: {=IF(A7="", "", IF(E7<>"", IF(INDEX(Engine2!D:D, E7)="", "", INDEX(Engine2!D:D, E7)), ""))} | E7: {=IFERROR(SMALL(IF(Engine2!A:A<>"", ROW(Engine2!A:A)), ROW()-1), "")}
A8: {=IF(E8="","",IF(E8<>"",INDEX(Engine2!A:A,E8),""))} | B8: {=IF(A8="", "", IF(E8<>"", IF(INDEX(Engine2!B:B, E8)="", "", INDEX(Engine2!B:B, E8)), ""))} | C8: {=IF(A8="", "", IF(E8<>"", IF(INDEX(Engine2!C:C, E8)="", "", INDEX(Engine2!C:C, E8)), ""))} | D8: {=IF(A8="", "", IF(E8<>"", IF(INDEX(Engine2!D:D, E8)="", "", INDEX(Engine2!D:D, E8)), ""))} | E8: {=IFERROR(SMALL(IF(Engine2!A:A<>"", ROW(Engine2!A:A)), ROW()-1), "")}
A9: {=IF(E9="","",IF(E9<>"",INDEX(Engine2!A:A,E9),""))} | B9: {=IF(A9="", "", IF(E9<>"", IF(INDEX(Engine2!B:B, E9)="", "", INDEX(Engine2!B:B, E9)), ""))} | C9: {=IF(A9="", "", IF(E9<>"", IF(INDEX(Engine2!C:C, E9)="", "", INDEX(Engine2!C:C, E9)), ""))} | D9: {=IF(A9="", "", IF(E9<>"", IF(INDEX(Engine2!D:D, E9)="", "", INDEX(Engine2!D:D, E9)), ""))} | E9: {=IFERROR(SMALL(IF(Engine2!A:A<>"", ROW(Engine2!A:A)), ROW()-1), "")}
A10: {=IF(E10="","",IF(E10<>"",INDEX(Engine2!A:A,E10),""))} | B10: {=IF(A10="", "", IF(E10<>"", IF(INDEX(Engine2!B:B, E10)="", "", INDEX(Engine2!B:B, E10)), ""))} | C10: {=IF(A10="", "", IF(E10<>"", IF(INDEX(Engine2!C:C, E10)="", "", INDEX(Engine2!C:C, E10)), ""))} | D10: {=IF(A10="", "", IF(E10<>"", IF(INDEX(Engine2!D:D, E10)="", "", INDEX(Engine2!D:D, E10)), ""))} | E10: {=IFERROR(SMALL(IF(Engine2!A:A<>"", ROW(Engine2!A:A)), ROW()-1), "")}
A11: {=IF(E11="","",IF(E11<>"",INDEX(Engine2!A:A,E11),""))} | B11: {=IF(A11="", "", IF(E11<>"", IF(INDEX(Engine2!B:B, E11)="", "", INDEX(Engine2!B:B, E11)), ""))} | C11: {=IF(A11="", "", IF(E11<>"", IF(INDEX(Engine2!C:C, E11)="", "", INDEX(Engine2!C:C, E11)), ""))} | D11: {=IF(A11="", "", IF(E11<>"", IF(INDEX(Engine2!D:D, E11)="", "", INDEX(Engine2!D:D, E11)), ""))} | E11: {=IFERROR(SMALL(IF(Engine2!A:A<>"", ROW(Engine2!A:A)), ROW()-1), "")}
A12: {=IF(E12="","",IF(E12<>"",INDEX(Engine2!A:A,E12),""))} | B12: {=IF(A12="", "", IF(E12<>"", IF(INDEX(Engine2!B:B, E12)="", "", INDEX(Engine2!B:B, E12)), ""))} | C12: {=IF(A12="", "", IF(E12<>"", IF(INDEX(Engine2!C:C, E12)="", "", INDEX(Engine2!C:C, E12)), ""))} | D12: {=IF(A12="", "", IF(E12<>"", IF(INDEX(Engine2!D:D, E12)="", "", INDEX(Engine2!D:D, E12)), ""))} | E12: {=IFERROR(SMALL(IF(Engine2!A:A<>"", ROW(Engine2!A:A)), ROW()-1), "")}
A13: {=IF(E13="","",IF(E13<>"",INDEX(Engine2!A:A,E13),""))} | B13: {=IF(A13="", "", IF(E13<>"", IF(INDEX(Engine2!B:B, E13)="", "", INDEX(Engine2!B:B, E13)), ""))} | C13: {=IF(A13="", "", IF(E13<>"", IF(INDEX(Engine2!C:C, E13)="", "", INDEX(Engine2!C:C, E13)), ""))} | D13: {=IF(A13="", "", IF(E13<>"", IF(INDEX(Engine2!D:D, E13)="", "", INDEX(Engine2!D:D, E13)), ""))} | E13: {=IFERROR(SMALL(IF(Engine2!A:A<>"", ROW(Engine2!A:A)), ROW()-1), "")}
... A100: {=IF(E100="","",IF(E100<>"",INDEX(Engine2!A:A,E100),""))} | B100: {=IF(A100="", "", IF(E100<>"", IF(INDEX(Engine2!B:B, E100)="", "", INDEX(Engine2!B:B, E100)), ""))} | C100: {=IF(A100="", "", IF(E100<>"", IF(INDEX(Engine2!C:C, E100)="", "", INDEX(Engine2!C:C, E100)), ""))} | D100: {=IF(A100="", "", IF(E100<>"", IF(INDEX(Engine2!D:D, E100)="", "", INDEX(Engine2!D:D, E100)), ""))} | E100: {=IFERROR(SMALL(IF(Engine2!A:A<>"", ROW(Engine2!A:A)), ROW()-1), "")}

Sheet APU

Sheet APU1
A1: Name | B1: Date | C1: TSN | D1: CSN | E1: Row No
A2: {=IF(E2="","",IF(E2<>"",INDEX(APU!A:A,E2),""))} | B2: {=IF(A2="", "", IF(E2<>"", IF(INDEX(APU!B:B, E2)="", "", INDEX(APU!B:B, E2)), ""))} | C2: {=IF(A2="", "", IF(E2<>"", IF(INDEX(APU!C:C, E2)="", "", INDEX(APU!C:C, E2)), ""))} | D2: {=IF(A2="", "", IF(E2<>"", IF(INDEX(APU!D:D, E2)="", "", INDEX(APU!D:D, E2)), ""))} | E2: {=IFERROR(SMALL(IF(APU!A:A<>"", ROW(APU!A:A)), ROW()-1), "")}
A3: {=IF(E3="","",IF(E3<>"",INDEX(APU!A:A,E3),""))} | B3: {=IF(A3="", "", IF(E3<>"", IF(INDEX(APU!B:B, E3)="", "", INDEX(APU!B:B, E3)), ""))} | C3: {=IF(A3="", "", IF(E3<>"", IF(INDEX(APU!C:C, E3)="", "", INDEX(APU!C:C, E3)), ""))} | D3: {=IF(A3="", "", IF(E3<>"", IF(INDEX(APU!D:D, E3)="", "", INDEX(APU!D:D, E3)), ""))} | E3: {=IFERROR(SMALL(IF(APU!A:A<>"", ROW(APU!A:A)), ROW()-1), "")}
A4: {=IF(E4="","",IF(E4<>"",INDEX(APU!A:A,E4),""))} | B4: {=IF(A4="", "", IF(E4<>"", IF(INDEX(APU!B:B, E4)="", "", INDEX(APU!B:B, E4)), ""))} | C4: {=IF(A4="", "", IF(E4<>"", IF(INDEX(APU!C:C, E4)="", "", INDEX(APU!C:C, E4)), ""))} | D4: {=IF(A4="", "", IF(E4<>"", IF(INDEX(APU!D:D, E4)="", "", INDEX(APU!D:D, E4)), ""))} | E4: {=IFERROR(SMALL(IF(APU!A:A<>"", ROW(APU!A:A)), ROW()-1), "")}
A5: {=IF(E5="","",IF(E5<>"",INDEX(APU!A:A,E5),""))} | B5: {=IF(A5="", "", IF(E5<>"", IF(INDEX(APU!B:B, E5)="", "", INDEX(APU!B:B, E5)), ""))} | C5: {=IF(A5="", "", IF(E5<>"", IF(INDEX(APU!C:C, E5)="", "", INDEX(APU!C:C, E5)), ""))} | D5: {=IF(A5="", "", IF(E5<>"", IF(INDEX(APU!D:D, E5)="", "", INDEX(APU!D:D, E5)), ""))} | E5: {=IFERROR(SMALL(IF(APU!A:A<>"", ROW(APU!A:A)), ROW()-1), "")}
A6: {=IF(E6="","",IF(E6<>"",INDEX(APU!A:A,E6),""))} | B6: {=IF(A6="", "", IF(E6<>"", IF(INDEX(APU!B:B, E6)="", "", INDEX(APU!B:B, E6)), ""))} | C6: {=IF(A6="", "", IF(E6<>"", IF(INDEX(APU!C:C, E6)="", "", INDEX(APU!C:C, E6)), ""))} | D6: {=IF(A6="", "", IF(E6<>"", IF(INDEX(APU!D:D, E6)="", "", INDEX(APU!D:D, E6)), ""))} | E6: {=IFERROR(SMALL(IF(APU!A:A<>"", ROW(APU!A:A)), ROW()-1), "")}
A7: {=IF(E7="","",IF(E7<>"",INDEX(APU!A:A,E7),""))} | B7: {=IF(A7="", "", IF(E7<>"", IF(INDEX(APU!B:B, E7)="", "", INDEX(APU!B:B, E7)), ""))} | C7: {=IF(A7="", "", IF(E7<>"", IF(INDEX(APU!C:C, E7)="", "", INDEX(APU!C:C, E7)), ""))} | D7: {=IF(A7="", "", IF(E7<>"", IF(INDEX(APU!D:D, E7)="", "", INDEX(APU!D:D, E7)), ""))} | E7: {=IFERROR(SMALL(IF(APU!A:A<>"", ROW(APU!A:A)), ROW()-1), "")}
A8: {=IF(E8="","",IF(E8<>"",INDEX(APU!A:A,E8),""))} | B8: {=IF(A8="", "", IF(E8<>"", IF(INDEX(APU!B:B, E8)="", "", INDEX(APU!B:B, E8)), ""))} | C8: {=IF(A8="", "", IF(E8<>"", IF(INDEX(APU!C:C, E8)="", "", INDEX(APU!C:C, E8)), ""))} | D8: {=IF(A8="", "", IF(E8<>"", IF(INDEX(APU!D:D, E8)="", "", INDEX(APU!D:D, E8)), ""))} | E8: {=IFERROR(SMALL(IF(APU!A:A<>"", ROW(APU!A:A)), ROW()-1), "")}
A9: {=IF(E9="","",IF(E9<>"",INDEX(APU!A:A,E9),""))} | B9: {=IF(A9="", "", IF(E9<>"", IF(INDEX(APU!B:B, E9)="", "", INDEX(APU!B:B, E9)), ""))} | C9: {=IF(A9="", "", IF(E9<>"", IF(INDEX(APU!C:C, E9)="", "", INDEX(APU!C:C, E9)), ""))} | D9: {=IF(A9="", "", IF(E9<>"", IF(INDEX(APU!D:D, E9)="", "", INDEX(APU!D:D, E9)), ""))} | E9: {=IFERROR(SMALL(IF(APU!A:A<>"", ROW(APU!A:A)), ROW()-1), "")}
A10: {=IF(E10="","",IF(E10<>"",INDEX(APU!A:A,E10),""))} | B10: {=IF(A10="", "", IF(E10<>"", IF(INDEX(APU!B:B, E10)="", "", INDEX(APU!B:B, E10)), ""))} | C10: {=IF(A10="", "", IF(E10<>"", IF(INDEX(APU!C:C, E10)="", "", INDEX(APU!C:C, E10)), ""))} | D10: {=IF(A10="", "", IF(E10<>"", IF(INDEX(APU!D:D, E10)="", "", INDEX(APU!D:D, E10)), ""))} | E10: {=IFERROR(SMALL(IF(APU!A:A<>"", ROW(APU!A:A)), ROW()-1), "")}
A11: {=IF(E11="","",IF(E11<>"",INDEX(APU!A:A,E11),""))} | B11: {=IF(A11="", "", IF(E11<>"", IF(INDEX(APU!B:B, E11)="", "", INDEX(APU!B:B, E11)), ""))} | C11: {=IF(A11="", "", IF(E11<>"", IF(INDEX(APU!C:C, E11)="", "", INDEX(APU!C:C, E11)), ""))} | D11: {=IF(A11="", "", IF(E11<>"", IF(INDEX(APU!D:D, E11)="", "", INDEX(APU!D:D, E11)), ""))} | E11: {=IFERROR(SMALL(IF(APU!A:A<>"", ROW(APU!A:A)), ROW()-1), "")}
A12: {=IF(E12="","",IF(E12<>"",INDEX(APU!A:A,E12),""))} | B12: {=IF(A12="", "", IF(E12<>"", IF(INDEX(APU!B:B, E12)="", "", INDEX(APU!B:B, E12)), ""))} | C12: {=IF(A12="", "", IF(E12<>"", IF(INDEX(APU!C:C, E12)="", "", INDEX(APU!C:C, E12)), ""))} | D12: {=IF(A12="", "", IF(E12<>"", IF(INDEX(APU!D:D, E12)="", "", INDEX(APU!D:D, E12)), ""))} | E12: {=IFERROR(SMALL(IF(APU!A:A<>"", ROW(APU!A:A)), ROW()-1), "")}
A13: {=IF(E13="","",IF(E13<>"",INDEX(APU!A:A,E13),""))} | B13: {=IF(A13="", "", IF(E13<>"", IF(INDEX(APU!B:B, E13)="", "", INDEX(APU!B:B, E13)), ""))} | C13: {=IF(A13="", "", IF(E13<>"", IF(INDEX(APU!C:C, E13)="", "", INDEX(APU!C:C, E13)), ""))} | D13: {=IF(A13="", "", IF(E13<>"", IF(INDEX(APU!D:D, E13)="", "", INDEX(APU!D:D, E13)), ""))} | E13: {=IFERROR(SMALL(IF(APU!A:A<>"", ROW(APU!A:A)), ROW()-1), "")}
... A100: {=IF(E100="","",IF(E100<>"",INDEX(APU!A:A,E100),""))} | B100: {=IF(A100="", "", IF(E100<>"", IF(INDEX(APU!B:B, E100)="", "", INDEX(APU!B:B, E100)), ""))} | C100: {=IF(A100="", "", IF(E100<>"", IF(INDEX(APU!C:C, E100)="", "", INDEX(APU!C:C, E100)), ""))} | D100: {=IF(A100="", "", IF(E100<>"", IF(INDEX(APU!D:D, E100)="", "", INDEX(APU!D:D, E100)), ""))} | E100: {=IFERROR(SMALL(IF(APU!A:A<>"", ROW(APU!A:A)), ROW()-1), "")}
