Workbook
Name Suppl_Rent_Final: Final_Data!$A$1:$C$100

Sheet SF_Data

Sheet Sheet1
A1: SRU Name | B1: Rate Type | C1: MR Total | D1: Effective Rate | E1: Net Units | F1: Effective Unit | G1: Serial Number | H1: Utilization Name | I1: Combine Data
A2: =IF(SF_Data!A2="","",SF_Data!A2) | B2: =IF(A2="","",SF_Data!H2) | C2: =IF(A2="", "", IF(B2="MAX", INDEX(SF_Data!G:G, MATCH(SF_Data!K2, SF_Data!J:J, 0)), SF_Data!G2)) | D2: =IF(A2="","",IF(B2="MAX",IF(E2=0,INDEX(SF_Data!L:L,MATCH(SF_Data!K2,SF_Data!J:J,0)),INDEX(SF_Data!E:E,MATCH(SF_Data!K2,SF_Data!J:J,0))),IF(E2=0,SF_Data!L2,SF_Data!E2))) | E2: =IF(A2="", "", IF(B2="MAX", INDEX(SF_Data!F:F, MATCH(SF_Data!K2, SF_Data!J:J, 0)), SF_Data!F2)) | F2: =IF(A2="", "", IF(B2="MAX", INDEX(SF_Data!D:D, MATCH(SF_Data!K2, SF_Data!J:J, 0)), SF_Data!D2)) | G2: =IF(A2="","",SF_Data!C2) | H2: =IF(A2="","",SF_Data!M2) | I2: =IF(A2="", "", TEXT(A2,"@")&"|"&TEXT(B2,"@")&"|"&TEXT(C2,"@")&"|"&TEXT(D2,"@")&"|"&TEXT(E2,"@")&"|"&TEXT(F2,"@")&"|"&TEXT(G2,"@")&"|"&TEXT(H2,"@")) | J2: =IF(A2="", "", IF(COUNTIF($I$2:I2, I2)=1, "Unique", IF(AND(COUNTIF($I$2:I2, I2)>1, B2="MAX"), "Duplicate", "Unique"))) | K2: =IF(J2="Unique", ROW(), "")
A3: =IF(SF_Data!A3="","",SF_Data!A3) | B3: =IF(A3="","",SF_Data!H3) | C3: =IF(A3="", "", IF(B3="MAX", INDEX(SF_Data!G:G, MATCH(SF_Data!K3, SF_Data!J:J, 0)), SF_Data!G3)) | D3: =IF(A3="","",IF(B3="MAX",IF(E3=0,INDEX(SF_Data!L:L,MATCH(SF_Data!K3,SF_Data!J:J,0)),INDEX(SF_Data!E:E,MATCH(SF_Data!K3,SF_Data!J:J,0))),IF(E3=0,SF_Data!L3,SF_Data!E3))) | E3: =IF(A3="", "", IF(B3="MAX", INDEX(SF_Data!F:F, MATCH(SF_Data!K3, SF_Data!J:J, 0)), SF_Data!F3)) | F3: =IF(A3="", "", IF(B3="MAX", INDEX(SF_Data!D:D, MATCH(SF_Data!K3, SF_Data!J:J, 0)), SF_Data!D3)) | G3: =IF(A3="","",SF_Data!C3) | H3: =IF(A3="","",SF_Data!M3) | I3: =IF(A3="", "", TEXT(A3,"@")&"|"&TEXT(B3,"@")&"|"&TEXT(C3,"@")&"|"&TEXT(D3,"@")&"|"&TEXT(E3,"@")&"|"&TEXT(F3,"@")&"|"&TEXT(G3,"@")&"|"&TEXT(H3,"@")) | J3: =IF(A3="", "", IF(COUNTIF($I$2:I3, I3)=1, "Unique", IF(AND(COUNTIF($I$2:I3, I3)>1, B3="MAX"), "Duplicate", "Unique"))) | K3: =IF(J3="Unique", ROW(), "")
A4: =IF(SF_Data!A4="","",SF_Data!A4) | B4: =IF(A4="","",SF_Data!H4) | C4: =IF(A4="", "", IF(B4="MAX", INDEX(SF_Data!G:G, MATCH(SF_Data!K4, SF_Data!J:J, 0)), SF_Data!G4)) | D4: =IF(A4="","",IF(B4="MAX",IF(E4=0,INDEX(SF_Data!L:L,MATCH(SF_Data!K4,SF_Data!J:J,0)),INDEX(SF_Data!E:E,MATCH(SF_Data!K4,SF_Data!J:J,0))),IF(E4=0,SF_Data!L4,SF_Data!E4))) | E4: =IF(A4="", "", IF(B4="MAX", INDEX(SF_Data!F:F, MATCH(SF_Data!K4, SF_Data!J:J, 0)), SF_Data!F4)) | F4: =IF(A4="", "", IF(B4="MAX", INDEX(SF_Data!D:D, MATCH(SF_Data!K4, SF_Data!J:J, 0)), SF_Data!D4)) | G4: =IF(A4="","",SF_Data!C4) | H4: =IF(A4="","",SF_Data!M4) | I4: =IF(A4="", "", TEXT(A4,"@")&"|"&TEXT(B4,"@")&"|"&TEXT(C4,"@")&"|"&TEXT(D4,"@")&"|"&TEXT(E4,"@")&"|"&TEXT(F4,"@")&"|"&TEXT(G4,"@")&"|"&TEXT(H4,"@")) | J4: =IF(A4="", "", IF(COUNTIF($I$2:I4, I4)=1, "Unique", IF(AND(COUNTIF($I$2:I4, I4)>1, B4="MAX"), "Duplicate", "Unique"))) | K4: =IF(J4="Unique", ROW(), "")
A5: =IF(SF_Data!A5="","",SF_Data!A5) | B5: =IF(A5="","",SF_Data!H5) | C5: =IF(A5="", "", IF(B5="MAX", INDEX(SF_Data!G:G, MATCH(SF_Data!K5, SF_Data!J:J, 0)), SF_Data!G5)) | D5: =IF(A5="","",IF(B5="MAX",IF(E5=0,INDEX(SF_Data!L:L,MATCH(SF_Data!K5,SF_Data!J:J,0)),INDEX(SF_Data!E:E,MATCH(SF_Data!K5,SF_Data!J:J,0))),IF(E5=0,SF_Data!L5,SF_Data!E5))) | E5: =IF(A5="", "", IF(B5="MAX", INDEX(SF_Data!F:F, MATCH(SF_Data!K5, SF_Data!J:J, 0)), SF_Data!F5)) | F5: =IF(A5="", "", IF(B5="MAX", INDEX(SF_Data!D:D, MATCH(SF_Data!K5, SF_Data!J:J, 0)), SF_Data!D5)) | G5: =IF(A5="","",SF_Data!C5) | H5: =IF(A5="","",SF_Data!M5) | I5: =IF(A5="", "", TEXT(A5,"@")&"|"&TEXT(B5,"@")&"|"&TEXT(C5,"@")&"|"&TEXT(D5,"@")&"|"&TEXT(E5,"@")&"|"&TEXT(F5,"@")&"|"&TEXT(G5,"@")&"|"&TEXT(H5,"@")) | J5: =IF(A5="", "", IF(COUNTIF($I$2:I5, I5)=1, "Unique", IF(AND(COUNTIF($I$2:I5, I5)>1, B5="MAX"), "Duplicate", "Unique"))) | K5: =IF(J5="Unique", ROW(), "")
A6: =IF(SF_Data!A6="","",SF_Data!A6) | B6: =IF(A6="","",SF_Data!H6) | C6: =IF(A6="", "", IF(B6="MAX", INDEX(SF_Data!G:G, MATCH(SF_Data!K6, SF_Data!J:J, 0)), SF_Data!G6)) | D6: =IF(A6="","",IF(B6="MAX",IF(E6=0,INDEX(SF_Data!L:L,MATCH(SF_Data!K6,SF_Data!J:J,0)),INDEX(SF_Data!E:E,MATCH(SF_Data!K6,SF_Data!J:J,0))),IF(E6=0,SF_Data!L6,SF_Data!E6))) | E6: =IF(A6="", "", IF(B6="MAX", INDEX(SF_Data!F:F, MATCH(SF_Data!K6, SF_Data!J:J, 0)), SF_Data!F6)) | F6: =IF(A6="", "", IF(B6="MAX", INDEX(SF_Data!D:D, MATCH(SF_Data!K6, SF_Data!J:J, 0)), SF_Data!D6)) | G6: =IF(A6="","",SF_Data!C6) | H6: =IF(A6="","",SF_Data!M6) | I6: =IF(A6="", "", TEXT(A6,"@")&"|"&TEXT(B6,"@")&"|"&TEXT(C6,"@")&"|"&TEXT(D6,"@")&"|"&TEXT(E6,"@")&"|"&TEXT(F6,"@")&"|"&TEXT(G6,"@")&"|"&TEXT(H6,"@")) | J6: =IF(A6="", "", IF(COUNTIF($I$2:I6, I6)=1, "Unique", IF(AND(COUNTIF($I$2:I6, I6)>1, B6="MAX"), "Duplicate", "Unique"))) | K6: =IF(J6="Unique", ROW(), "")
A7: =IF(SF_Data!A7="","",SF_Data!A7) | B7: =IF(A7="","",SF_Data!H7) | C7: =IF(A7="", "", IF(B7="MAX", INDEX(SF_Data!G:G, MATCH(SF_Data!K7, SF_Data!J:J, 0)), SF_Data!G7)) | D7: =IF(A7="","",IF(B7="MAX",IF(E7=0,INDEX(SF_Data!L:L,MATCH(SF_Data!K7,SF_Data!J:J,0)),INDEX(SF_Data!E:E,MATCH(SF_Data!K7,SF_Data!J:J,0))),IF(E7=0,SF_Data!L7,SF_Data!E7))) | E7: =IF(A7="", "", IF(B7="MAX", INDEX(SF_Data!F:F, MATCH(SF_Data!K7, SF_Data!J:J, 0)), SF_Data!F7)) | F7: =IF(A7="", "", IF(B7="MAX", INDEX(SF_Data!D:D, MATCH(SF_Data!K7, SF_Data!J:J, 0)), SF_Data!D7)) | G7: =IF(A7="","",SF_Data!C7) | H7: =IF(A7="","",SF_Data!M7) | I7: =IF(A7="", "", TEXT(A7,"@")&"|"&TEXT(B7,"@")&"|"&TEXT(C7,"@")&"|"&TEXT(D7,"@")&"|"&TEXT(E7,"@")&"|"&TEXT(F7,"@")&"|"&TEXT(G7,"@")&"|"&TEXT(H7,"@")) | J7: =IF(A7="", "", IF(COUNTIF($I$2:I7, I7)=1, "Unique", IF(AND(COUNTIF($I$2:I7, I7)>1, B7="MAX"), "Duplicate", "Unique"))) | K7: =IF(J7="Unique", ROW(), "")
A8: =IF(SF_Data!A8="","",SF_Data!A8) | B8: =IF(A8="","",SF_Data!H8) | C8: =IF(A8="", "", IF(B8="MAX", INDEX(SF_Data!G:G, MATCH(SF_Data!K8, SF_Data!J:J, 0)), SF_Data!G8)) | D8: =IF(A8="","",IF(B8="MAX",IF(E8=0,INDEX(SF_Data!L:L,MATCH(SF_Data!K8,SF_Data!J:J,0)),INDEX(SF_Data!E:E,MATCH(SF_Data!K8,SF_Data!J:J,0))),IF(E8=0,SF_Data!L8,SF_Data!E8))) | E8: =IF(A8="", "", IF(B8="MAX", INDEX(SF_Data!F:F, MATCH(SF_Data!K8, SF_Data!J:J, 0)), SF_Data!F8)) | F8: =IF(A8="", "", IF(B8="MAX", INDEX(SF_Data!D:D, MATCH(SF_Data!K8, SF_Data!J:J, 0)), SF_Data!D8)) | G8: =IF(A8="","",SF_Data!C8) | H8: =IF(A8="","",SF_Data!M8) | I8: =IF(A8="", "", TEXT(A8,"@")&"|"&TEXT(B8,"@")&"|"&TEXT(C8,"@")&"|"&TEXT(D8,"@")&"|"&TEXT(E8,"@")&"|"&TEXT(F8,"@")&"|"&TEXT(G8,"@")&"|"&TEXT(H8,"@")) | J8: =IF(A8="", "", IF(COUNTIF($I$2:I8, I8)=1, "Unique", IF(AND(COUNTIF($I$2:I8, I8)>1, B8="MAX"), "Duplicate", "Unique"))) | K8: =IF(J8="Unique", ROW(), "")
A9: =IF(SF_Data!A9="","",SF_Data!A9) | B9: =IF(A9="","",SF_Data!H9) | C9: =IF(A9="", "", IF(B9="MAX", INDEX(SF_Data!G:G, MATCH(SF_Data!K9, SF_Data!J:J, 0)), SF_Data!G9)) | D9: =IF(A9="","",IF(B9="MAX",IF(E9=0,INDEX(SF_Data!L:L,MATCH(SF_Data!K9,SF_Data!J:J,0)),INDEX(SF_Data!E:E,MATCH(SF_Data!K9,SF_Data!J:J,0))),IF(E9=0,SF_Data!L9,SF_Data!E9))) | E9: =IF(A9="", "", IF(B9="MAX", INDEX(SF_Data!F:F, MATCH(SF_Data!K9, SF_Data!J:J, 0)), SF_Data!F9)) | F9: =IF(A9="", "", IF(B9="MAX", INDEX(SF_Data!D:D, MATCH(SF_Data!K9, SF_Data!J:J, 0)), SF_Data!D9)) | G9: =IF(A9="","",SF_Data!C9) | H9: =IF(A9="","",SF_Data!M9) | I9: =IF(A9="", "", TEXT(A9,"@")&"|"&TEXT(B9,"@")&"|"&TEXT(C9,"@")&"|"&TEXT(D9,"@")&"|"&TEXT(E9,"@")&"|"&TEXT(F9,"@")&"|"&TEXT(G9,"@")&"|"&TEXT(H9,"@")) | J9: =IF(A9="", "", IF(COUNTIF($I$2:I9, I9)=1, "Unique", IF(AND(COUNTIF($I$2:I9, I9)>1, B9="MAX"), "Duplicate", "Unique"))) | K9: =IF(J9="Unique", ROW(), "")
A10: =IF(SF_Data!A10="","",SF_Data!A10) | B10: =IF(A10="","",SF_Data!H10) | C10: =IF(A10="", "", IF(B10="MAX", INDEX(SF_Data!G:G, MATCH(SF_Data!K10, SF_Data!J:J, 0)), SF_Data!G10)) | D10: =IF(A10="","",IF(B10="MAX",IF(E10=0,INDEX(SF_Data!L:L,MATCH(SF_Data!K10,SF_Data!J:J,0)),INDEX(SF_Data!E:E,MATCH(SF_Data!K10,SF_Data!J:J,0))),IF(E10=0,SF_Data!L10,SF_Data!E10))) | E10: =IF(A10="", "", IF(B10="MAX", INDEX(SF_Data!F:F, MATCH(SF_Data!K10, SF_Data!J:J, 0)), SF_Data!F10)) | F10: =IF(A10="", "", IF(B10="MAX", INDEX(SF_Data!D:D, MATCH(SF_Data!K10, SF_Data!J:J, 0)), SF_Data!D10)) | G10: =IF(A10="","",SF_Data!C10) | H10: =IF(A10="","",SF_Data!M10) | I10: =IF(A10="", "", TEXT(A10,"@")&"|"&TEXT(B10,"@")&"|"&TEXT(C10,"@")&"|"&TEXT(D10,"@")&"|"&TEXT(E10,"@")&"|"&TEXT(F10,"@")&"|"&TEXT(G10,"@")&"|"&TEXT(H10,"@")) | J10: =IF(A10="", "", IF(COUNTIF($I$2:I10, I10)=1, "Unique", IF(AND(COUNTIF($I$2:I10, I10)>1, B10="MAX"), "Duplicate", "Unique"))) | K10: =IF(J10="Unique", ROW(), "")
A11: =IF(SF_Data!A11="","",SF_Data!A11) | B11: =IF(A11="","",SF_Data!H11) | C11: =IF(A11="", "", IF(B11="MAX", INDEX(SF_Data!G:G, MATCH(SF_Data!K11, SF_Data!J:J, 0)), SF_Data!G11)) | D11: =IF(A11="","",IF(B11="MAX",IF(E11=0,INDEX(SF_Data!L:L,MATCH(SF_Data!K11,SF_Data!J:J,0)),INDEX(SF_Data!E:E,MATCH(SF_Data!K11,SF_Data!J:J,0))),IF(E11=0,SF_Data!L11,SF_Data!E11))) | E11: =IF(A11="", "", IF(B11="MAX", INDEX(SF_Data!F:F, MATCH(SF_Data!K11, SF_Data!J:J, 0)), SF_Data!F11)) | F11: =IF(A11="", "", IF(B11="MAX", INDEX(SF_Data!D:D, MATCH(SF_Data!K11, SF_Data!J:J, 0)), SF_Data!D11)) | G11: =IF(A11="","",SF_Data!C11) | H11: =IF(A11="","",SF_Data!M11) | I11: =IF(A11="", "", TEXT(A11,"@")&"|"&TEXT(B11,"@")&"|"&TEXT(C11,"@")&"|"&TEXT(D11,"@")&"|"&TEXT(E11,"@")&"|"&TEXT(F11,"@")&"|"&TEXT(G11,"@")&"|"&TEXT(H11,"@")) | J11: =IF(A11="", "", IF(COUNTIF($I$2:I11, I11)=1, "Unique", IF(AND(COUNTIF($I$2:I11, I11)>1, B11="MAX"), "Duplicate", "Unique"))) | K11: =IF(J11="Unique", ROW(), "")
A12: =IF(SF_Data!A12="","",SF_Data!A12) | B12: =IF(A12="","",SF_Data!H12) | C12: =IF(A12="", "", IF(B12="MAX", INDEX(SF_Data!G:G, MATCH(SF_Data!K12, SF_Data!J:J, 0)), SF_Data!G12)) | D12: =IF(A12="","",IF(B12="MAX",IF(E12=0,INDEX(SF_Data!L:L,MATCH(SF_Data!K12,SF_Data!J:J,0)),INDEX(SF_Data!E:E,MATCH(SF_Data!K12,SF_Data!J:J,0))),IF(E12=0,SF_Data!L12,SF_Data!E12))) | E12: =IF(A12="", "", IF(B12="MAX", INDEX(SF_Data!F:F, MATCH(SF_Data!K12, SF_Data!J:J, 0)), SF_Data!F12)) | F12: =IF(A12="", "", IF(B12="MAX", INDEX(SF_Data!D:D, MATCH(SF_Data!K12, SF_Data!J:J, 0)), SF_Data!D12)) | G12: =IF(A12="","",SF_Data!C12) | H12: =IF(A12="","",SF_Data!M12) | I12: =IF(A12="", "", TEXT(A12,"@")&"|"&TEXT(B12,"@")&"|"&TEXT(C12,"@")&"|"&TEXT(D12,"@")&"|"&TEXT(E12,"@")&"|"&TEXT(F12,"@")&"|"&TEXT(G12,"@")&"|"&TEXT(H12,"@")) | J12: =IF(A12="", "", IF(COUNTIF($I$2:I12, I12)=1, "Unique", IF(AND(COUNTIF($I$2:I12, I12)>1, B12="MAX"), "Duplicate", "Unique"))) | K12: =IF(J12="Unique", ROW(), "")
A13: =IF(SF_Data!A13="","",SF_Data!A13) | B13: =IF(A13="","",SF_Data!H13) | C13: =IF(A13="", "", IF(B13="MAX", INDEX(SF_Data!G:G, MATCH(SF_Data!K13, SF_Data!J:J, 0)), SF_Data!G13)) | D13: =IF(A13="","",IF(B13="MAX",IF(E13=0,INDEX(SF_Data!L:L,MATCH(SF_Data!K13,SF_Data!J:J,0)),INDEX(SF_Data!E:E,MATCH(SF_Data!K13,SF_Data!J:J,0))),IF(E13=0,SF_Data!L13,SF_Data!E13))) | E13: =IF(A13="", "", IF(B13="MAX", INDEX(SF_Data!F:F, MATCH(SF_Data!K13, SF_Data!J:J, 0)), SF_Data!F13)) | F13: =IF(A13="", "", IF(B13="MAX", INDEX(SF_Data!D:D, MATCH(SF_Data!K13, SF_Data!J:J, 0)), SF_Data!D13)) | G13: =IF(A13="","",SF_Data!C13) | H13: =IF(A13="","",SF_Data!M13) | I13: =IF(A13="", "", TEXT(A13,"@")&"|"&TEXT(B13,"@")&"|"&TEXT(C13,"@")&"|"&TEXT(D13,"@")&"|"&TEXT(E13,"@")&"|"&TEXT(F13,"@")&"|"&TEXT(G13,"@")&"|"&TEXT(H13,"@")) | J13: =IF(A13="", "", IF(COUNTIF($I$2:I13, I13)=1, "Unique", IF(AND(COUNTIF($I$2:I13, I13)>1, B13="MAX"), "Duplicate", "Unique"))) | K13: =IF(J13="Unique", ROW(), "")
... A100: =IF(SF_Data!A100="","",SF_Data!A100) | B100: =IF(A100="","",SF_Data!H100) | C100: =IF(A100="", "", IF(B100="MAX", INDEX(SF_Data!G:G, MATCH(SF_Data!K100, SF_Data!J:J, 0)), SF_Data!G100)) | D100: =IF(A100="","",IF(B100="MAX",IF(E100=0,INDEX(SF_Data!L:L,MATCH(SF_Data!K100,SF_Data!J:J,0)),INDEX(SF_Data!E:E,MATCH(SF_Data!K100,SF_Data!J:J,0))),IF(E100=0,SF_Data!L100,SF_Data!E100))) | E100: =IF(A100="", "", IF(B100="MAX", INDEX(SF_Data!F:F, MATCH(SF_Data!K100, SF_Data!J:J, 0)), SF_Data!F100)) | F100: =IF(A100="", "", IF(B100="MAX", INDEX(SF_Data!D:D, MATCH(SF_Data!K100, SF_Data!J:J, 0)), SF_Data!D100)) | G100: =IF(A100="","",SF_Data!C100) | H100: =IF(A100="","",SF_Data!M100) | I100: =IF(A100="", "", TEXT(A100,"@")&"|"&TEXT(B100,"@")&"|"&TEXT(C100,"@")&"|"&TEXT(D100,"@")&"|"&TEXT(E100,"@")&"|"&TEXT(F100,"@")&"|"&TEXT(G100,"@")&"|"&TEXT(H100,"@")) | J100: =IF(A100="", "", IF(COUNTIF($I$2:I100, I100)=1, "Unique", IF(AND(COUNTIF($I$2:I100, I100)>1, B100="MAX"), "Duplicate", "Unique"))) | K100: =IF(J100="Unique", ROW(), "")

Sheet Sheet2
K1: SRU Name | L1: MR Total | M1: Effective rate | N1: Net Units | O1: Effective Unit | P1: Serial Number
A2: =IFERROR(SMALL(Sheet1!K:K, ROW(A1)), "") | B2: {=IF(A2="", "", INDEX(Sheet1!$A:$A, A2, ))} | C2: {=IF(A2="", "", INDEX(Sheet1!$B:$B, A2, ))} | D2: {=IF(A2="", "", INDEX(Sheet1!$C:$C, A2, ))} | E2: {=IF(A2="", "", INDEX(Sheet1!$D:$D, A2, ))} | F2: {=IF(A2="", "", INDEX(Sheet1!$E:$E, A2, ))} | G2: {=IF(A2="", "", INDEX(Sheet1!$F:$F, A2, ))} | H2: {=IF(A2="", "", INDEX(Sheet1!$G:$G, A2, ))} | I2: {=IF(A2="", "", INDEX(Sheet1!$H:$H, A2, ))} | J2: =IF(I2=I1,"",I2) | K2: =IF(J2="","",B2) | L2: =IF(B2="","",D2) | M2: =IF(B2="","",E2) | N2: =IF(B2="","",F2) | O2: =IF(B2="","",G2) | P2: =IF(B2="","",H2)
A3: =IFERROR(SMALL(Sheet1!K:K, ROW(A2)), "") | B3: {=IF(A3="", "", INDEX(Sheet1!$A:$A, A3, ))} | C3: {=IF(A3="", "", INDEX(Sheet1!$B:$B, A3, ))} | D3: {=IF(A3="", "", INDEX(Sheet1!$C:$C, A3, ))} | E3: {=IF(A3="", "", INDEX(Sheet1!$D:$D, A3, ))} | F3: {=IF(A3="", "", INDEX(Sheet1!$E:$E, A3, ))} | G3: {=IF(A3="", "", INDEX(Sheet1!$F:$F, A3, ))} | H3: {=IF(A3="", "", INDEX(Sheet1!$G:$G, A3, ))} | I3: {=IF(A3="", "", INDEX(Sheet1!$H:$H, A3, ))} | J3: =IF(I3=I2,"",I3) | K3: =IF(J3="","",B3) | L3: =IF(B3="","",D3) | M3: =IF(B3="","",E3) | N3: =IF(B3="","",F3) | O3: =IF(B3="","",G3) | P3: =IF(B3="","",H3)
A4: =IFERROR(SMALL(Sheet1!K:K, ROW(A3)), "") | B4: {=IF(A4="", "", INDEX(Sheet1!$A:$A, A4, ))} | C4: {=IF(A4="", "", INDEX(Sheet1!$B:$B, A4, ))} | D4: {=IF(A4="", "", INDEX(Sheet1!$C:$C, A4, ))} | E4: {=IF(A4="", "", INDEX(Sheet1!$D:$D, A4, ))} | F4: {=IF(A4="", "", INDEX(Sheet1!$E:$E, A4, ))} | G4: {=IF(A4="", "", INDEX(Sheet1!$F:$F, A4, ))} | H4: {=IF(A4="", "", INDEX(Sheet1!$G:$G, A4, ))} | I4: {=IF(A4="", "", INDEX(Sheet1!$H:$H, A4, ))} | J4: =IF(I4=I3,"",I4) | K4: =IF(J4="","",B4) | L4: =IF(B4="","",D4) | M4: =IF(B4="","",E4) | N4: =IF(B4="","",F4) | O4: =IF(B4="","",G4) | P4: =IF(B4="","",H4)
A5: =IFERROR(SMALL(Sheet1!K:K, ROW(A4)), "") | B5: {=IF(A5="", "", INDEX(Sheet1!$A:$A, A5, ))} | C5: {=IF(A5="", "", INDEX(Sheet1!$B:$B, A5, ))} | D5: {=IF(A5="", "", INDEX(Sheet1!$C:$C, A5, ))} | E5: {=IF(A5="", "", INDEX(Sheet1!$D:$D, A5, ))} | F5: {=IF(A5="", "", INDEX(Sheet1!$E:$E, A5, ))} | G5: {=IF(A5="", "", INDEX(Sheet1!$F:$F, A5, ))} | H5: {=IF(A5="", "", INDEX(Sheet1!$G:$G, A5, ))} | I5: {=IF(A5="", "", INDEX(Sheet1!$H:$H, A5, ))} | J5: =IF(I5=I4,"",I5) | K5: =IF(J5="","",B5) | L5: =IF(B5="","",D5) | M5: =IF(B5="","",E5) | N5: =IF(B5="","",F5) | O5: =IF(B5="","",G5) | P5: =IF(B5="","",H5)
A6: =IFERROR(SMALL(Sheet1!K:K, ROW(A5)), "") | B6: {=IF(A6="", "", INDEX(Sheet1!$A:$A, A6, ))} | C6: {=IF(A6="", "", INDEX(Sheet1!$B:$B, A6, ))} | D6: {=IF(A6="", "", INDEX(Sheet1!$C:$C, A6, ))} | E6: {=IF(A6="", "", INDEX(Sheet1!$D:$D, A6, ))} | F6: {=IF(A6="", "", INDEX(Sheet1!$E:$E, A6, ))} | G6: {=IF(A6="", "", INDEX(Sheet1!$F:$F, A6, ))} | H6: {=IF(A6="", "", INDEX(Sheet1!$G:$G, A6, ))} | I6: {=IF(A6="", "", INDEX(Sheet1!$H:$H, A6, ))} | J6: =IF(I6=I5,"",I6) | K6: =IF(J6="","",B6) | L6: =IF(B6="","",D6) | M6: =IF(B6="","",E6) | N6: =IF(B6="","",F6) | O6: =IF(B6="","",G6) | P6: =IF(B6="","",H6)
A7: =IFERROR(SMALL(Sheet1!K:K, ROW(A6)), "") | B7: {=IF(A7="", "", INDEX(Sheet1!$A:$A, A7, ))} | C7: {=IF(A7="", "", INDEX(Sheet1!$B:$B, A7, ))} | D7: {=IF(A7="", "", INDEX(Sheet1!$C:$C, A7, ))} | E7: {=IF(A7="", "", INDEX(Sheet1!$D:$D, A7, ))} | F7: {=IF(A7="", "", INDEX(Sheet1!$E:$E, A7, ))} | G7: {=IF(A7="", "", INDEX(Sheet1!$F:$F, A7, ))} | H7: {=IF(A7="", "", INDEX(Sheet1!$G:$G, A7, ))} | I7: {=IF(A7="", "", INDEX(Sheet1!$H:$H, A7, ))} | J7: =IF(I7=I6,"",I7) | K7: =IF(J7="","",B7) | L7: =IF(B7="","",D7) | M7: =IF(B7="","",E7) | N7: =IF(B7="","",F7) | O7: =IF(B7="","",G7) | P7: =IF(B7="","",H7)
A8: =IFERROR(SMALL(Sheet1!K:K, ROW(A7)), "") | B8: {=IF(A8="", "", INDEX(Sheet1!$A:$A, A8, ))} | C8: {=IF(A8="", "", INDEX(Sheet1!$B:$B, A8, ))} | D8: {=IF(A8="", "", INDEX(Sheet1!$C:$C, A8, ))} | E8: {=IF(A8="", "", INDEX(Sheet1!$D:$D, A8, ))} | F8: {=IF(A8="", "", INDEX(Sheet1!$E:$E, A8, ))} | G8: {=IF(A8="", "", INDEX(Sheet1!$F:$F, A8, ))} | H8: {=IF(A8="", "", INDEX(Sheet1!$G:$G, A8, ))} | I8: {=IF(A8="", "", INDEX(Sheet1!$H:$H, A8, ))} | J8: =IF(I8=I7,"",I8) | K8: =IF(J8="","",B8) | L8: =IF(B8="","",D8) | M8: =IF(B8="","",E8) | N8: =IF(B8="","",F8) | O8: =IF(B8="","",G8) | P8: =IF(B8="","",H8)
A9: =IFERROR(SMALL(Sheet1!K:K, ROW(A8)), "") | B9: {=IF(A9="", "", INDEX(Sheet1!$A:$A, A9, ))} | C9: {=IF(A9="", "", INDEX(Sheet1!$B:$B, A9, ))} | D9: {=IF(A9="", "", INDEX(Sheet1!$C:$C, A9, ))} | E9: {=IF(A9="", "", INDEX(Sheet1!$D:$D, A9, ))} | F9: {=IF(A9="", "", INDEX(Sheet1!$E:$E, A9, ))} | G9: {=IF(A9="", "", INDEX(Sheet1!$F:$F, A9, ))} | H9: {=IF(A9="", "", INDEX(Sheet1!$G:$G, A9, ))} | I9: {=IF(A9="", "", INDEX(Sheet1!$H:$H, A9, ))} | J9: =IF(I9=I8,"",I9) | K9: =IF(J9="","",B9) | L9: =IF(B9="","",D9) | M9: =IF(B9="","",E9) | N9: =IF(B9="","",F9) | O9: =IF(B9="","",G9) | P9: =IF(B9="","",H9)
A10: =IFERROR(SMALL(Sheet1!K:K, ROW(A9)), "") | B10: {=IF(A10="", "", INDEX(Sheet1!$A:$A, A10, ))} | C10: {=IF(A10="", "", INDEX(Sheet1!$B:$B, A10, ))} | D10: {=IF(A10="", "", INDEX(Sheet1!$C:$C, A10, ))} | E10: {=IF(A10="", "", INDEX(Sheet1!$D:$D, A10, ))} | F10: {=IF(A10="", "", INDEX(Sheet1!$E:$E, A10, ))} | G10: {=IF(A10="", "", INDEX(Sheet1!$F:$F, A10, ))} | H10: {=IF(A10="", "", INDEX(Sheet1!$G:$G, A10, ))} | I10: {=IF(A10="", "", INDEX(Sheet1!$H:$H, A10, ))} | J10: =IF(I10=I9,"",I10) | K10: =IF(J10="","",B10) | L10: =IF(B10="","",D10) | M10: =IF(B10="","",E10) | N10: =IF(B10="","",F10) | O10: =IF(B10="","",G10) | P10: =IF(B10="","",H10)
A11: =IFERROR(SMALL(Sheet1!K:K, ROW(A10)), "") | B11: {=IF(A11="", "", INDEX(Sheet1!$A:$A, A11, ))} | C11: {=IF(A11="", "", INDEX(Sheet1!$B:$B, A11, ))} | D11: {=IF(A11="", "", INDEX(Sheet1!$C:$C, A11, ))} | E11: {=IF(A11="", "", INDEX(Sheet1!$D:$D, A11, ))} | F11: {=IF(A11="", "", INDEX(Sheet1!$E:$E, A11, ))} | G11: {=IF(A11="", "", INDEX(Sheet1!$F:$F, A11, ))} | H11: {=IF(A11="", "", INDEX(Sheet1!$G:$G, A11, ))} | I11: {=IF(A11="", "", INDEX(Sheet1!$H:$H, A11, ))} | J11: =IF(I11=I10,"",I11) | K11: =IF(J11="","",B11) | L11: =IF(B11="","",D11) | M11: =IF(B11="","",E11) | N11: =IF(B11="","",F11) | O11: =IF(B11="","",G11) | P11: =IF(B11="","",H11)
A12: =IFERROR(SMALL(Sheet1!K:K, ROW(A11)), "") | B12: {=IF(A12="", "", INDEX(Sheet1!$A:$A, A12, ))} | C12: {=IF(A12="", "", INDEX(Sheet1!$B:$B, A12, ))} | D12: {=IF(A12="", "", INDEX(Sheet1!$C:$C, A12, ))} | E12: {=IF(A12="", "", INDEX(Sheet1!$D:$D, A12, ))} | F12: {=IF(A12="", "", INDEX(Sheet1!$E:$E, A12, ))} | G12: {=IF(A12="", "", INDEX(Sheet1!$F:$F, A12, ))} | H12: {=IF(A12="", "", INDEX(Sheet1!$G:$G, A12, ))} | I12: {=IF(A12="", "", INDEX(Sheet1!$H:$H, A12, ))} | J12: =IF(I12=I11,"",I12) | K12: =IF(J12="","",B12) | L12: =IF(B12="","",D12) | M12: =IF(B12="","",E12) | N12: =IF(B12="","",F12) | O12: =IF(B12="","",G12) | P12: =IF(B12="","",H12)
A13: =IFERROR(SMALL(Sheet1!K:K, ROW(A12)), "") | B13: {=IF(A13="", "", INDEX(Sheet1!$A:$A, A13, ))} | C13: {=IF(A13="", "", INDEX(Sheet1!$B:$B, A13, ))} | D13: {=IF(A13="", "", INDEX(Sheet1!$C:$C, A13, ))} | E13: {=IF(A13="", "", INDEX(Sheet1!$D:$D, A13, ))} | F13: {=IF(A13="", "", INDEX(Sheet1!$E:$E, A13, ))} | G13: {=IF(A13="", "", INDEX(Sheet1!$F:$F, A13, ))} | H13: {=IF(A13="", "", INDEX(Sheet1!$G:$G, A13, ))} | I13: {=IF(A13="", "", INDEX(Sheet1!$H:$H, A13, ))} | J13: =IF(I13=I12,"",I13) | K13: =IF(J13="","",B13) | L13: =IF(B13="","",D13) | M13: =IF(B13="","",E13) | N13: =IF(B13="","",F13) | O13: =IF(B13="","",G13) | P13: =IF(B13="","",H13)
... A86: =IFERROR(SMALL(Sheet1!K:K, ROW(A85)), "") | B86: {=IF(A86="", "", INDEX(Sheet1!$A:$A, A86, ))} | C86: {=IF(A86="", "", INDEX(Sheet1!$B:$B, A86, ))} | D86: {=IF(A86="", "", INDEX(Sheet1!$C:$C, A86, ))} | E86: {=IF(A86="", "", INDEX(Sheet1!$D:$D, A86, ))} | F86: {=IF(A86="", "", INDEX(Sheet1!$E:$E, A86, ))} | G86: {=IF(A86="", "", INDEX(Sheet1!$F:$F, A86, ))} | H86: {=IF(A86="", "", INDEX(Sheet1!$G:$G, A86, ))} | I86: {=IF(A86="", "", INDEX(Sheet1!$H:$H, A86, ))} | J86: =IF(I86=I85,"",I86) | K86: =IF(J86="","",B86) | L86: =IF(B86="","",D86) | M86: =IF(B86="","",E86) | N86: =IF(B86="","",F86) | O86: =IF(B86="","",G86) | P86: =IF(B86="","",H86)
A87: =IFERROR(SMALL(Sheet1!K:K, ROW(A86)), "") | B87: {=IF(A87="", "", INDEX(Sheet1!$A:$A, A87, ))} | D87: {=IF(A87="", "", INDEX(Sheet1!$C:$C, A87, ))} | E87: {=IF(A87="", "", INDEX(Sheet1!$D:$D, A87, ))} | F87: {=IF(A87="", "", INDEX(Sheet1!$E:$E, A87, ))} | G87: {=IF(A87="", "", INDEX(Sheet1!$F:$F, A87, ))} | H87: {=IF(A87="", "", INDEX(Sheet1!$G:$G, A87, ))} | I87: {=IF(A87="", "", INDEX(Sheet1!$H:$H, A87, ))} | J87: =IF(I87=I86,"",I87) | K87: =IF(J87="","",B87) | L87: =IF(B87="","",D87) | M87: =IF(B87="","",E87) | N87: =IF(B87="","",F87) | O87: =IF(B87="","",G87) | P87: =IF(B87="","",H87)
A88: =IFERROR(SMALL(Sheet1!K:K, ROW(A87)), "") | B88: {=IF(A88="", "", INDEX(Sheet1!$A:$A, A88, ))} | D88: {=IF(A88="", "", INDEX(Sheet1!$C:$C, A88, ))} | E88: {=IF(A88="", "", INDEX(Sheet1!$D:$D, A88, ))} | F88: {=IF(A88="", "", INDEX(Sheet1!$E:$E, A88, ))} | G88: {=IF(A88="", "", INDEX(Sheet1!$F:$F, A88, ))} | H88: {=IF(A88="", "", INDEX(Sheet1!$G:$G, A88, ))} | I88: {=IF(A88="", "", INDEX(Sheet1!$H:$H, A88, ))} | J88: =IF(I88=I87,"",I88) | K88: =IF(J88="","",B88) | L88: =IF(B88="","",D88) | M88: =IF(B88="","",E88) | N88: =IF(B88="","",F88) | O88: =IF(B88="","",G88) | P88: =IF(B88="","",H88)
A89: =IFERROR(SMALL(Sheet1!K:K, ROW(A88)), "") | B89: {=IF(A89="", "", INDEX(Sheet1!$A:$A, A89, ))} | D89: {=IF(A89="", "", INDEX(Sheet1!$C:$C, A89, ))} | E89: {=IF(A89="", "", INDEX(Sheet1!$D:$D, A89, ))} | F89: {=IF(A89="", "", INDEX(Sheet1!$E:$E, A89, ))} | G89: {=IF(A89="", "", INDEX(Sheet1!$F:$F, A89, ))} | H89: {=IF(A89="", "", INDEX(Sheet1!$G:$G, A89, ))} | I89: {=IF(A89="", "", INDEX(Sheet1!$H:$H, A89, ))} | J89: =IF(I89=I88,"",I89) | K89: =IF(J89="","",B89) | L89: =IF(B89="","",D89) | M89: =IF(B89="","",E89) | N89: =IF(B89="","",F89) | O89: =IF(B89="","",G89) | P89: =IF(B89="","",H89)
A90: =IFERROR(SMALL(Sheet1!K:K, ROW(A89)), "") | B90: {=IF(A90="", "", INDEX(Sheet1!$A:$A, A90, ))} | D90: {=IF(A90="", "", INDEX(Sheet1!$C:$C, A90, ))} | E90: {=IF(A90="", "", INDEX(Sheet1!$D:$D, A90, ))} | F90: {=IF(A90="", "", INDEX(Sheet1!$E:$E, A90, ))} | G90: {=IF(A90="", "", INDEX(Sheet1!$F:$F, A90, ))} | H90: {=IF(A90="", "", INDEX(Sheet1!$G:$G, A90, ))} | I90: {=IF(A90="", "", INDEX(Sheet1!$H:$H, A90, ))} | J90: =IF(I90=I89,"",I90) | K90: =IF(J90="","",B90) | L90: =IF(B90="","",D90) | M90: =IF(B90="","",E90) | N90: =IF(B90="","",F90) | O90: =IF(B90="","",G90) | P90: =IF(B90="","",H90)
A91: =IFERROR(SMALL(Sheet1!K:K, ROW(A90)), "") | B91: {=IF(A91="", "", INDEX(Sheet1!$A:$A, A91, ))} | D91: {=IF(A91="", "", INDEX(Sheet1!$C:$C, A91, ))} | E91: {=IF(A91="", "", INDEX(Sheet1!$D:$D, A91, ))} | F91: {=IF(A91="", "", INDEX(Sheet1!$E:$E, A91, ))} | G91: {=IF(A91="", "", INDEX(Sheet1!$F:$F, A91, ))} | H91: {=IF(A91="", "", INDEX(Sheet1!$G:$G, A91, ))} | I91: {=IF(A91="", "", INDEX(Sheet1!$H:$H, A91, ))} | J91: =IF(I91=I90,"",I91) | K91: =IF(J91="","",B91) | L91: =IF(B91="","",D91) | M91: =IF(B91="","",E91) | N91: =IF(B91="","",F91) | O91: =IF(B91="","",G91) | P91: =IF(B91="","",H91)
A92: =IFERROR(SMALL(Sheet1!K:K, ROW(A91)), "") | B92: {=IF(A92="", "", INDEX(Sheet1!$A:$A, A92, ))} | D92: {=IF(A92="", "", INDEX(Sheet1!$C:$C, A92, ))} | E92: {=IF(A92="", "", INDEX(Sheet1!$D:$D, A92, ))} | F92: {=IF(A92="", "", INDEX(Sheet1!$E:$E, A92, ))} | G92: {=IF(A92="", "", INDEX(Sheet1!$F:$F, A92, ))} | H92: {=IF(A92="", "", INDEX(Sheet1!$G:$G, A92, ))} | I92: {=IF(A92="", "", INDEX(Sheet1!$H:$H, A92, ))} | J92: =IF(I92=I91,"",I92) | K92: =IF(J92="","",B92) | L92: =IF(B92="","",D92) | M92: =IF(B92="","",E92) | N92: =IF(B92="","",F92) | O92: =IF(B92="","",G92) | P92: =IF(B92="","",H92)
A93: =IFERROR(SMALL(Sheet1!K:K, ROW(A92)), "") | B93: {=IF(A93="", "", INDEX(Sheet1!$A:$A, A93, ))} | D93: {=IF(A93="", "", INDEX(Sheet1!$C:$C, A93, ))} | E93: {=IF(A93="", "", INDEX(Sheet1!$D:$D, A93, ))} | F93: {=IF(A93="", "", INDEX(Sheet1!$E:$E, A93, ))} | G93: {=IF(A93="", "", INDEX(Sheet1!$F:$F, A93, ))} | H93: {=IF(A93="", "", INDEX(Sheet1!$G:$G, A93, ))} | I93: {=IF(A93="", "", INDEX(Sheet1!$H:$H, A93, ))} | J93: =IF(I93=I92,"",I93) | K93: =IF(J93="","",B93) | L93: =IF(B93="","",D93) | M93: =IF(B93="","",E93) | N93: =IF(B93="","",F93) | O93: =IF(B93="","",G93) | P93: =IF(B93="","",H93)
A94: =IFERROR(SMALL(Sheet1!K:K, ROW(A93)), "") | B94: {=IF(A94="", "", INDEX(Sheet1!$A:$A, A94, ))} | D94: {=IF(A94="", "", INDEX(Sheet1!$C:$C, A94, ))} | E94: {=IF(A94="", "", INDEX(Sheet1!$D:$D, A94, ))} | F94: {=IF(A94="", "", INDEX(Sheet1!$E:$E, A94, ))} | G94: {=IF(A94="", "", INDEX(Sheet1!$F:$F, A94, ))} | H94: {=IF(A94="", "", INDEX(Sheet1!$G:$G, A94, ))} | I94: {=IF(A94="", "", INDEX(Sheet1!$H:$H, A94, ))} | J94: =IF(I94=I93,"",I94) | K94: =IF(J94="","",B94) | L94: =IF(B94="","",D94) | M94: =IF(B94="","",E94) | N94: =IF(B94="","",F94) | O94: =IF(B94="","",G94) | P94: =IF(B94="","",H94)
A95: =IFERROR(SMALL(Sheet1!K:K, ROW(A94)), "") | B95: {=IF(A95="", "", INDEX(Sheet1!$A:$A, A95, ))} | D95: {=IF(A95="", "", INDEX(Sheet1!$C:$C, A95, ))} | E95: {=IF(A95="", "", INDEX(Sheet1!$D:$D, A95, ))} | F95: {=IF(A95="", "", INDEX(Sheet1!$E:$E, A95, ))} | G95: {=IF(A95="", "", INDEX(Sheet1!$F:$F, A95, ))} | H95: {=IF(A95="", "", INDEX(Sheet1!$G:$G, A95, ))} | I95: {=IF(A95="", "", INDEX(Sheet1!$H:$H, A95, ))} | J95: =IF(I95=I94,"",I95) | K95: =IF(J95="","",B95) | L95: =IF(B95="","",D95) | M95: =IF(B95="","",E95) | N95: =IF(B95="","",F95) | O95: =IF(B95="","",G95) | P95: =IF(B95="","",H95)
A96: =IFERROR(SMALL(Sheet1!K:K, ROW(A95)), "") | B96: {=IF(A96="", "", INDEX(Sheet1!$A:$A, A96, ))} | D96: {=IF(A96="", "", INDEX(Sheet1!$C:$C, A96, ))} | E96: {=IF(A96="", "", INDEX(Sheet1!$D:$D, A96, ))} | F96: {=IF(A96="", "", INDEX(Sheet1!$E:$E, A96, ))} | G96: {=IF(A96="", "", INDEX(Sheet1!$F:$F, A96, ))} | H96: {=IF(A96="", "", INDEX(Sheet1!$G:$G, A96, ))} | I96: {=IF(A96="", "", INDEX(Sheet1!$H:$H, A96, ))} | J96: =IF(I96=I95,"",I96) | K96: =IF(J96="","",B96) | L96: =IF(B96="","",D96) | M96: =IF(B96="","",E96) | N96: =IF(B96="","",F96) | O96: =IF(B96="","",G96) | P96: =IF(B96="","",H96)
A97: =IFERROR(SMALL(Sheet1!K:K, ROW(A96)), "") | B97: {=IF(A97="", "", INDEX(Sheet1!$A:$A, A97, ))} | D97: {=IF(A97="", "", INDEX(Sheet1!$C:$C, A97, ))} | E97: {=IF(A97="", "", INDEX(Sheet1!$D:$D, A97, ))} | F97: {=IF(A97="", "", INDEX(Sheet1!$E:$E, A97, ))} | G97: {=IF(A97="", "", INDEX(Sheet1!$F:$F, A97, ))} | H97: {=IF(A97="", "", INDEX(Sheet1!$G:$G, A97, ))} | I97: {=IF(A97="", "", INDEX(Sheet1!$H:$H, A97, ))} | J97: =IF(I97=I96,"",I97) | K97: =IF(J97="","",B97) | L97: =IF(B97="","",D97) | M97: =IF(B97="","",E97) | N97: =IF(B97="","",F97) | O97: =IF(B97="","",G97) | P97: =IF(B97="","",H97)
A98: =IFERROR(SMALL(Sheet1!K:K, ROW(A97)), "") | B98: {=IF(A98="", "", INDEX(Sheet1!$A:$A, A98, ))} | D98: {=IF(A98="", "", INDEX(Sheet1!$C:$C, A98, ))} | E98: {=IF(A98="", "", INDEX(Sheet1!$D:$D, A98, ))} | F98: {=IF(A98="", "", INDEX(Sheet1!$E:$E, A98, ))} | G98: {=IF(A98="", "", INDEX(Sheet1!$F:$F, A98, ))} | H98: {=IF(A98="", "", INDEX(Sheet1!$G:$G, A98, ))} | I98: {=IF(A98="", "", INDEX(Sheet1!$H:$H, A98, ))} | J98: =IF(I98=I97,"",I98) | K98: =IF(J98="","",B98) | L98: =IF(B98="","",D98) | M98: =IF(B98="","",E98) | N98: =IF(B98="","",F98) | O98: =IF(B98="","",G98) | P98: =IF(B98="","",H98)
... A100: =IFERROR(SMALL(Sheet1!K:K, ROW(A99)), "") | B100: {=IF(A100="", "", INDEX(Sheet1!$A:$A, A100, ))} | D100: {=IF(A100="", "", INDEX(Sheet1!$C:$C, A100, ))} | E100: {=IF(A100="", "", INDEX(Sheet1!$D:$D, A100, ))} | F100: {=IF(A100="", "", INDEX(Sheet1!$E:$E, A100, ))} | G100: {=IF(A100="", "", INDEX(Sheet1!$F:$F, A100, ))} | H100: {=IF(A100="", "", INDEX(Sheet1!$G:$G, A100, ))} | I100: {=IF(A100="", "", INDEX(Sheet1!$H:$H, A100, ))} | J100: =IF(I100=I99,"",I100) | K100: =IF(J100="","",B100) | L100: =IF(B100="","",D100) | M100: =IF(B100="","",E100) | N100: =IF(B100="","",F100) | O100: =IF(B100="","",G100) | P100: =IF(B100="","",H100)

Sheet Final_Data
A1: Description | B1: Utilisation | C1: Rate | D1: Amount
A2: =IF(Sheet2!K2="","",Sheet2!K2&" [SN:"&Sheet2!P2&"]") | B2: =IF(Sheet2!N2="","",TEXT(Sheet2!N2,"#,##0.00")&" "&IF(Sheet2!O2="Monthly", "Month",IF(Sheet2!O2="Cycles","Flight Cycle",IF(Sheet2!O2="Hours","Flight Hour",Sheet2!O2)))) | C2: =IF(Sheet2!M2="","",IF(Sheet2!M2=0,"N/A",TEXT(Sheet2!M2,"#,##0.00"))) | D2: =IF(Sheet2!L2="","",TEXT(Sheet2!L2,"#,##0.00"))
A3: =IF(Sheet2!K3="","",Sheet2!K3&" [SN:"&Sheet2!P3&"]") | B3: =IF(Sheet2!N3="","",TEXT(Sheet2!N3,"#,##0.00")&" "&IF(Sheet2!O3="Monthly", "Month",IF(Sheet2!O3="Cycles","Flight Cycle",IF(Sheet2!O3="Hours","Flight Hour",Sheet2!O3)))) | C3: =IF(Sheet2!M3="","",IF(Sheet2!M3=0,"N/A",TEXT(Sheet2!M3,"#,##0.00"))) | D3: =IF(Sheet2!L3="","",TEXT(Sheet2!L3,"#,##0.00"))
A4: =IF(Sheet2!K4="","",Sheet2!K4&" [SN:"&Sheet2!P4&"]") | B4: =IF(Sheet2!N4="","",TEXT(Sheet2!N4,"#,##0.00")&" "&IF(Sheet2!O4="Monthly", "Month",IF(Sheet2!O4="Cycles","Flight Cycle",IF(Sheet2!O4="Hours","Flight Hour",Sheet2!O4)))) | C4: =IF(Sheet2!M4="","",IF(Sheet2!M4=0,"N/A",TEXT(Sheet2!M4,"#,##0.00"))) | D4: =IF(Sheet2!L4="","",TEXT(Sheet2!L4,"#,##0.00"))
A5: =IF(Sheet2!K5="","",Sheet2!K5&" [SN:"&Sheet2!P5&"]") | B5: =IF(Sheet2!N5="","",TEXT(Sheet2!N5,"#,##0.00")&" "&IF(Sheet2!O5="Monthly", "Month",IF(Sheet2!O5="Cycles","Flight Cycle",IF(Sheet2!O5="Hours","Flight Hour",Sheet2!O5)))) | C5: =IF(Sheet2!M5="","",IF(Sheet2!M5=0,"N/A",TEXT(Sheet2!M5,"#,##0.00"))) | D5: =IF(Sheet2!L5="","",TEXT(Sheet2!L5,"#,##0.00"))
A6: =IF(Sheet2!K6="","",Sheet2!K6&" [SN:"&Sheet2!P6&"]") | B6: =IF(Sheet2!N6="","",TEXT(Sheet2!N6,"#,##0.00")&" "&IF(Sheet2!O6="Monthly", "Month",IF(Sheet2!O6="Cycles","Flight Cycle",IF(Sheet2!O6="Hours","Flight Hour",Sheet2!O6)))) | C6: =IF(Sheet2!M6="","",IF(Sheet2!M6=0,"N/A",TEXT(Sheet2!M6,"#,##0.00"))) | D6: =IF(Sheet2!L6="","",TEXT(Sheet2!L6,"#,##0.00"))
A7: =IF(Sheet2!K7="","",Sheet2!K7&" [SN:"&Sheet2!P7&"]") | B7: =IF(Sheet2!N7="","",TEXT(Sheet2!N7,"#,##0.00")&" "&IF(Sheet2!O7="Monthly", "Month",IF(Sheet2!O7="Cycles","Flight Cycle",IF(Sheet2!O7="Hours","Flight Hour",Sheet2!O7)))) | C7: =IF(Sheet2!M7="","",IF(Sheet2!M7=0,"N/A",TEXT(Sheet2!M7,"#,##0.00"))) | D7: =IF(Sheet2!L7="","",TEXT(Sheet2!L7,"#,##0.00"))
A8: =IF(Sheet2!K8="","",Sheet2!K8&" [SN:"&Sheet2!P8&"]") | B8: =IF(Sheet2!N8="","",TEXT(Sheet2!N8,"#,##0.00")&" "&IF(Sheet2!O8="Monthly", "Month",IF(Sheet2!O8="Cycles","Flight Cycle",IF(Sheet2!O8="Hours","Flight Hour",Sheet2!O8)))) | C8: =IF(Sheet2!M8="","",IF(Sheet2!M8=0,"N/A",TEXT(Sheet2!M8,"#,##0.00"))) | D8: =IF(Sheet2!L8="","",TEXT(Sheet2!L8,"#,##0.00"))
A9: =IF(Sheet2!K9="","",Sheet2!K9&" [SN:"&Sheet2!P9&"]") | B9: =IF(Sheet2!N9="","",TEXT(Sheet2!N9,"#,##0.00")&" "&IF(Sheet2!O9="Monthly", "Month",IF(Sheet2!O9="Cycles","Flight Cycle",IF(Sheet2!O9="Hours","Flight Hour",Sheet2!O9)))) | C9: =IF(Sheet2!M9="","",IF(Sheet2!M9=0,"N/A",TEXT(Sheet2!M9,"#,##0.00"))) | D9: =IF(Sheet2!L9="","",TEXT(Sheet2!L9,"#,##0.00"))
A10: =IF(Sheet2!K10="","",Sheet2!K10&" [SN:"&Sheet2!P10&"]") | B10: =IF(Sheet2!N10="","",TEXT(Sheet2!N10,"#,##0.00")&" "&IF(Sheet2!O10="Monthly", "Month",IF(Sheet2!O10="Cycles","Flight Cycle",IF(Sheet2!O10="Hours","Flight Hour",Sheet2!O10)))) | C10: =IF(Sheet2!M10="","",IF(Sheet2!M10=0,"N/A",TEXT(Sheet2!M10,"#,##0.00"))) | D10: =IF(Sheet2!L10="","",TEXT(Sheet2!L10,"#,##0.00"))
A11: =IF(Sheet2!K11="","",Sheet2!K11&" [SN:"&Sheet2!P11&"]") | B11: =IF(Sheet2!N11="","",TEXT(Sheet2!N11,"#,##0.00")&" "&IF(Sheet2!O11="Monthly", "Month",IF(Sheet2!O11="Cycles","Flight Cycle",IF(Sheet2!O11="Hours","Flight Hour",Sheet2!O11)))) | C11: =IF(Sheet2!M11="","",IF(Sheet2!M11=0,"N/A",TEXT(Sheet2!M11,"#,##0.00"))) | D11: =IF(Sheet2!L11="","",TEXT(Sheet2!L11,"#,##0.00"))
A12: =IF(Sheet2!K12="","",Sheet2!K12&" [SN:"&Sheet2!P12&"]") | B12: =IF(Sheet2!N12="","",TEXT(Sheet2!N12,"#,##0.00")&" "&IF(Sheet2!O12="Monthly", "Month",IF(Sheet2!O12="Cycles","Flight Cycle",IF(Sheet2!O12="Hours","Flight Hour",Sheet2!O12)))) | C12: =IF(Sheet2!M12="","",IF(Sheet2!M12=0,"N/A",TEXT(Sheet2!M12,"#,##0.00"))) | D12: =IF(Sheet2!L12="","",TEXT(Sheet2!L12,"#,##0.00"))
A13: =IF(Sheet2!K13="","",Sheet2!K13&" [SN:"&Sheet2!P13&"]") | B13: =IF(Sheet2!N13="","",TEXT(Sheet2!N13,"#,##0.00")&" "&IF(Sheet2!O13="Monthly", "Month",IF(Sheet2!O13="Cycles","Flight Cycle",IF(Sheet2!O13="Hours","Flight Hour",Sheet2!O13)))) | C13: =IF(Sheet2!M13="","",IF(Sheet2!M13=0,"N/A",TEXT(Sheet2!M13,"#,##0.00"))) | D13: =IF(Sheet2!L13="","",TEXT(Sheet2!L13,"#,##0.00"))
... A100: =IF(Sheet2!K100="","",Sheet2!K100&" [SN:"&Sheet2!P100&"]") | B100: =IF(Sheet2!N100="","",TEXT(Sheet2!N100,"#,##0.00")&" "&IF(Sheet2!O100="Monthly", "Month",IF(Sheet2!O100="Cycles","Flight Cycle",IF(Sheet2!O100="Hours","Flight Hour",Sheet2!O100)))) | C100: =IF(Sheet2!M100="","",IF(Sheet2!M100=0,"N/A",TEXT(Sheet2!M100,"#,##0.00"))) | D100: =IF(Sheet2!L100="","",TEXT(Sheet2!L100,"#,##0.00"))
