Workbook
Name ILI_Data: FinalData!$A$1:$C$100
Name Invoice_Line_Item_Assembly_MR_Info: Sheet1!$A$1
Name Invoice_Line_Item_Assembly_MR_Info_Id: Sheet1!$B$1
Name Invoice_Line_Item_Start: Sheet1!$A$1:$C$1
Name Invoice_Line_Item_Total_Line_Amount: Sheet1!$C$1
Name Invoice_Line_Item_Total_Line_Amount__000: #REF!
Name MR_Calculation.Supplemental_Rent_Utilization_Assembly_MR_Info: #REF!
Name MR_Calculation_MR_Calculation: #REF!
Name MR_Calculation_Start: #REF!

Sheet ReportData

Sheet Sheet1

Sheet FinalData
A1: SR Name | B1: MR Calculation | C1: ILI Amount
A2: =IF(Sheet1!A1="","",Sheet1!A1) | B2: =IF(ReportData!B2="","",ReportData!B2) | C2: =IF(Sheet1!C1="","",Sheet1!C1)
A3: =IF(Sheet1!A2="","",Sheet1!A2) | B3: =IF(ReportData!B3="","",ReportData!B3) | C3: =IF(Sheet1!C2="","",Sheet1!C2)
A4: =IF(Sheet1!A3="","",Sheet1!A3) | B4: =IF(ReportData!B4="","",ReportData!B4) | C4: =IF(Sheet1!C3="","",Sheet1!C3)
A5: =IF(Sheet1!A4="","",Sheet1!A4) | B5: =IF(ReportData!B5="","",ReportData!B5) | C5: =IF(Sheet1!C4="","",Sheet1!C4)
A6: =IF(Sheet1!A5="","",Sheet1!A5) | B6: =IF(ReportData!B6="","",ReportData!B6) | C6: =IF(Sheet1!C5="","",Sheet1!C5)
A7: =IF(Sheet1!A6="","",Sheet1!A6) | B7: =IF(ReportData!B7="","",ReportData!B7) | C7: =IF(Sheet1!C6="","",Sheet1!C6)
A8: =IF(Sheet1!A7="","",Sheet1!A7) | B8: =IF(ReportData!B8="","",ReportData!B8) | C8: =IF(Sheet1!C7="","",Sheet1!C7)
A9: =IF(Sheet1!A8="","",Sheet1!A8) | B9: =IF(ReportData!B9="","",ReportData!B9) | C9: =IF(Sheet1!C8="","",Sheet1!C8)
A10: =IF(Sheet1!A9="","",Sheet1!A9) | B10: =IF(ReportData!B10="","",ReportData!B10) | C10: =IF(Sheet1!C9="","",Sheet1!C9)
A11: =IF(Sheet1!A10="","",Sheet1!A10) | B11: =IF(ReportData!B11="","",ReportData!B11) | C11: =IF(Sheet1!C10="","",Sheet1!C10)
A12: =IF(Sheet1!A11="","",Sheet1!A11) | B12: =IF(ReportData!B12="","",ReportData!B12) | C12: =IF(Sheet1!C11="","",Sheet1!C11)
A13: =IF(Sheet1!A12="","",Sheet1!A12) | B13: =IF(ReportData!B13="","",ReportData!B13) | C13: =IF(Sheet1!C12="","",Sheet1!C12)
... A100: =IF(Sheet1!A99="","",Sheet1!A99) | B100: =IF(ReportData!B100="","",ReportData!B100) | C100: =IF(Sheet1!C99="","",Sheet1!C99)
