Workbook
Name ApexTrueUp_Description: TU_Values!$A$1
Name ApexTrueUp_Rate: TU_Values!$D$1
Name ApexTrueUp_RateUOM: TU_Values!$C$1
Name ApexTrueUp_Start: TU_Values!$A$1:$E$1
Name ApexTrueUp_Utilization: TU_Values!$B$1
Name ApexTrueUp_UtilOldAmount: TU_Values!$E$1
Name Final_TU_OP: Final_TU!$L$1:$O$100

Sheet TU_Values

Sheet Final_TU
A1: =IF(TU_Values!A1="","",TU_Values!A1) | B1: =IF(TU_Values!B1="","",TU_Values!B1) | C1: =IF(TU_Values!C1="","",TU_Values!C1) | D1: =IF(TU_Values!D1="","",TU_Values!D1) | E1: =IF(TU_Values!E1="","",TU_Values!E1) | L1: Description | M1: Utilization | N1: Rate | O1: Amount
A2: =IF(TU_Values!A2="","",TU_Values!A2) | B2: =IF(TU_Values!B2="","",TU_Values!B2) | C2: =IF(TU_Values!C2="","",TU_Values!C2) | D2: =IF(TU_Values!D2="","",TU_Values!D2) | E2: =IF(TU_Values!E2="","",TU_Values!E2) | L2: =A1 | M2: =CONCATENATE(B1," ",C1) | N2: =D1 | O2: =E1
A3: =IF(TU_Values!A3="","",TU_Values!A3) | B3: =IF(TU_Values!B3="","",TU_Values!B3) | C3: =IF(TU_Values!C3="","",TU_Values!C3) | D3: =IF(TU_Values!D3="","",TU_Values!D3) | E3: =IF(TU_Values!E3="","",TU_Values!E3) | L3: =A2 | M3: =CONCATENATE(B2," ",C2) | N3: =D2 | O3: =E2
A4: =IF(TU_Values!A4="","",TU_Values!A4) | B4: =IF(TU_Values!B4="","",TU_Values!B4) | C4: =IF(TU_Values!C4="","",TU_Values!C4) | D4: =IF(TU_Values!D4="","",TU_Values!D4) | E4: =IF(TU_Values!E4="","",TU_Values!E4) | L4: =A3 | M4: =CONCATENATE(B3," ",C3) | N4: =D3 | O4: =E3
A5: =IF(TU_Values!A5="","",TU_Values!A5) | B5: =IF(TU_Values!B5="","",TU_Values!B5) | C5: =IF(TU_Values!C5="","",TU_Values!C5) | D5: =IF(TU_Values!D5="","",TU_Values!D5) | E5: =IF(TU_Values!E5="","",TU_Values!E5) | L5: =A4 | M5: =CONCATENATE(B4," ",C4) | N5: =D4 | O5: =E4
A6: =IF(TU_Values!A6="","",TU_Values!A6) | B6: =IF(TU_Values!B6="","",TU_Values!B6) | C6: =IF(TU_Values!C6="","",TU_Values!C6) | D6: =IF(TU_Values!D6="","",TU_Values!D6) | E6: =IF(TU_Values!E6="","",TU_Values!E6) | L6: =A5 | M6: =CONCATENATE(B5," ",C5) | N6: =D5 | O6: =E5
A7: =IF(TU_Values!A7="","",TU_Values!A7) | B7: =IF(TU_Values!B7="","",TU_Values!B7) | C7: =IF(TU_Values!C7="","",TU_Values!C7) | D7: =IF(TU_Values!D7="","",TU_Values!D7) | E7: =IF(TU_Values!E7="","",TU_Values!E7) | L7: =A6 | M7: =CONCATENATE(B6," ",C6) | N7: =D6 | O7: =E6
A8: =IF(TU_Values!A8="","",TU_Values!A8) | B8: =IF(TU_Values!B8="","",TU_Values!B8) | C8: =IF(TU_Values!C8="","",TU_Values!C8) | D8: =IF(TU_Values!D8="","",TU_Values!D8) | E8: =IF(TU_Values!E8="","",TU_Values!E8) | L8: =A7 | M8: =CONCATENATE(B7," ",C7) | N8: =D7 | O8: =E7
A9: =IF(TU_Values!A9="","",TU_Values!A9) | B9: =IF(TU_Values!B9="","",TU_Values!B9) | C9: =IF(TU_Values!C9="","",TU_Values!C9) | D9: =IF(TU_Values!D9="","",TU_Values!D9) | E9: =IF(TU_Values!E9="","",TU_Values!E9) | L9: =A8 | M9: =CONCATENATE(B8," ",C8) | N9: =D8 | O9: =E8
A10: =IF(TU_Values!A10="","",TU_Values!A10) | B10: =IF(TU_Values!B10="","",TU_Values!B10) | C10: =IF(TU_Values!C10="","",TU_Values!C10) | D10: =IF(TU_Values!D10="","",TU_Values!D10) | E10: =IF(TU_Values!E10="","",TU_Values!E10) | L10: =A9 | M10: =CONCATENATE(B9," ",C9) | N10: =D9 | O10: =E9
A11: =IF(TU_Values!A11="","",TU_Values!A11) | B11: =IF(TU_Values!B11="","",TU_Values!B11) | C11: =IF(TU_Values!C11="","",TU_Values!C11) | D11: =IF(TU_Values!D11="","",TU_Values!D11) | E11: =IF(TU_Values!E11="","",TU_Values!E11) | L11: =A10 | M11: =CONCATENATE(B10," ",C10) | N11: =D10 | O11: =E10
A12: =IF(TU_Values!A12="","",TU_Values!A12) | B12: =IF(TU_Values!B12="","",TU_Values!B12) | C12: =IF(TU_Values!C12="","",TU_Values!C12) | D12: =IF(TU_Values!D12="","",TU_Values!D12) | E12: =IF(TU_Values!E12="","",TU_Values!E12) | L12: =A11 | M12: =CONCATENATE(B11," ",C11) | N12: =D11 | O12: =E11
A13: =IF(TU_Values!A13="","",TU_Values!A13) | B13: =IF(TU_Values!B13="","",TU_Values!B13) | C13: =IF(TU_Values!C13="","",TU_Values!C13) | D13: =IF(TU_Values!D13="","",TU_Values!D13) | E13: =IF(TU_Values!E13="","",TU_Values!E13) | L13: =A12 | M13: =CONCATENATE(B12," ",C12) | N13: =D12 | O13: =E12
... A100: =IF(TU_Values!A100="","",TU_Values!A100) | B100: =IF(TU_Values!B100="","",TU_Values!B100) | C100: =IF(TU_Values!C100="","",TU_Values!C100) | D100: =IF(TU_Values!D100="","",TU_Values!D100) | E100: =IF(TU_Values!E100="","",TU_Values!E100) | L100: =A99 | M100: =CONCATENATE(B99," ",C99) | N100: =D99 | O100: =E99
