Workbook
Name MassTableRange: 'Final Data'!$A$4:$I$9
Name No_of_Periods: DataTransformation!$AB$3
Name Period_1: 'Final Data'!$B$3
Name Period_2: 'Final Data'!$D$3
Name Period_3: 'Final Data'!$F$3
Name Period_4: 'Final Data'!$H$3
Name Spec_Mass_and_Balance_Period: SalesforceData!$B$2
Name Spec_Mass_and_Balance_Start: SalesforceData!$A$2:$F$2
Name Spec_Mass_and_Balance_Unit: SalesforceData!$C$2
Name Spec_Mass_and_Balance_Unit_Alt: SalesforceData!$E$2
Name Spec_Mass_and_Balance_Weight: SalesforceData!$D$2
Name Spec_Mass_and_Balance_Weight_Alt: SalesforceData!$F$2
Name Spec_Mass_and_Balance_Weight_Type: SalesforceData!$A$2
Name Weight_Table_Data: 'Final Preview Data'!$A$4:$I$50
Name WeightAltUnit_1: 'Final Data'!$C$4
Name WeightAltUnit_2: 'Final Data'!$E$4
Name WeightAltUnit_3: 'Final Data'!$G$4
Name WeightAltUnit_4: 'Final Data'!$I$4
Name WeightUnit_1: 'Final Data'!$B$4
Name WeightUnit_2: 'Final Data'!$D$4
Name WeightUnit_3: 'Final Data'!$F$4
Name WeightUnit_4: 'Final Data'!$H$4

Sheet SalesforceData
A1: Weight Type | B1: Period | C1: Unit | D1: Weight | E1: Unit Alternative | F1: Weight Alternative

Sheet DataTransformation
A1: Unique Data
A2: Weight Type | B2: Period | E2: Transformed Data | H2: {=TRANSPOSE(C3:C10)} | Q2: Formatted Data | S2: {=IF(CELL("contents",G2)=0,"",CELL("contents",G2))} | T2: {=IF(CELL("contents",H2)=0,"",CELL("contents",H2))} | U2: {=IF(CELL("contents",I2)=0,"",CELL("contents",I2))} | V2: {=IF(CELL("contents",J2)=0,"",CELL("contents",J2))} | W2: {=IF(CELL("contents",K2)=0,"",CELL("contents",K2))} | X2: {=IF(CELL("contents",L2)=0,"",CELL("contents",L2))} | Y2: {=IF(CELL("contents",M2)=0,"",CELL("contents",M2))} | Z2: {=IF(CELL("contents",N2)=0,"",CELL("contents",N2))} | AA2: {=IF(CELL("contents",O2)=0,"",CELL("contents",O2))} | AB2: # of Periods
A3: {=IF(IFERROR(INDEX(SalesforceData!$A$2:'SalesforceData'!$A$36, MATCH(0, COUNTIF(DataTransformation!$A$2:'DataTransformation'!$A2, SalesforceData!$A$2:'SalesforceData'!$A$36), 0)),"") = 0,"", IFERROR(INDEX(SalesforceData!$A$2:'SalesforceData'!$A$36, MATCH(0, COUNTIF(DataTransformation!$A$2:'DataTransformation'!$A2, SalesforceData!$A$2:'SalesforceData'!$A$36), 0)),""))} | B3: {=IF(IFERROR(INDEX(SalesforceData!$B$2:'SalesforceData'!$B$36, MATCH(0, COUNTIF(DataTransformation!$B$2:'DataTransformation'!$B2, SalesforceData!$B$2:'SalesforceData'!$B$36), 0)),"") = 0,"", IFERROR(INDEX(SalesforceData!$B$2:'SalesforceData'!$B$36, MATCH(0, COUNTIF(DataTransformation!$B$2:'DataTransformation'!$B2, SalesforceData!$B$2:'SalesforceData'!$B$36), 0)),""))} | C3: =B3 | D3: =IF(LEN(C3)>0,"kg","") | H3: {=TRANSPOSE(D3:D10)} | S3: {=IF(CELL("contents",G3)=0,"",CELL("contents",G3))} | T3: {=IF(CELL("contents",H3)=0,"",CELL("contents",H3))} | U3: {=IF(CELL("contents",I3)=0,"",CELL("contents",I3))} | V3: {=IF(CELL("contents",J3)=0,"",CELL("contents",J3))} | W3: {=IF(CELL("contents",K3)=0,"",CELL("contents",K3))} | X3: {=IF(CELL("contents",L3)=0,"",CELL("contents",L3))} | Y3: {=IF(CELL("contents",M3)=0,"",CELL("contents",M3))} | Z3: {=IF(CELL("contents",N3)=0,"",CELL("contents",N3))} | AA3: {=IF(CELL("contents",O3)=0,"",CELL("contents",O3))} | AB3: =COUNTIF(B3:B7,">""") -> 0
A4: {=IF(IFERROR(INDEX(SalesforceData!$A$2:'SalesforceData'!$A$36, MATCH(0, COUNTIF(DataTransformation!$A$2:'DataTransformation'!$A3, SalesforceData!$A$2:'SalesforceData'!$A$36), 0)),"") = 0,"", IFERROR(INDEX(SalesforceData!$A$2:'SalesforceData'!$A$36, MATCH(0, COUNTIF(DataTransformation!$A$2:'DataTransformation'!$A3, SalesforceData!$A$2:'SalesforceData'!$A$36), 0)),""))} | B4: {=IF(IFERROR(INDEX(SalesforceData!$B$2:'SalesforceData'!$B$36, MATCH(0, COUNTIF(DataTransformation!$B$2:'DataTransformation'!$B3, SalesforceData!$B$2:'SalesforceData'!$B$36), 0)),"") = 0,"", IFERROR(INDEX(SalesforceData!$B$2:'SalesforceData'!$B$36, MATCH(0, COUNTIF(DataTransformation!$B$2:'DataTransformation'!$B3, SalesforceData!$B$2:'SalesforceData'!$B$36), 0)),""))} | C4: =C3 | D4: =IF(LEN(C4)>0,"lbs","") | G4: =A3 | H4: {=IFERROR(IF(COUNT(INDEX(SalesforceData!$D$2:$D$36,MATCH(1,($G4=SalesforceData!$A$2:$A$36)*(H$2=SalesforceData!$B$2:'SalesforceData'!$B$36)*(H$3=SalesforceData!$C$2:'SalesforceData'!$C$36),0)))=0,INDEX(SalesforceData!$F$2:$F$36,MATCH(1,($G4=SalesforceData!$A$2:$A$36)*(H$2=SalesforceData!$B$2:'SalesforceData'!$B$36) * (H$3=SalesforceData!$E$2:'SalesforceData'!$E$36),0)),INDEX(SalesforceData!$D$2:$D$36,MATCH(1,($G4=SalesforceData!$A$2:$A$36)*(H$2=SalesforceData!$B$2:'SalesforceData'!$B$36)*(H$3=SalesforceData!$C$2:'SalesforceData'!$C$36),0))),"")} -> 0 | I4: {=IFERROR(IF(COUNT(INDEX(SalesforceData!$D$2:$D$36,MATCH(1,($G4=SalesforceData!$A$2:$A$36)*(I$2=SalesforceData!$B$2:'SalesforceData'!$B$36)*(I$3=SalesforceData!$C$2:'SalesforceData'!$C$36),0)))=0,INDEX(SalesforceData!$F$2:$F$36,MATCH(1,($G4=SalesforceData!$A$2:$A$36)*(I$2=SalesforceData!$B$2:'SalesforceData'!$B$36) * (I$3=SalesforceData!$E$2:'SalesforceData'!$E$36),0)),INDEX(SalesforceData!$D$2:$D$36,MATCH(1,($G4=SalesforceData!$A$2:$A$36)*(I$2=SalesforceData!$B$2:'SalesforceData'!$B$36)*(I$3=SalesforceData!$C$2:'SalesforceData'!$C$36),0))),"")} -> 0 | J4: {=IFERROR(IF(COUNT(INDEX(SalesforceData!$D$2:$D$36,MATCH(1,($G4=SalesforceData!$A$2:$A$36)*(J$2=SalesforceData!$B$2:'SalesforceData'!$B$36)*(J$3=SalesforceData!$C$2:'SalesforceData'!$C$36),0)))=0,INDEX(SalesforceData!$F$2:$F$36,MATCH(1,($G4=SalesforceData!$A$2:$A$36)*(J$2=SalesforceData!$B$2:'SalesforceData'!$B$36) * (J$3=SalesforceData!$E$2:'SalesforceData'!$E$36),0)),INDEX(SalesforceData!$D$2:$D$36,MATCH(1,($G4=SalesforceData!$A$2:$A$36)*(J$2=SalesforceData!$B$2:'SalesforceData'!$B$36)*(J$3=SalesforceData!$C$2:'SalesforceData'!$C$36),0))),"")} -> 0 | K4: {=IFERROR(IF(COUNT(INDEX(SalesforceData!$D$2:$D$36,MATCH(1,($G4=SalesforceData!$A$2:$A$36)*(K$2=SalesforceData!$B$2:'SalesforceData'!$B$36)*(K$3=SalesforceData!$C$2:'SalesforceData'!$C$36),0)))=0,INDEX(SalesforceData!$F$2:$F$36,MATCH(1,($G4=SalesforceData!$A$2:$A$36)*(K$2=SalesforceData!$B$2:'SalesforceData'!$B$36) * (K$3=SalesforceData!$E$2:'SalesforceData'!$E$36),0)),INDEX(SalesforceData!$D$2:$D$36,MATCH(1,($G4=SalesforceData!$A$2:$A$36)*(K$2=SalesforceData!$B$2:'SalesforceData'!$B$36)*(K$3=SalesforceData!$C$2:'SalesforceData'!$C$36),0))),"")} -> 0 | L4: {=IFERROR(IF(COUNT(INDEX(SalesforceData!$D$2:$D$36,MATCH(1,($G4=SalesforceData!$A$2:$A$36)*(L$2=SalesforceData!$B$2:'SalesforceData'!$B$36)*(L$3=SalesforceData!$C$2:'SalesforceData'!$C$36),0)))=0,INDEX(SalesforceData!$F$2:$F$36,MATCH(1,($G4=SalesforceData!$A$2:$A$36)*(L$2=SalesforceData!$B$2:'SalesforceData'!$B$36) * (L$3=SalesforceData!$E$2:'SalesforceData'!$E$36),0)),INDEX(SalesforceData!$D$2:$D$36,MATCH(1,($G4=SalesforceData!$A$2:$A$36)*(L$2=SalesforceData!$B$2:'SalesforceData'!$B$36)*(L$3=SalesforceData!$C$2:'SalesforceData'!$C$36),0))),"")} -> 0 | M4: {=IFERROR(IF(COUNT(INDEX(SalesforceData!$D$2:$D$36,MATCH(1,($G4=SalesforceData!$A$2:$A$36)*(M$2=SalesforceData!$B$2:'SalesforceData'!$B$36)*(M$3=SalesforceData!$C$2:'SalesforceData'!$C$36),0)))=0,INDEX(SalesforceData!$F$2:$F$36,MATCH(1,($G4=SalesforceData!$A$2:$A$36)*(M$2=SalesforceData!$B$2:'SalesforceData'!$B$36) * (M$3=SalesforceData!$E$2:'SalesforceData'!$E$36),0)),INDEX(SalesforceData!$D$2:$D$36,MATCH(1,($G4=SalesforceData!$A$2:$A$36)*(M$2=SalesforceData!$B$2:'SalesforceData'!$B$36)*(M$3=SalesforceData!$C$2:'SalesforceData'!$C$36),0))),"")} -> 0 | N4: {=IFERROR(IF(COUNT(INDEX(SalesforceData!$D$2:$D$36,MATCH(1,($G4=SalesforceData!$A$2:$A$36)*(N$2=SalesforceData!$B$2:'SalesforceData'!$B$36)*(N$3=SalesforceData!$C$2:'SalesforceData'!$C$36),0)))=0,INDEX(SalesforceData!$F$2:$F$36,MATCH(1,($G4=SalesforceData!$A$2:$A$36)*(N$2=SalesforceData!$B$2:'SalesforceData'!$B$36) * (N$3=SalesforceData!$E$2:'SalesforceData'!$E$36),0)),INDEX(SalesforceData!$D$2:$D$36,MATCH(1,($G4=SalesforceData!$A$2:$A$36)*(N$2=SalesforceData!$B$2:'SalesforceData'!$B$36)*(N$3=SalesforceData!$C$2:'SalesforceData'!$C$36),0))),"")} -> 0 | O4: {=IFERROR(IF(COUNT(INDEX(SalesforceData!$D$2:$D$36,MATCH(1,($G4=SalesforceData!$A$2:$A$36)*(O$2=SalesforceData!$B$2:'SalesforceData'!$B$36)*(O$3=SalesforceData!$C$2:'SalesforceData'!$C$36),0)))=0,INDEX(SalesforceData!$F$2:$F$36,MATCH(1,($G4=SalesforceData!$A$2:$A$36)*(O$2=SalesforceData!$B$2:'SalesforceData'!$B$36) * (O$3=SalesforceData!$E$2:'SalesforceData'!$E$36),0)),INDEX(SalesforceData!$D$2:$D$36,MATCH(1,($G4=SalesforceData!$A$2:$A$36)*(O$2=SalesforceData!$B$2:'SalesforceData'!$B$36)*(O$3=SalesforceData!$C$2:'SalesforceData'!$C$36),0))),"")} -> 0 | S4: {=IF(CELL("contents",G4)=0,"",CELL("contents",G4))} | T4: {=IF(CELL("contents",H4)=0,"",CELL("contents",H4))} | U4: {=IF(CELL("contents",I4)=0,"",CELL("contents",I4))} | V4: {=IF(CELL("contents",J4)=0,"",CELL("contents",J4))} | W4: {=IF(CELL("contents",K4)=0,"",CELL("contents",K4))} | X4: {=IF(CELL("contents",L4)=0,"",CELL("contents",L4))} | Y4: {=IF(CELL("contents",M4)=0,"",CELL("contents",M4))} | Z4: {=IF(CELL("contents",N4)=0,"",CELL("contents",N4))} | AA4: {=IF(CELL("contents",O4)=0,"",CELL("contents",O4))}
A5: {=IF(IFERROR(INDEX(SalesforceData!$A$2:'SalesforceData'!$A$36, MATCH(0, COUNTIF(DataTransformation!$A$2:'DataTransformation'!$A4, SalesforceData!$A$2:'SalesforceData'!$A$36), 0)),"") = 0,"", IFERROR(INDEX(SalesforceData!$A$2:'SalesforceData'!$A$36, MATCH(0, COUNTIF(DataTransformation!$A$2:'DataTransformation'!$A4, SalesforceData!$A$2:'SalesforceData'!$A$36), 0)),""))} | B5: {=IF(IFERROR(INDEX(SalesforceData!$B$2:'SalesforceData'!$B$36, MATCH(0, COUNTIF(DataTransformation!$B$2:'DataTransformation'!$B4, SalesforceData!$B$2:'SalesforceData'!$B$36), 0)),"") = 0,"", IFERROR(INDEX(SalesforceData!$B$2:'SalesforceData'!$B$36, MATCH(0, COUNTIF(DataTransformation!$B$2:'DataTransformation'!$B4, SalesforceData!$B$2:'SalesforceData'!$B$36), 0)),""))} | C5: =B4 | D5: =IF(LEN(C5)>0,"kg","") | G5: =A4 | H5: {=IFERROR(IF(COUNT(INDEX(SalesforceData!$D$2:$D$36,MATCH(1,($G5=SalesforceData!$A$2:$A$36)*(H$2=SalesforceData!$B$2:'SalesforceData'!$B$36)*(H$3=SalesforceData!$C$2:'SalesforceData'!$C$36),0)))=0,INDEX(SalesforceData!$F$2:$F$36,MATCH(1,($G5=SalesforceData!$A$2:$A$36)*(H$2=SalesforceData!$B$2:'SalesforceData'!$B$36) * (H$3=SalesforceData!$E$2:'SalesforceData'!$E$36),0)),INDEX(SalesforceData!$D$2:$D$36,MATCH(1,($G5=SalesforceData!$A$2:$A$36)*(H$2=SalesforceData!$B$2:'SalesforceData'!$B$36)*(H$3=SalesforceData!$C$2:'SalesforceData'!$C$36),0))),"")} -> 0 | I5: {=IFERROR(IF(COUNT(INDEX(SalesforceData!$D$2:$D$36,MATCH(1,($G5=SalesforceData!$A$2:$A$36)*(I$2=SalesforceData!$B$2:'SalesforceData'!$B$36)*(I$3=SalesforceData!$C$2:'SalesforceData'!$C$36),0)))=0,INDEX(SalesforceData!$F$2:$F$36,MATCH(1,($G5=SalesforceData!$A$2:$A$36)*(I$2=SalesforceData!$B$2:'SalesforceData'!$B$36) * (I$3=SalesforceData!$E$2:'SalesforceData'!$E$36),0)),INDEX(SalesforceData!$D$2:$D$36,MATCH(1,($G5=SalesforceData!$A$2:$A$36)*(I$2=SalesforceData!$B$2:'SalesforceData'!$B$36)*(I$3=SalesforceData!$C$2:'SalesforceData'!$C$36),0))),"")} -> 0 | J5: {=IFERROR(IF(COUNT(INDEX(SalesforceData!$D$2:$D$36,MATCH(1,($G5=SalesforceData!$A$2:$A$36)*(J$2=SalesforceData!$B$2:'SalesforceData'!$B$36)*(J$3=SalesforceData!$C$2:'SalesforceData'!$C$36),0)))=0,INDEX(SalesforceData!$F$2:$F$36,MATCH(1,($G5=SalesforceData!$A$2:$A$36)*(J$2=SalesforceData!$B$2:'SalesforceData'!$B$36) * (J$3=SalesforceData!$E$2:'SalesforceData'!$E$36),0)),INDEX(SalesforceData!$D$2:$D$36,MATCH(1,($G5=SalesforceData!$A$2:$A$36)*(J$2=SalesforceData!$B$2:'SalesforceData'!$B$36)*(J$3=SalesforceData!$C$2:'SalesforceData'!$C$36),0))),"")} -> 0 | K5: {=IFERROR(IF(COUNT(INDEX(SalesforceData!$D$2:$D$36,MATCH(1,($G5=SalesforceData!$A$2:$A$36)*(K$2=SalesforceData!$B$2:'SalesforceData'!$B$36)*(K$3=SalesforceData!$C$2:'SalesforceData'!$C$36),0)))=0,INDEX(SalesforceData!$F$2:$F$36,MATCH(1,($G5=SalesforceData!$A$2:$A$36)*(K$2=SalesforceData!$B$2:'SalesforceData'!$B$36) * (K$3=SalesforceData!$E$2:'SalesforceData'!$E$36),0)),INDEX(SalesforceData!$D$2:$D$36,MATCH(1,($G5=SalesforceData!$A$2:$A$36)*(K$2=SalesforceData!$B$2:'SalesforceData'!$B$36)*(K$3=SalesforceData!$C$2:'SalesforceData'!$C$36),0))),"")} -> 0 | L5: {=IFERROR(IF(COUNT(INDEX(SalesforceData!$D$2:$D$36,MATCH(1,($G5=SalesforceData!$A$2:$A$36)*(L$2=SalesforceData!$B$2:'SalesforceData'!$B$36)*(L$3=SalesforceData!$C$2:'SalesforceData'!$C$36),0)))=0,INDEX(SalesforceData!$F$2:$F$36,MATCH(1,($G5=SalesforceData!$A$2:$A$36)*(L$2=SalesforceData!$B$2:'SalesforceData'!$B$36) * (L$3=SalesforceData!$E$2:'SalesforceData'!$E$36),0)),INDEX(SalesforceData!$D$2:$D$36,MATCH(1,($G5=SalesforceData!$A$2:$A$36)*(L$2=SalesforceData!$B$2:'SalesforceData'!$B$36)*(L$3=SalesforceData!$C$2:'SalesforceData'!$C$36),0))),"")} -> 0 | M5: {=IFERROR(IF(COUNT(INDEX(SalesforceData!$D$2:$D$36,MATCH(1,($G5=SalesforceData!$A$2:$A$36)*(M$2=SalesforceData!$B$2:'SalesforceData'!$B$36)*(M$3=SalesforceData!$C$2:'SalesforceData'!$C$36),0)))=0,INDEX(SalesforceData!$F$2:$F$36,MATCH(1,($G5=SalesforceData!$A$2:$A$36)*(M$2=SalesforceData!$B$2:'SalesforceData'!$B$36) * (M$3=SalesforceData!$E$2:'SalesforceData'!$E$36),0)),INDEX(SalesforceData!$D$2:$D$36,MATCH(1,($G5=SalesforceData!$A$2:$A$36)*(M$2=SalesforceData!$B$2:'SalesforceData'!$B$36)*(M$3=SalesforceData!$C$2:'SalesforceData'!$C$36),0))),"")} -> 0 | N5: {=IFERROR(IF(COUNT(INDEX(SalesforceData!$D$2:$D$36,MATCH(1,($G5=SalesforceData!$A$2:$A$36)*(N$2=SalesforceData!$B$2:'SalesforceData'!$B$36)*(N$3=SalesforceData!$C$2:'SalesforceData'!$C$36),0)))=0,INDEX(SalesforceData!$F$2:$F$36,MATCH(1,($G5=SalesforceData!$A$2:$A$36)*(N$2=SalesforceData!$B$2:'SalesforceData'!$B$36) * (N$3=SalesforceData!$E$2:'SalesforceData'!$E$36),0)),INDEX(SalesforceData!$D$2:$D$36,MATCH(1,($G5=SalesforceData!$A$2:$A$36)*(N$2=SalesforceData!$B$2:'SalesforceData'!$B$36)*(N$3=SalesforceData!$C$2:'SalesforceData'!$C$36),0))),"")} -> 0 | O5: {=IFERROR(IF(COUNT(INDEX(SalesforceData!$D$2:$D$36,MATCH(1,($G5=SalesforceData!$A$2:$A$36)*(O$2=SalesforceData!$B$2:'SalesforceData'!$B$36)*(O$3=SalesforceData!$C$2:'SalesforceData'!$C$36),0)))=0,INDEX(SalesforceData!$F$2:$F$36,MATCH(1,($G5=SalesforceData!$A$2:$A$36)*(O$2=SalesforceData!$B$2:'SalesforceData'!$B$36) * (O$3=SalesforceData!$E$2:'SalesforceData'!$E$36),0)),INDEX(SalesforceData!$D$2:$D$36,MATCH(1,($G5=SalesforceData!$A$2:$A$36)*(O$2=SalesforceData!$B$2:'SalesforceData'!$B$36)*(O$3=SalesforceData!$C$2:'SalesforceData'!$C$36),0))),"")} -> 0 | S5: {=IF(CELL("contents",G5)=0,"",CELL("contents",G5))} | T5: {=IF(CELL("contents",H5)=0,"",CELL("contents",H5))} | U5: {=IF(CELL("contents",I5)=0,"",CELL("contents",I5))} | V5: {=IF(CELL("contents",J5)=0,"",CELL("contents",J5))} | W5: {=IF(CELL("contents",K5)=0,"",CELL("contents",K5))} | X5: {=IF(CELL("contents",L5)=0,"",CELL("contents",L5))} | Y5: {=IF(CELL("contents",M5)=0,"",CELL("contents",M5))} | Z5: {=IF(CELL("contents",N5)=0,"",CELL("contents",N5))} | AA5: {=IF(CELL("contents",O5)=0,"",CELL("contents",O5))}
A6: {=IF(IFERROR(INDEX(SalesforceData!$A$2:'SalesforceData'!$A$36, MATCH(0, COUNTIF(DataTransformation!$A$2:'DataTransformation'!$A5, SalesforceData!$A$2:'SalesforceData'!$A$36), 0)),"") = 0,"", IFERROR(INDEX(SalesforceData!$A$2:'SalesforceData'!$A$36, MATCH(0, COUNTIF(DataTransformation!$A$2:'DataTransformation'!$A5, SalesforceData!$A$2:'SalesforceData'!$A$36), 0)),""))} | B6: {=IF(IFERROR(INDEX(SalesforceData!$B$2:'SalesforceData'!$B$36, MATCH(0, COUNTIF(DataTransformation!$B$2:'DataTransformation'!$B5, SalesforceData!$B$2:'SalesforceData'!$B$36), 0)),"") = 0,"", IFERROR(INDEX(SalesforceData!$B$2:'SalesforceData'!$B$36, MATCH(0, COUNTIF(DataTransformation!$B$2:'DataTransformation'!$B5, SalesforceData!$B$2:'SalesforceData'!$B$36), 0)),""))} | C6: =C5 | D6: =IF(LEN(C6)>0,"lbs","") | G6: =A5 | H6: {=IFERROR(IF(COUNT(INDEX(SalesforceData!$D$2:$D$36,MATCH(1,($G6=SalesforceData!$A$2:$A$36)*(H$2=SalesforceData!$B$2:'SalesforceData'!$B$36)*(H$3=SalesforceData!$C$2:'SalesforceData'!$C$36),0)))=0,INDEX(SalesforceData!$F$2:$F$36,MATCH(1,($G6=SalesforceData!$A$2:$A$36)*(H$2=SalesforceData!$B$2:'SalesforceData'!$B$36) * (H$3=SalesforceData!$E$2:'SalesforceData'!$E$36),0)),INDEX(SalesforceData!$D$2:$D$36,MATCH(1,($G6=SalesforceData!$A$2:$A$36)*(H$2=SalesforceData!$B$2:'SalesforceData'!$B$36)*(H$3=SalesforceData!$C$2:'SalesforceData'!$C$36),0))),"")} -> 0 | I6: {=IFERROR(IF(COUNT(INDEX(SalesforceData!$D$2:$D$36,MATCH(1,($G6=SalesforceData!$A$2:$A$36)*(I$2=SalesforceData!$B$2:'SalesforceData'!$B$36)*(I$3=SalesforceData!$C$2:'SalesforceData'!$C$36),0)))=0,INDEX(SalesforceData!$F$2:$F$36,MATCH(1,($G6=SalesforceData!$A$2:$A$36)*(I$2=SalesforceData!$B$2:'SalesforceData'!$B$36) * (I$3=SalesforceData!$E$2:'SalesforceData'!$E$36),0)),INDEX(SalesforceData!$D$2:$D$36,MATCH(1,($G6=SalesforceData!$A$2:$A$36)*(I$2=SalesforceData!$B$2:'SalesforceData'!$B$36)*(I$3=SalesforceData!$C$2:'SalesforceData'!$C$36),0))),"")} -> 0 | J6: {=IFERROR(IF(COUNT(INDEX(SalesforceData!$D$2:$D$36,MATCH(1,($G6=SalesforceData!$A$2:$A$36)*(J$2=SalesforceData!$B$2:'SalesforceData'!$B$36)*(J$3=SalesforceData!$C$2:'SalesforceData'!$C$36),0)))=0,INDEX(SalesforceData!$F$2:$F$36,MATCH(1,($G6=SalesforceData!$A$2:$A$36)*(J$2=SalesforceData!$B$2:'SalesforceData'!$B$36) * (J$3=SalesforceData!$E$2:'SalesforceData'!$E$36),0)),INDEX(SalesforceData!$D$2:$D$36,MATCH(1,($G6=SalesforceData!$A$2:$A$36)*(J$2=SalesforceData!$B$2:'SalesforceData'!$B$36)*(J$3=SalesforceData!$C$2:'SalesforceData'!$C$36),0))),"")} -> 0 | K6: {=IFERROR(IF(COUNT(INDEX(SalesforceData!$D$2:$D$36,MATCH(1,($G6=SalesforceData!$A$2:$A$36)*(K$2=SalesforceData!$B$2:'SalesforceData'!$B$36)*(K$3=SalesforceData!$C$2:'SalesforceData'!$C$36),0)))=0,INDEX(SalesforceData!$F$2:$F$36,MATCH(1,($G6=SalesforceData!$A$2:$A$36)*(K$2=SalesforceData!$B$2:'SalesforceData'!$B$36) * (K$3=SalesforceData!$E$2:'SalesforceData'!$E$36),0)),INDEX(SalesforceData!$D$2:$D$36,MATCH(1,($G6=SalesforceData!$A$2:$A$36)*(K$2=SalesforceData!$B$2:'SalesforceData'!$B$36)*(K$3=SalesforceData!$C$2:'SalesforceData'!$C$36),0))),"")} -> 0 | L6: {=IFERROR(IF(COUNT(INDEX(SalesforceData!$D$2:$D$36,MATCH(1,($G6=SalesforceData!$A$2:$A$36)*(L$2=SalesforceData!$B$2:'SalesforceData'!$B$36)*(L$3=SalesforceData!$C$2:'SalesforceData'!$C$36),0)))=0,INDEX(SalesforceData!$F$2:$F$36,MATCH(1,($G6=SalesforceData!$A$2:$A$36)*(L$2=SalesforceData!$B$2:'SalesforceData'!$B$36) * (L$3=SalesforceData!$E$2:'SalesforceData'!$E$36),0)),INDEX(SalesforceData!$D$2:$D$36,MATCH(1,($G6=SalesforceData!$A$2:$A$36)*(L$2=SalesforceData!$B$2:'SalesforceData'!$B$36)*(L$3=SalesforceData!$C$2:'SalesforceData'!$C$36),0))),"")} -> 0 | M6: {=IFERROR(IF(COUNT(INDEX(SalesforceData!$D$2:$D$36,MATCH(1,($G6=SalesforceData!$A$2:$A$36)*(M$2=SalesforceData!$B$2:'SalesforceData'!$B$36)*(M$3=SalesforceData!$C$2:'SalesforceData'!$C$36),0)))=0,INDEX(SalesforceData!$F$2:$F$36,MATCH(1,($G6=SalesforceData!$A$2:$A$36)*(M$2=SalesforceData!$B$2:'SalesforceData'!$B$36) * (M$3=SalesforceData!$E$2:'SalesforceData'!$E$36),0)),INDEX(SalesforceData!$D$2:$D$36,MATCH(1,($G6=SalesforceData!$A$2:$A$36)*(M$2=SalesforceData!$B$2:'SalesforceData'!$B$36)*(M$3=SalesforceData!$C$2:'SalesforceData'!$C$36),0))),"")} -> 0 | N6: {=IFERROR(IF(COUNT(INDEX(SalesforceData!$D$2:$D$36,MATCH(1,($G6=SalesforceData!$A$2:$A$36)*(N$2=SalesforceData!$B$2:'SalesforceData'!$B$36)*(N$3=SalesforceData!$C$2:'SalesforceData'!$C$36),0)))=0,INDEX(SalesforceData!$F$2:$F$36,MATCH(1,($G6=SalesforceData!$A$2:$A$36)*(N$2=SalesforceData!$B$2:'SalesforceData'!$B$36) * (N$3=SalesforceData!$E$2:'SalesforceData'!$E$36),0)),INDEX(SalesforceData!$D$2:$D$36,MATCH(1,($G6=SalesforceData!$A$2:$A$36)*(N$2=SalesforceData!$B$2:'SalesforceData'!$B$36)*(N$3=SalesforceData!$C$2:'SalesforceData'!$C$36),0))),"")} -> 0 | O6: {=IFERROR(IF(COUNT(INDEX(SalesforceData!$D$2:$D$36,MATCH(1,($G6=SalesforceData!$A$2:$A$36)*(O$2=SalesforceData!$B$2:'SalesforceData'!$B$36)*(O$3=SalesforceData!$C$2:'SalesforceData'!$C$36),0)))=0,INDEX(SalesforceData!$F$2:$F$36,MATCH(1,($G6=SalesforceData!$A$2:$A$36)*(O$2=SalesforceData!$B$2:'SalesforceData'!$B$36) * (O$3=SalesforceData!$E$2:'SalesforceData'!$E$36),0)),INDEX(SalesforceData!$D$2:$D$36,MATCH(1,($G6=SalesforceData!$A$2:$A$36)*(O$2=SalesforceData!$B$2:'SalesforceData'!$B$36)*(O$3=SalesforceData!$C$2:'SalesforceData'!$C$36),0))),"")} -> 0 | S6: {=IF(CELL("contents",G6)=0,"",CELL("contents",G6))} | T6: {=IF(CELL("contents",H6)=0,"",CELL("contents",H6))} | U6: {=IF(CELL("contents",I6)=0,"",CELL("contents",I6))} | V6: {=IF(CELL("contents",J6)=0,"",CELL("contents",J6))} | W6: {=IF(CELL("contents",K6)=0,"",CELL("contents",K6))} | X6: {=IF(CELL("contents",L6)=0,"",CELL("contents",L6))} | Y6: {=IF(CELL("contents",M6)=0,"",CELL("contents",M6))} | Z6: {=IF(CELL("contents",N6)=0,"",CELL("contents",N6))} | AA6: {=IF(CELL("contents",O6)=0,"",CELL("contents",O6))}
A7: {=IF(IFERROR(INDEX(SalesforceData!$A$2:'SalesforceData'!$A$36, MATCH(0, COUNTIF(DataTransformation!$A$2:'DataTransformation'!$A6, SalesforceData!$A$2:'SalesforceData'!$A$36), 0)),"") = 0,"", IFERROR(INDEX(SalesforceData!$A$2:'SalesforceData'!$A$36, MATCH(0, COUNTIF(DataTransformation!$A$2:'DataTransformation'!$A6, SalesforceData!$A$2:'SalesforceData'!$A$36), 0)),""))} | B7: {=IF(IFERROR(INDEX(SalesforceData!$B$2:'SalesforceData'!$B$36, MATCH(0, COUNTIF(DataTransformation!$B$2:'DataTransformation'!$B6, SalesforceData!$B$2:'SalesforceData'!$B$36), 0)),"") = 0,"", IFERROR(INDEX(SalesforceData!$B$2:'SalesforceData'!$B$36, MATCH(0, COUNTIF(DataTransformation!$B$2:'DataTransformation'!$B6, SalesforceData!$B$2:'SalesforceData'!$B$36), 0)),""))} | C7: =B5 | D7: =IF(LEN(C7)>0,"kg","") | G7: =A6 | H7: {=IFERROR(IF(COUNT(INDEX(SalesforceData!$D$2:$D$36,MATCH(1,($G7=SalesforceData!$A$2:$A$36)*(H$2=SalesforceData!$B$2:'SalesforceData'!$B$36)*(H$3=SalesforceData!$C$2:'SalesforceData'!$C$36),0)))=0,INDEX(SalesforceData!$F$2:$F$36,MATCH(1,($G7=SalesforceData!$A$2:$A$36)*(H$2=SalesforceData!$B$2:'SalesforceData'!$B$36) * (H$3=SalesforceData!$E$2:'SalesforceData'!$E$36),0)),INDEX(SalesforceData!$D$2:$D$36,MATCH(1,($G7=SalesforceData!$A$2:$A$36)*(H$2=SalesforceData!$B$2:'SalesforceData'!$B$36)*(H$3=SalesforceData!$C$2:'SalesforceData'!$C$36),0))),"")} -> 0 | I7: {=IFERROR(IF(COUNT(INDEX(SalesforceData!$D$2:$D$36,MATCH(1,($G7=SalesforceData!$A$2:$A$36)*(I$2=SalesforceData!$B$2:'SalesforceData'!$B$36)*(I$3=SalesforceData!$C$2:'SalesforceData'!$C$36),0)))=0,INDEX(SalesforceData!$F$2:$F$36,MATCH(1,($G7=SalesforceData!$A$2:$A$36)*(I$2=SalesforceData!$B$2:'SalesforceData'!$B$36) * (I$3=SalesforceData!$E$2:'SalesforceData'!$E$36),0)),INDEX(SalesforceData!$D$2:$D$36,MATCH(1,($G7=SalesforceData!$A$2:$A$36)*(I$2=SalesforceData!$B$2:'SalesforceData'!$B$36)*(I$3=SalesforceData!$C$2:'SalesforceData'!$C$36),0))),"")} -> 0 | J7: {=IFERROR(IF(COUNT(INDEX(SalesforceData!$D$2:$D$36,MATCH(1,($G7=SalesforceData!$A$2:$A$36)*(J$2=SalesforceData!$B$2:'SalesforceData'!$B$36)*(J$3=SalesforceData!$C$2:'SalesforceData'!$C$36),0)))=0,INDEX(SalesforceData!$F$2:$F$36,MATCH(1,($G7=SalesforceData!$A$2:$A$36)*(J$2=SalesforceData!$B$2:'SalesforceData'!$B$36) * (J$3=SalesforceData!$E$2:'SalesforceData'!$E$36),0)),INDEX(SalesforceData!$D$2:$D$36,MATCH(1,($G7=SalesforceData!$A$2:$A$36)*(J$2=SalesforceData!$B$2:'SalesforceData'!$B$36)*(J$3=SalesforceData!$C$2:'SalesforceData'!$C$36),0))),"")} -> 0 | K7: {=IFERROR(IF(COUNT(INDEX(SalesforceData!$D$2:$D$36,MATCH(1,($G7=SalesforceData!$A$2:$A$36)*(K$2=SalesforceData!$B$2:'SalesforceData'!$B$36)*(K$3=SalesforceData!$C$2:'SalesforceData'!$C$36),0)))=0,INDEX(SalesforceData!$F$2:$F$36,MATCH(1,($G7=SalesforceData!$A$2:$A$36)*(K$2=SalesforceData!$B$2:'SalesforceData'!$B$36) * (K$3=SalesforceData!$E$2:'SalesforceData'!$E$36),0)),INDEX(SalesforceData!$D$2:$D$36,MATCH(1,($G7=SalesforceData!$A$2:$A$36)*(K$2=SalesforceData!$B$2:'SalesforceData'!$B$36)*(K$3=SalesforceData!$C$2:'SalesforceData'!$C$36),0))),"")} -> 0 | L7: {=IFERROR(IF(COUNT(INDEX(SalesforceData!$D$2:$D$36,MATCH(1,($G7=SalesforceData!$A$2:$A$36)*(L$2=SalesforceData!$B$2:'SalesforceData'!$B$36)*(L$3=SalesforceData!$C$2:'SalesforceData'!$C$36),0)))=0,INDEX(SalesforceData!$F$2:$F$36,MATCH(1,($G7=SalesforceData!$A$2:$A$36)*(L$2=SalesforceData!$B$2:'SalesforceData'!$B$36) * (L$3=SalesforceData!$E$2:'SalesforceData'!$E$36),0)),INDEX(SalesforceData!$D$2:$D$36,MATCH(1,($G7=SalesforceData!$A$2:$A$36)*(L$2=SalesforceData!$B$2:'SalesforceData'!$B$36)*(L$3=SalesforceData!$C$2:'SalesforceData'!$C$36),0))),"")} -> 0 | M7: {=IFERROR(IF(COUNT(INDEX(SalesforceData!$D$2:$D$36,MATCH(1,($G7=SalesforceData!$A$2:$A$36)*(M$2=SalesforceData!$B$2:'SalesforceData'!$B$36)*(M$3=SalesforceData!$C$2:'SalesforceData'!$C$36),0)))=0,INDEX(SalesforceData!$F$2:$F$36,MATCH(1,($G7=SalesforceData!$A$2:$A$36)*(M$2=SalesforceData!$B$2:'SalesforceData'!$B$36) * (M$3=SalesforceData!$E$2:'SalesforceData'!$E$36),0)),INDEX(SalesforceData!$D$2:$D$36,MATCH(1,($G7=SalesforceData!$A$2:$A$36)*(M$2=SalesforceData!$B$2:'SalesforceData'!$B$36)*(M$3=SalesforceData!$C$2:'SalesforceData'!$C$36),0))),"")} -> 0 | N7: {=IFERROR(IF(COUNT(INDEX(SalesforceData!$D$2:$D$36,MATCH(1,($G7=SalesforceData!$A$2:$A$36)*(N$2=SalesforceData!$B$2:'SalesforceData'!$B$36)*(N$3=SalesforceData!$C$2:'SalesforceData'!$C$36),0)))=0,INDEX(SalesforceData!$F$2:$F$36,MATCH(1,($G7=SalesforceData!$A$2:$A$36)*(N$2=SalesforceData!$B$2:'SalesforceData'!$B$36) * (N$3=SalesforceData!$E$2:'SalesforceData'!$E$36),0)),INDEX(SalesforceData!$D$2:$D$36,MATCH(1,($G7=SalesforceData!$A$2:$A$36)*(N$2=SalesforceData!$B$2:'SalesforceData'!$B$36)*(N$3=SalesforceData!$C$2:'SalesforceData'!$C$36),0))),"")} -> 0 | O7: {=IFERROR(IF(COUNT(INDEX(SalesforceData!$D$2:$D$36,MATCH(1,($G7=SalesforceData!$A$2:$A$36)*(O$2=SalesforceData!$B$2:'SalesforceData'!$B$36)*(O$3=SalesforceData!$C$2:'SalesforceData'!$C$36),0)))=0,INDEX(SalesforceData!$F$2:$F$36,MATCH(1,($G7=SalesforceData!$A$2:$A$36)*(O$2=SalesforceData!$B$2:'SalesforceData'!$B$36) * (O$3=SalesforceData!$E$2:'SalesforceData'!$E$36),0)),INDEX(SalesforceData!$D$2:$D$36,MATCH(1,($G7=SalesforceData!$A$2:$A$36)*(O$2=SalesforceData!$B$2:'SalesforceData'!$B$36)*(O$3=SalesforceData!$C$2:'SalesforceData'!$C$36),0))),"")} -> 0 | S7: {=IF(CELL("contents",G7)=0,"",CELL("contents",G7))} | T7: {=IF(CELL("contents",H7)=0,"",CELL("contents",H7))} | U7: {=IF(CELL("contents",I7)=0,"",CELL("contents",I7))} | V7: {=IF(CELL("contents",J7)=0,"",CELL("contents",J7))} | W7: {=IF(CELL("contents",K7)=0,"",CELL("contents",K7))} | X7: {=IF(CELL("contents",L7)=0,"",CELL("contents",L7))} | Y7: {=IF(CELL("contents",M7)=0,"",CELL("contents",M7))} | Z7: {=IF(CELL("contents",N7)=0,"",CELL("contents",N7))} | AA7: {=IF(CELL("contents",O7)=0,"",CELL("contents",O7))}
A8: {=IF(IFERROR(INDEX(SalesforceData!$A$2:'SalesforceData'!$A$36, MATCH(0, COUNTIF(DataTransformation!$A$2:'DataTransformation'!$A7, SalesforceData!$A$2:'SalesforceData'!$A$36), 0)),"") = 0,"", IFERROR(INDEX(SalesforceData!$A$2:'SalesforceData'!$A$36, MATCH(0, COUNTIF(DataTransformation!$A$2:'DataTransformation'!$A7, SalesforceData!$A$2:'SalesforceData'!$A$36), 0)),""))} | B8: {=IF(IFERROR(INDEX(SalesforceData!$B$2:'SalesforceData'!$B$36, MATCH(0, COUNTIF(DataTransformation!$B$2:'DataTransformation'!$B7, SalesforceData!$B$2:'SalesforceData'!$B$36), 0)),"") = 0,"", IFERROR(INDEX(SalesforceData!$B$2:'SalesforceData'!$B$36, MATCH(0, COUNTIF(DataTransformation!$B$2:'DataTransformation'!$B7, SalesforceData!$B$2:'SalesforceData'!$B$36), 0)),""))} | C8: =C7 | D8: =IF(LEN(C8)>0,"lbs","") | G8: =A7 | H8: {=IFERROR(IF(COUNT(INDEX(SalesforceData!$D$2:$D$36,MATCH(1,($G8=SalesforceData!$A$2:$A$36)*(H$2=SalesforceData!$B$2:'SalesforceData'!$B$36)*(H$3=SalesforceData!$C$2:'SalesforceData'!$C$36),0)))=0,INDEX(SalesforceData!$F$2:$F$36,MATCH(1,($G8=SalesforceData!$A$2:$A$36)*(H$2=SalesforceData!$B$2:'SalesforceData'!$B$36) * (H$3=SalesforceData!$E$2:'SalesforceData'!$E$36),0)),INDEX(SalesforceData!$D$2:$D$36,MATCH(1,($G8=SalesforceData!$A$2:$A$36)*(H$2=SalesforceData!$B$2:'SalesforceData'!$B$36)*(H$3=SalesforceData!$C$2:'SalesforceData'!$C$36),0))),"")} -> 0 | I8: {=IFERROR(IF(COUNT(INDEX(SalesforceData!$D$2:$D$36,MATCH(1,($G8=SalesforceData!$A$2:$A$36)*(I$2=SalesforceData!$B$2:'SalesforceData'!$B$36)*(I$3=SalesforceData!$C$2:'SalesforceData'!$C$36),0)))=0,INDEX(SalesforceData!$F$2:$F$36,MATCH(1,($G8=SalesforceData!$A$2:$A$36)*(I$2=SalesforceData!$B$2:'SalesforceData'!$B$36) * (I$3=SalesforceData!$E$2:'SalesforceData'!$E$36),0)),INDEX(SalesforceData!$D$2:$D$36,MATCH(1,($G8=SalesforceData!$A$2:$A$36)*(I$2=SalesforceData!$B$2:'SalesforceData'!$B$36)*(I$3=SalesforceData!$C$2:'SalesforceData'!$C$36),0))),"")} -> 0 | J8: {=IFERROR(IF(COUNT(INDEX(SalesforceData!$D$2:$D$36,MATCH(1,($G8=SalesforceData!$A$2:$A$36)*(J$2=SalesforceData!$B$2:'SalesforceData'!$B$36)*(J$3=SalesforceData!$C$2:'SalesforceData'!$C$36),0)))=0,INDEX(SalesforceData!$F$2:$F$36,MATCH(1,($G8=SalesforceData!$A$2:$A$36)*(J$2=SalesforceData!$B$2:'SalesforceData'!$B$36) * (J$3=SalesforceData!$E$2:'SalesforceData'!$E$36),0)),INDEX(SalesforceData!$D$2:$D$36,MATCH(1,($G8=SalesforceData!$A$2:$A$36)*(J$2=SalesforceData!$B$2:'SalesforceData'!$B$36)*(J$3=SalesforceData!$C$2:'SalesforceData'!$C$36),0))),"")} -> 0 | K8: {=IFERROR(IF(COUNT(INDEX(SalesforceData!$D$2:$D$36,MATCH(1,($G8=SalesforceData!$A$2:$A$36)*(K$2=SalesforceData!$B$2:'SalesforceData'!$B$36)*(K$3=SalesforceData!$C$2:'SalesforceData'!$C$36),0)))=0,INDEX(SalesforceData!$F$2:$F$36,MATCH(1,($G8=SalesforceData!$A$2:$A$36)*(K$2=SalesforceData!$B$2:'SalesforceData'!$B$36) * (K$3=SalesforceData!$E$2:'SalesforceData'!$E$36),0)),INDEX(SalesforceData!$D$2:$D$36,MATCH(1,($G8=SalesforceData!$A$2:$A$36)*(K$2=SalesforceData!$B$2:'SalesforceData'!$B$36)*(K$3=SalesforceData!$C$2:'SalesforceData'!$C$36),0))),"")} -> 0 | L8: {=IFERROR(IF(COUNT(INDEX(SalesforceData!$D$2:$D$36,MATCH(1,($G8=SalesforceData!$A$2:$A$36)*(L$2=SalesforceData!$B$2:'SalesforceData'!$B$36)*(L$3=SalesforceData!$C$2:'SalesforceData'!$C$36),0)))=0,INDEX(SalesforceData!$F$2:$F$36,MATCH(1,($G8=SalesforceData!$A$2:$A$36)*(L$2=SalesforceData!$B$2:'SalesforceData'!$B$36) * (L$3=SalesforceData!$E$2:'SalesforceData'!$E$36),0)),INDEX(SalesforceData!$D$2:$D$36,MATCH(1,($G8=SalesforceData!$A$2:$A$36)*(L$2=SalesforceData!$B$2:'SalesforceData'!$B$36)*(L$3=SalesforceData!$C$2:'SalesforceData'!$C$36),0))),"")} -> 0 | M8: {=IFERROR(IF(COUNT(INDEX(SalesforceData!$D$2:$D$36,MATCH(1,($G8=SalesforceData!$A$2:$A$36)*(M$2=SalesforceData!$B$2:'SalesforceData'!$B$36)*(M$3=SalesforceData!$C$2:'SalesforceData'!$C$36),0)))=0,INDEX(SalesforceData!$F$2:$F$36,MATCH(1,($G8=SalesforceData!$A$2:$A$36)*(M$2=SalesforceData!$B$2:'SalesforceData'!$B$36) * (M$3=SalesforceData!$E$2:'SalesforceData'!$E$36),0)),INDEX(SalesforceData!$D$2:$D$36,MATCH(1,($G8=SalesforceData!$A$2:$A$36)*(M$2=SalesforceData!$B$2:'SalesforceData'!$B$36)*(M$3=SalesforceData!$C$2:'SalesforceData'!$C$36),0))),"")} -> 0 | N8: {=IFERROR(IF(COUNT(INDEX(SalesforceData!$D$2:$D$36,MATCH(1,($G8=SalesforceData!$A$2:$A$36)*(N$2=SalesforceData!$B$2:'SalesforceData'!$B$36)*(N$3=SalesforceData!$C$2:'SalesforceData'!$C$36),0)))=0,INDEX(SalesforceData!$F$2:$F$36,MATCH(1,($G8=SalesforceData!$A$2:$A$36)*(N$2=SalesforceData!$B$2:'SalesforceData'!$B$36) * (N$3=SalesforceData!$E$2:'SalesforceData'!$E$36),0)),INDEX(SalesforceData!$D$2:$D$36,MATCH(1,($G8=SalesforceData!$A$2:$A$36)*(N$2=SalesforceData!$B$2:'SalesforceData'!$B$36)*(N$3=SalesforceData!$C$2:'SalesforceData'!$C$36),0))),"")} -> 0 | O8: {=IFERROR(IF(COUNT(INDEX(SalesforceData!$D$2:$D$36,MATCH(1,($G8=SalesforceData!$A$2:$A$36)*(O$2=SalesforceData!$B$2:'SalesforceData'!$B$36)*(O$3=SalesforceData!$C$2:'SalesforceData'!$C$36),0)))=0,INDEX(SalesforceData!$F$2:$F$36,MATCH(1,($G8=SalesforceData!$A$2:$A$36)*(O$2=SalesforceData!$B$2:'SalesforceData'!$B$36) * (O$3=SalesforceData!$E$2:'SalesforceData'!$E$36),0)),INDEX(SalesforceData!$D$2:$D$36,MATCH(1,($G8=SalesforceData!$A$2:$A$36)*(O$2=SalesforceData!$B$2:'SalesforceData'!$B$36)*(O$3=SalesforceData!$C$2:'SalesforceData'!$C$36),0))),"")} -> 0 | S8: {=IF(CELL("contents",G8)=0,"",CELL("contents",G8))} | T8: {=IF(CELL("contents",H8)=0,"",CELL("contents",H8))} | U8: {=IF(CELL("contents",I8)=0,"",CELL("contents",I8))} | V8: {=IF(CELL("contents",J8)=0,"",CELL("contents",J8))} | W8: {=IF(CELL("contents",K8)=0,"",CELL("contents",K8))} | X8: {=IF(CELL("contents",L8)=0,"",CELL("contents",L8))} | Y8: {=IF(CELL("contents",M8)=0,"",CELL("contents",M8))} | Z8: {=IF(CELL("contents",N8)=0,"",CELL("contents",N8))} | AA8: {=IF(CELL("contents",O8)=0,"",CELL("contents",O8))}
A9: {=IF(IFERROR(INDEX(SalesforceData!$A$2:'SalesforceData'!$A$36, MATCH(0, COUNTIF(DataTransformation!$A$2:'DataTransformation'!$A8, SalesforceData!$A$2:'SalesforceData'!$A$36), 0)),"") = 0,"", IFERROR(INDEX(SalesforceData!$A$2:'SalesforceData'!$A$36, MATCH(0, COUNTIF(DataTransformation!$A$2:'DataTransformation'!$A8, SalesforceData!$A$2:'SalesforceData'!$A$36), 0)),""))} | B9: {=IF(IFERROR(INDEX(SalesforceData!$B$2:'SalesforceData'!$B$36, MATCH(0, COUNTIF(DataTransformation!$B$2:'DataTransformation'!$B8, SalesforceData!$B$2:'SalesforceData'!$B$36), 0)),"") = 0,"", IFERROR(INDEX(SalesforceData!$B$2:'SalesforceData'!$B$36, MATCH(0, COUNTIF(DataTransformation!$B$2:'DataTransformation'!$B8, SalesforceData!$B$2:'SalesforceData'!$B$36), 0)),""))} | C9: =B6 | D9: =IF(LEN(C9)>0,"kg","") | G9: =A8 | H9: {=IFERROR(IF(COUNT(INDEX(SalesforceData!$D$2:$D$36,MATCH(1,($G9=SalesforceData!$A$2:$A$36)*(H$2=SalesforceData!$B$2:'SalesforceData'!$B$36)*(H$3=SalesforceData!$C$2:'SalesforceData'!$C$36),0)))=0,INDEX(SalesforceData!$F$2:$F$36,MATCH(1,($G9=SalesforceData!$A$2:$A$36)*(H$2=SalesforceData!$B$2:'SalesforceData'!$B$36) * (H$3=SalesforceData!$E$2:'SalesforceData'!$E$36),0)),INDEX(SalesforceData!$D$2:$D$36,MATCH(1,($G9=SalesforceData!$A$2:$A$36)*(H$2=SalesforceData!$B$2:'SalesforceData'!$B$36)*(H$3=SalesforceData!$C$2:'SalesforceData'!$C$36),0))),"")} -> 0 | I9: {=IFERROR(IF(COUNT(INDEX(SalesforceData!$D$2:$D$36,MATCH(1,($G9=SalesforceData!$A$2:$A$36)*(I$2=SalesforceData!$B$2:'SalesforceData'!$B$36)*(I$3=SalesforceData!$C$2:'SalesforceData'!$C$36),0)))=0,INDEX(SalesforceData!$F$2:$F$36,MATCH(1,($G9=SalesforceData!$A$2:$A$36)*(I$2=SalesforceData!$B$2:'SalesforceData'!$B$36) * (I$3=SalesforceData!$E$2:'SalesforceData'!$E$36),0)),INDEX(SalesforceData!$D$2:$D$36,MATCH(1,($G9=SalesforceData!$A$2:$A$36)*(I$2=SalesforceData!$B$2:'SalesforceData'!$B$36)*(I$3=SalesforceData!$C$2:'SalesforceData'!$C$36),0))),"")} -> 0 | J9: {=IFERROR(IF(COUNT(INDEX(SalesforceData!$D$2:$D$36,MATCH(1,($G9=SalesforceData!$A$2:$A$36)*(J$2=SalesforceData!$B$2:'SalesforceData'!$B$36)*(J$3=SalesforceData!$C$2:'SalesforceData'!$C$36),0)))=0,INDEX(SalesforceData!$F$2:$F$36,MATCH(1,($G9=SalesforceData!$A$2:$A$36)*(J$2=SalesforceData!$B$2:'SalesforceData'!$B$36) * (J$3=SalesforceData!$E$2:'SalesforceData'!$E$36),0)),INDEX(SalesforceData!$D$2:$D$36,MATCH(1,($G9=SalesforceData!$A$2:$A$36)*(J$2=SalesforceData!$B$2:'SalesforceData'!$B$36)*(J$3=SalesforceData!$C$2:'SalesforceData'!$C$36),0))),"")} -> 0 | K9: {=IFERROR(IF(COUNT(INDEX(SalesforceData!$D$2:$D$36,MATCH(1,($G9=SalesforceData!$A$2:$A$36)*(K$2=SalesforceData!$B$2:'SalesforceData'!$B$36)*(K$3=SalesforceData!$C$2:'SalesforceData'!$C$36),0)))=0,INDEX(SalesforceData!$F$2:$F$36,MATCH(1,($G9=SalesforceData!$A$2:$A$36)*(K$2=SalesforceData!$B$2:'SalesforceData'!$B$36) * (K$3=SalesforceData!$E$2:'SalesforceData'!$E$36),0)),INDEX(SalesforceData!$D$2:$D$36,MATCH(1,($G9=SalesforceData!$A$2:$A$36)*(K$2=SalesforceData!$B$2:'SalesforceData'!$B$36)*(K$3=SalesforceData!$C$2:'SalesforceData'!$C$36),0))),"")} -> 0 | L9: {=IFERROR(IF(COUNT(INDEX(SalesforceData!$D$2:$D$36,MATCH(1,($G9=SalesforceData!$A$2:$A$36)*(L$2=SalesforceData!$B$2:'SalesforceData'!$B$36)*(L$3=SalesforceData!$C$2:'SalesforceData'!$C$36),0)))=0,INDEX(SalesforceData!$F$2:$F$36,MATCH(1,($G9=SalesforceData!$A$2:$A$36)*(L$2=SalesforceData!$B$2:'SalesforceData'!$B$36) * (L$3=SalesforceData!$E$2:'SalesforceData'!$E$36),0)),INDEX(SalesforceData!$D$2:$D$36,MATCH(1,($G9=SalesforceData!$A$2:$A$36)*(L$2=SalesforceData!$B$2:'SalesforceData'!$B$36)*(L$3=SalesforceData!$C$2:'SalesforceData'!$C$36),0))),"")} -> 0 | M9: {=IFERROR(IF(COUNT(INDEX(SalesforceData!$D$2:$D$36,MATCH(1,($G9=SalesforceData!$A$2:$A$36)*(M$2=SalesforceData!$B$2:'SalesforceData'!$B$36)*(M$3=SalesforceData!$C$2:'SalesforceData'!$C$36),0)))=0,INDEX(SalesforceData!$F$2:$F$36,MATCH(1,($G9=SalesforceData!$A$2:$A$36)*(M$2=SalesforceData!$B$2:'SalesforceData'!$B$36) * (M$3=SalesforceData!$E$2:'SalesforceData'!$E$36),0)),INDEX(SalesforceData!$D$2:$D$36,MATCH(1,($G9=SalesforceData!$A$2:$A$36)*(M$2=SalesforceData!$B$2:'SalesforceData'!$B$36)*(M$3=SalesforceData!$C$2:'SalesforceData'!$C$36),0))),"")} -> 0 | N9: {=IFERROR(IF(COUNT(INDEX(SalesforceData!$D$2:$D$36,MATCH(1,($G9=SalesforceData!$A$2:$A$36)*(N$2=SalesforceData!$B$2:'SalesforceData'!$B$36)*(N$3=SalesforceData!$C$2:'SalesforceData'!$C$36),0)))=0,INDEX(SalesforceData!$F$2:$F$36,MATCH(1,($G9=SalesforceData!$A$2:$A$36)*(N$2=SalesforceData!$B$2:'SalesforceData'!$B$36) * (N$3=SalesforceData!$E$2:'SalesforceData'!$E$36),0)),INDEX(SalesforceData!$D$2:$D$36,MATCH(1,($G9=SalesforceData!$A$2:$A$36)*(N$2=SalesforceData!$B$2:'SalesforceData'!$B$36)*(N$3=SalesforceData!$C$2:'SalesforceData'!$C$36),0))),"")} -> 0 | O9: {=IFERROR(IF(COUNT(INDEX(SalesforceData!$D$2:$D$36,MATCH(1,($G9=SalesforceData!$A$2:$A$36)*(O$2=SalesforceData!$B$2:'SalesforceData'!$B$36)*(O$3=SalesforceData!$C$2:'SalesforceData'!$C$36),0)))=0,INDEX(SalesforceData!$F$2:$F$36,MATCH(1,($G9=SalesforceData!$A$2:$A$36)*(O$2=SalesforceData!$B$2:'SalesforceData'!$B$36) * (O$3=SalesforceData!$E$2:'SalesforceData'!$E$36),0)),INDEX(SalesforceData!$D$2:$D$36,MATCH(1,($G9=SalesforceData!$A$2:$A$36)*(O$2=SalesforceData!$B$2:'SalesforceData'!$B$36)*(O$3=SalesforceData!$C$2:'SalesforceData'!$C$36),0))),"")} -> 0 | S9: {=IF(CELL("contents",G9)=0,"",CELL("contents",G9))} | T9: {=IF(CELL("contents",H9)=0,"",CELL("contents",H9))} | U9: {=IF(CELL("contents",I9)=0,"",CELL("contents",I9))} | V9: {=IF(CELL("contents",J9)=0,"",CELL("contents",J9))} | W9: {=IF(CELL("contents",K9)=0,"",CELL("contents",K9))} | X9: {=IF(CELL("contents",L9)=0,"",CELL("contents",L9))} | Y9: {=IF(CELL("contents",M9)=0,"",CELL("contents",M9))} | Z9: {=IF(CELL("contents",N9)=0,"",CELL("contents",N9))} | AA9: {=IF(CELL("contents",O9)=0,"",CELL("contents",O9))}
A10: {=IF(IFERROR(INDEX(SalesforceData!$A$2:'SalesforceData'!$A$36, MATCH(0, COUNTIF(DataTransformation!$A$2:'DataTransformation'!$A9, SalesforceData!$A$2:'SalesforceData'!$A$36), 0)),"") = 0,"", IFERROR(INDEX(SalesforceData!$A$2:'SalesforceData'!$A$36, MATCH(0, COUNTIF(DataTransformation!$A$2:'DataTransformation'!$A9, SalesforceData!$A$2:'SalesforceData'!$A$36), 0)),""))} | B10: {=IF(IFERROR(INDEX(SalesforceData!$B$2:'SalesforceData'!$B$36, MATCH(0, COUNTIF(DataTransformation!$B$2:'DataTransformation'!$B9, SalesforceData!$B$2:'SalesforceData'!$B$36), 0)),"") = 0,"", IFERROR(INDEX(SalesforceData!$B$2:'SalesforceData'!$B$36, MATCH(0, COUNTIF(DataTransformation!$B$2:'DataTransformation'!$B9, SalesforceData!$B$2:'SalesforceData'!$B$36), 0)),""))} | C10: =C9 | D10: =IF(LEN(C10)>0,"lbs","") | G10: =A9 | H10: {=IFERROR(IF(COUNT(INDEX(SalesforceData!$D$2:$D$36,MATCH(1,($G10=SalesforceData!$A$2:$A$36)*(H$2=SalesforceData!$B$2:'SalesforceData'!$B$36)*(H$3=SalesforceData!$C$2:'SalesforceData'!$C$36),0)))=0,INDEX(SalesforceData!$F$2:$F$36,MATCH(1,($G10=SalesforceData!$A$2:$A$36)*(H$2=SalesforceData!$B$2:'SalesforceData'!$B$36) * (H$3=SalesforceData!$E$2:'SalesforceData'!$E$36),0)),INDEX(SalesforceData!$D$2:$D$36,MATCH(1,($G10=SalesforceData!$A$2:$A$36)*(H$2=SalesforceData!$B$2:'SalesforceData'!$B$36)*(H$3=SalesforceData!$C$2:'SalesforceData'!$C$36),0))),"")} -> 0 | I10: {=IFERROR(IF(COUNT(INDEX(SalesforceData!$D$2:$D$36,MATCH(1,($G10=SalesforceData!$A$2:$A$36)*(I$2=SalesforceData!$B$2:'SalesforceData'!$B$36)*(I$3=SalesforceData!$C$2:'SalesforceData'!$C$36),0)))=0,INDEX(SalesforceData!$F$2:$F$36,MATCH(1,($G10=SalesforceData!$A$2:$A$36)*(I$2=SalesforceData!$B$2:'SalesforceData'!$B$36) * (I$3=SalesforceData!$E$2:'SalesforceData'!$E$36),0)),INDEX(SalesforceData!$D$2:$D$36,MATCH(1,($G10=SalesforceData!$A$2:$A$36)*(I$2=SalesforceData!$B$2:'SalesforceData'!$B$36)*(I$3=SalesforceData!$C$2:'SalesforceData'!$C$36),0))),"")} -> 0 | J10: {=IFERROR(IF(COUNT(INDEX(SalesforceData!$D$2:$D$36,MATCH(1,($G10=SalesforceData!$A$2:$A$36)*(J$2=SalesforceData!$B$2:'SalesforceData'!$B$36)*(J$3=SalesforceData!$C$2:'SalesforceData'!$C$36),0)))=0,INDEX(SalesforceData!$F$2:$F$36,MATCH(1,($G10=SalesforceData!$A$2:$A$36)*(J$2=SalesforceData!$B$2:'SalesforceData'!$B$36) * (J$3=SalesforceData!$E$2:'SalesforceData'!$E$36),0)),INDEX(SalesforceData!$D$2:$D$36,MATCH(1,($G10=SalesforceData!$A$2:$A$36)*(J$2=SalesforceData!$B$2:'SalesforceData'!$B$36)*(J$3=SalesforceData!$C$2:'SalesforceData'!$C$36),0))),"")} -> 0 | K10: {=IFERROR(IF(COUNT(INDEX(SalesforceData!$D$2:$D$36,MATCH(1,($G10=SalesforceData!$A$2:$A$36)*(K$2=SalesforceData!$B$2:'SalesforceData'!$B$36)*(K$3=SalesforceData!$C$2:'SalesforceData'!$C$36),0)))=0,INDEX(SalesforceData!$F$2:$F$36,MATCH(1,($G10=SalesforceData!$A$2:$A$36)*(K$2=SalesforceData!$B$2:'SalesforceData'!$B$36) * (K$3=SalesforceData!$E$2:'SalesforceData'!$E$36),0)),INDEX(SalesforceData!$D$2:$D$36,MATCH(1,($G10=SalesforceData!$A$2:$A$36)*(K$2=SalesforceData!$B$2:'SalesforceData'!$B$36)*(K$3=SalesforceData!$C$2:'SalesforceData'!$C$36),0))),"")} -> 0 | L10: {=IFERROR(IF(COUNT(INDEX(SalesforceData!$D$2:$D$36,MATCH(1,($G10=SalesforceData!$A$2:$A$36)*(L$2=SalesforceData!$B$2:'SalesforceData'!$B$36)*(L$3=SalesforceData!$C$2:'SalesforceData'!$C$36),0)))=0,INDEX(SalesforceData!$F$2:$F$36,MATCH(1,($G10=SalesforceData!$A$2:$A$36)*(L$2=SalesforceData!$B$2:'SalesforceData'!$B$36) * (L$3=SalesforceData!$E$2:'SalesforceData'!$E$36),0)),INDEX(SalesforceData!$D$2:$D$36,MATCH(1,($G10=SalesforceData!$A$2:$A$36)*(L$2=SalesforceData!$B$2:'SalesforceData'!$B$36)*(L$3=SalesforceData!$C$2:'SalesforceData'!$C$36),0))),"")} -> 0 | M10: {=IFERROR(IF(COUNT(INDEX(SalesforceData!$D$2:$D$36,MATCH(1,($G10=SalesforceData!$A$2:$A$36)*(M$2=SalesforceData!$B$2:'SalesforceData'!$B$36)*(M$3=SalesforceData!$C$2:'SalesforceData'!$C$36),0)))=0,INDEX(SalesforceData!$F$2:$F$36,MATCH(1,($G10=SalesforceData!$A$2:$A$36)*(M$2=SalesforceData!$B$2:'SalesforceData'!$B$36) * (M$3=SalesforceData!$E$2:'SalesforceData'!$E$36),0)),INDEX(SalesforceData!$D$2:$D$36,MATCH(1,($G10=SalesforceData!$A$2:$A$36)*(M$2=SalesforceData!$B$2:'SalesforceData'!$B$36)*(M$3=SalesforceData!$C$2:'SalesforceData'!$C$36),0))),"")} -> 0 | N10: {=IFERROR(IF(COUNT(INDEX(SalesforceData!$D$2:$D$36,MATCH(1,($G10=SalesforceData!$A$2:$A$36)*(N$2=SalesforceData!$B$2:'SalesforceData'!$B$36)*(N$3=SalesforceData!$C$2:'SalesforceData'!$C$36),0)))=0,INDEX(SalesforceData!$F$2:$F$36,MATCH(1,($G10=SalesforceData!$A$2:$A$36)*(N$2=SalesforceData!$B$2:'SalesforceData'!$B$36) * (N$3=SalesforceData!$E$2:'SalesforceData'!$E$36),0)),INDEX(SalesforceData!$D$2:$D$36,MATCH(1,($G10=SalesforceData!$A$2:$A$36)*(N$2=SalesforceData!$B$2:'SalesforceData'!$B$36)*(N$3=SalesforceData!$C$2:'SalesforceData'!$C$36),0))),"")} -> 0 | O10: {=IFERROR(IF(COUNT(INDEX(SalesforceData!$D$2:$D$36,MATCH(1,($G10=SalesforceData!$A$2:$A$36)*(O$2=SalesforceData!$B$2:'SalesforceData'!$B$36)*(O$3=SalesforceData!$C$2:'SalesforceData'!$C$36),0)))=0,INDEX(SalesforceData!$F$2:$F$36,MATCH(1,($G10=SalesforceData!$A$2:$A$36)*(O$2=SalesforceData!$B$2:'SalesforceData'!$B$36) * (O$3=SalesforceData!$E$2:'SalesforceData'!$E$36),0)),INDEX(SalesforceData!$D$2:$D$36,MATCH(1,($G10=SalesforceData!$A$2:$A$36)*(O$2=SalesforceData!$B$2:'SalesforceData'!$B$36)*(O$3=SalesforceData!$C$2:'SalesforceData'!$C$36),0))),"")} -> 0 | S10: {=IF(CELL("contents",G10)=0,"",CELL("contents",G10))} | T10: {=IF(CELL("contents",H10)=0,"",CELL("contents",H10))} | U10: {=IF(CELL("contents",I10)=0,"",CELL("contents",I10))} | V10: {=IF(CELL("contents",J10)=0,"",CELL("contents",J10))} | W10: {=IF(CELL("contents",K10)=0,"",CELL("contents",K10))} | X10: {=IF(CELL("contents",L10)=0,"",CELL("contents",L10))} | Y10: {=IF(CELL("contents",M10)=0,"",CELL("contents",M10))} | Z10: {=IF(CELL("contents",N10)=0,"",CELL("contents",N10))} | AA10: {=IF(CELL("contents",O10)=0,"",CELL("contents",O10))}
A11: {=IF(IFERROR(INDEX(SalesforceData!$A$2:'SalesforceData'!$A$36, MATCH(0, COUNTIF(DataTransformation!$A$2:'DataTransformation'!$A10, SalesforceData!$A$2:'SalesforceData'!$A$36), 0)),"") = 0,"", IFERROR(INDEX(SalesforceData!$A$2:'SalesforceData'!$A$36, MATCH(0, COUNTIF(DataTransformation!$A$2:'DataTransformation'!$A10, SalesforceData!$A$2:'SalesforceData'!$A$36), 0)),""))} | B11: {=IF(IFERROR(INDEX(SalesforceData!$B$2:'SalesforceData'!$B$36, MATCH(0, COUNTIF(DataTransformation!$B$2:'DataTransformation'!$B10, SalesforceData!$B$2:'SalesforceData'!$B$36), 0)),"") = 0,"", IFERROR(INDEX(SalesforceData!$B$2:'SalesforceData'!$B$36, MATCH(0, COUNTIF(DataTransformation!$B$2:'DataTransformation'!$B10, SalesforceData!$B$2:'SalesforceData'!$B$36), 0)),""))} | D11: =IF(LEN(C11)>0,"kg","") | G11: =A10 | H11: {=IFERROR(IF(COUNT(INDEX(SalesforceData!$D$2:$D$36,MATCH(1,($G11=SalesforceData!$A$2:$A$36)*(H$2=SalesforceData!$B$2:'SalesforceData'!$B$36)*(H$3=SalesforceData!$C$2:'SalesforceData'!$C$36),0)))=0,INDEX(SalesforceData!$F$2:$F$36,MATCH(1,($G11=SalesforceData!$A$2:$A$36)*(H$2=SalesforceData!$B$2:'SalesforceData'!$B$36) * (H$3=SalesforceData!$E$2:'SalesforceData'!$E$36),0)),INDEX(SalesforceData!$D$2:$D$36,MATCH(1,($G11=SalesforceData!$A$2:$A$36)*(H$2=SalesforceData!$B$2:'SalesforceData'!$B$36)*(H$3=SalesforceData!$C$2:'SalesforceData'!$C$36),0))),"")} -> 0 | I11: {=IFERROR(IF(COUNT(INDEX(SalesforceData!$D$2:$D$36,MATCH(1,($G11=SalesforceData!$A$2:$A$36)*(I$2=SalesforceData!$B$2:'SalesforceData'!$B$36)*(I$3=SalesforceData!$C$2:'SalesforceData'!$C$36),0)))=0,INDEX(SalesforceData!$F$2:$F$36,MATCH(1,($G11=SalesforceData!$A$2:$A$36)*(I$2=SalesforceData!$B$2:'SalesforceData'!$B$36) * (I$3=SalesforceData!$E$2:'SalesforceData'!$E$36),0)),INDEX(SalesforceData!$D$2:$D$36,MATCH(1,($G11=SalesforceData!$A$2:$A$36)*(I$2=SalesforceData!$B$2:'SalesforceData'!$B$36)*(I$3=SalesforceData!$C$2:'SalesforceData'!$C$36),0))),"")} -> 0 | J11: {=IFERROR(IF(COUNT(INDEX(SalesforceData!$D$2:$D$36,MATCH(1,($G11=SalesforceData!$A$2:$A$36)*(J$2=SalesforceData!$B$2:'SalesforceData'!$B$36)*(J$3=SalesforceData!$C$2:'SalesforceData'!$C$36),0)))=0,INDEX(SalesforceData!$F$2:$F$36,MATCH(1,($G11=SalesforceData!$A$2:$A$36)*(J$2=SalesforceData!$B$2:'SalesforceData'!$B$36) * (J$3=SalesforceData!$E$2:'SalesforceData'!$E$36),0)),INDEX(SalesforceData!$D$2:$D$36,MATCH(1,($G11=SalesforceData!$A$2:$A$36)*(J$2=SalesforceData!$B$2:'SalesforceData'!$B$36)*(J$3=SalesforceData!$C$2:'SalesforceData'!$C$36),0))),"")} -> 0 | K11: {=IFERROR(IF(COUNT(INDEX(SalesforceData!$D$2:$D$36,MATCH(1,($G11=SalesforceData!$A$2:$A$36)*(K$2=SalesforceData!$B$2:'SalesforceData'!$B$36)*(K$3=SalesforceData!$C$2:'SalesforceData'!$C$36),0)))=0,INDEX(SalesforceData!$F$2:$F$36,MATCH(1,($G11=SalesforceData!$A$2:$A$36)*(K$2=SalesforceData!$B$2:'SalesforceData'!$B$36) * (K$3=SalesforceData!$E$2:'SalesforceData'!$E$36),0)),INDEX(SalesforceData!$D$2:$D$36,MATCH(1,($G11=SalesforceData!$A$2:$A$36)*(K$2=SalesforceData!$B$2:'SalesforceData'!$B$36)*(K$3=SalesforceData!$C$2:'SalesforceData'!$C$36),0))),"")} -> 0 | L11: {=IFERROR(IF(COUNT(INDEX(SalesforceData!$D$2:$D$36,MATCH(1,($G11=SalesforceData!$A$2:$A$36)*(L$2=SalesforceData!$B$2:'SalesforceData'!$B$36)*(L$3=SalesforceData!$C$2:'SalesforceData'!$C$36),0)))=0,INDEX(SalesforceData!$F$2:$F$36,MATCH(1,($G11=SalesforceData!$A$2:$A$36)*(L$2=SalesforceData!$B$2:'SalesforceData'!$B$36) * (L$3=SalesforceData!$E$2:'SalesforceData'!$E$36),0)),INDEX(SalesforceData!$D$2:$D$36,MATCH(1,($G11=SalesforceData!$A$2:$A$36)*(L$2=SalesforceData!$B$2:'SalesforceData'!$B$36)*(L$3=SalesforceData!$C$2:'SalesforceData'!$C$36),0))),"")} -> 0 | M11: {=IFERROR(IF(COUNT(INDEX(SalesforceData!$D$2:$D$36,MATCH(1,($G11=SalesforceData!$A$2:$A$36)*(M$2=SalesforceData!$B$2:'SalesforceData'!$B$36)*(M$3=SalesforceData!$C$2:'SalesforceData'!$C$36),0)))=0,INDEX(SalesforceData!$F$2:$F$36,MATCH(1,($G11=SalesforceData!$A$2:$A$36)*(M$2=SalesforceData!$B$2:'SalesforceData'!$B$36) * (M$3=SalesforceData!$E$2:'SalesforceData'!$E$36),0)),INDEX(SalesforceData!$D$2:$D$36,MATCH(1,($G11=SalesforceData!$A$2:$A$36)*(M$2=SalesforceData!$B$2:'SalesforceData'!$B$36)*(M$3=SalesforceData!$C$2:'SalesforceData'!$C$36),0))),"")} -> 0 | N11: {=IFERROR(IF(COUNT(INDEX(SalesforceData!$D$2:$D$36,MATCH(1,($G11=SalesforceData!$A$2:$A$36)*(N$2=SalesforceData!$B$2:'SalesforceData'!$B$36)*(N$3=SalesforceData!$C$2:'SalesforceData'!$C$36),0)))=0,INDEX(SalesforceData!$F$2:$F$36,MATCH(1,($G11=SalesforceData!$A$2:$A$36)*(N$2=SalesforceData!$B$2:'SalesforceData'!$B$36) * (N$3=SalesforceData!$E$2:'SalesforceData'!$E$36),0)),INDEX(SalesforceData!$D$2:$D$36,MATCH(1,($G11=SalesforceData!$A$2:$A$36)*(N$2=SalesforceData!$B$2:'SalesforceData'!$B$36)*(N$3=SalesforceData!$C$2:'SalesforceData'!$C$36),0))),"")} -> 0 | O11: {=IFERROR(IF(COUNT(INDEX(SalesforceData!$D$2:$D$36,MATCH(1,($G11=SalesforceData!$A$2:$A$36)*(O$2=SalesforceData!$B$2:'SalesforceData'!$B$36)*(O$3=SalesforceData!$C$2:'SalesforceData'!$C$36),0)))=0,INDEX(SalesforceData!$F$2:$F$36,MATCH(1,($G11=SalesforceData!$A$2:$A$36)*(O$2=SalesforceData!$B$2:'SalesforceData'!$B$36) * (O$3=SalesforceData!$E$2:'SalesforceData'!$E$36),0)),INDEX(SalesforceData!$D$2:$D$36,MATCH(1,($G11=SalesforceData!$A$2:$A$36)*(O$2=SalesforceData!$B$2:'SalesforceData'!$B$36)*(O$3=SalesforceData!$C$2:'SalesforceData'!$C$36),0))),"")} -> 0 | S11: {=IF(CELL("contents",G11)=0,"",CELL("contents",G11))} | T11: {=IF(CELL("contents",H11)=0,"",CELL("contents",H11))} | U11: {=IF(CELL("contents",I11)=0,"",CELL("contents",I11))} | V11: {=IF(CELL("contents",J11)=0,"",CELL("contents",J11))} | W11: {=IF(CELL("contents",K11)=0,"",CELL("contents",K11))} | X11: {=IF(CELL("contents",L11)=0,"",CELL("contents",L11))} | Y11: {=IF(CELL("contents",M11)=0,"",CELL("contents",M11))} | Z11: {=IF(CELL("contents",N11)=0,"",CELL("contents",N11))} | AA11: {=IF(CELL("contents",O11)=0,"",CELL("contents",O11))}
A12: {=IF(IFERROR(INDEX(SalesforceData!$A$2:'SalesforceData'!$A$36, MATCH(0, COUNTIF(DataTransformation!$A$2:'DataTransformation'!$A11, SalesforceData!$A$2:'SalesforceData'!$A$36), 0)),"") = 0,"", IFERROR(INDEX(SalesforceData!$A$2:'SalesforceData'!$A$36, MATCH(0, COUNTIF(DataTransformation!$A$2:'DataTransformation'!$A11, SalesforceData!$A$2:'SalesforceData'!$A$36), 0)),""))} | B12: {=IF(IFERROR(INDEX(SalesforceData!$B$2:'SalesforceData'!$B$36, MATCH(0, COUNTIF(DataTransformation!$B$2:'DataTransformation'!$B11, SalesforceData!$B$2:'SalesforceData'!$B$36), 0)),"") = 0,"", IFERROR(INDEX(SalesforceData!$B$2:'SalesforceData'!$B$36, MATCH(0, COUNTIF(DataTransformation!$B$2:'DataTransformation'!$B11, SalesforceData!$B$2:'SalesforceData'!$B$36), 0)),""))} | G12: =A11 | H12: {=IFERROR(IF(COUNT(INDEX(SalesforceData!$D$2:$D$36,MATCH(1,($G12=SalesforceData!$A$2:$A$36)*(H$2=SalesforceData!$B$2:'SalesforceData'!$B$36)*(H$3=SalesforceData!$C$2:'SalesforceData'!$C$36),0)))=0,INDEX(SalesforceData!$F$2:$F$36,MATCH(1,($G12=SalesforceData!$A$2:$A$36)*(H$2=SalesforceData!$B$2:'SalesforceData'!$B$36) * (H$3=SalesforceData!$E$2:'SalesforceData'!$E$36),0)),INDEX(SalesforceData!$D$2:$D$36,MATCH(1,($G12=SalesforceData!$A$2:$A$36)*(H$2=SalesforceData!$B$2:'SalesforceData'!$B$36)*(H$3=SalesforceData!$C$2:'SalesforceData'!$C$36),0))),"")} -> 0 | I12: {=IFERROR(IF(COUNT(INDEX(SalesforceData!$D$2:$D$36,MATCH(1,($G12=SalesforceData!$A$2:$A$36)*(I$2=SalesforceData!$B$2:'SalesforceData'!$B$36)*(I$3=SalesforceData!$C$2:'SalesforceData'!$C$36),0)))=0,INDEX(SalesforceData!$F$2:$F$36,MATCH(1,($G12=SalesforceData!$A$2:$A$36)*(I$2=SalesforceData!$B$2:'SalesforceData'!$B$36) * (I$3=SalesforceData!$E$2:'SalesforceData'!$E$36),0)),INDEX(SalesforceData!$D$2:$D$36,MATCH(1,($G12=SalesforceData!$A$2:$A$36)*(I$2=SalesforceData!$B$2:'SalesforceData'!$B$36)*(I$3=SalesforceData!$C$2:'SalesforceData'!$C$36),0))),"")} -> 0 | J12: {=IFERROR(IF(COUNT(INDEX(SalesforceData!$D$2:$D$36,MATCH(1,($G12=SalesforceData!$A$2:$A$36)*(J$2=SalesforceData!$B$2:'SalesforceData'!$B$36)*(J$3=SalesforceData!$C$2:'SalesforceData'!$C$36),0)))=0,INDEX(SalesforceData!$F$2:$F$36,MATCH(1,($G12=SalesforceData!$A$2:$A$36)*(J$2=SalesforceData!$B$2:'SalesforceData'!$B$36) * (J$3=SalesforceData!$E$2:'SalesforceData'!$E$36),0)),INDEX(SalesforceData!$D$2:$D$36,MATCH(1,($G12=SalesforceData!$A$2:$A$36)*(J$2=SalesforceData!$B$2:'SalesforceData'!$B$36)*(J$3=SalesforceData!$C$2:'SalesforceData'!$C$36),0))),"")} -> 0 | K12: {=IFERROR(IF(COUNT(INDEX(SalesforceData!$D$2:$D$36,MATCH(1,($G12=SalesforceData!$A$2:$A$36)*(K$2=SalesforceData!$B$2:'SalesforceData'!$B$36)*(K$3=SalesforceData!$C$2:'SalesforceData'!$C$36),0)))=0,INDEX(SalesforceData!$F$2:$F$36,MATCH(1,($G12=SalesforceData!$A$2:$A$36)*(K$2=SalesforceData!$B$2:'SalesforceData'!$B$36) * (K$3=SalesforceData!$E$2:'SalesforceData'!$E$36),0)),INDEX(SalesforceData!$D$2:$D$36,MATCH(1,($G12=SalesforceData!$A$2:$A$36)*(K$2=SalesforceData!$B$2:'SalesforceData'!$B$36)*(K$3=SalesforceData!$C$2:'SalesforceData'!$C$36),0))),"")} -> 0 | L12: {=IFERROR(IF(COUNT(INDEX(SalesforceData!$D$2:$D$36,MATCH(1,($G12=SalesforceData!$A$2:$A$36)*(L$2=SalesforceData!$B$2:'SalesforceData'!$B$36)*(L$3=SalesforceData!$C$2:'SalesforceData'!$C$36),0)))=0,INDEX(SalesforceData!$F$2:$F$36,MATCH(1,($G12=SalesforceData!$A$2:$A$36)*(L$2=SalesforceData!$B$2:'SalesforceData'!$B$36) * (L$3=SalesforceData!$E$2:'SalesforceData'!$E$36),0)),INDEX(SalesforceData!$D$2:$D$36,MATCH(1,($G12=SalesforceData!$A$2:$A$36)*(L$2=SalesforceData!$B$2:'SalesforceData'!$B$36)*(L$3=SalesforceData!$C$2:'SalesforceData'!$C$36),0))),"")} -> 0 | M12: {=IFERROR(IF(COUNT(INDEX(SalesforceData!$D$2:$D$36,MATCH(1,($G12=SalesforceData!$A$2:$A$36)*(M$2=SalesforceData!$B$2:'SalesforceData'!$B$36)*(M$3=SalesforceData!$C$2:'SalesforceData'!$C$36),0)))=0,INDEX(SalesforceData!$F$2:$F$36,MATCH(1,($G12=SalesforceData!$A$2:$A$36)*(M$2=SalesforceData!$B$2:'SalesforceData'!$B$36) * (M$3=SalesforceData!$E$2:'SalesforceData'!$E$36),0)),INDEX(SalesforceData!$D$2:$D$36,MATCH(1,($G12=SalesforceData!$A$2:$A$36)*(M$2=SalesforceData!$B$2:'SalesforceData'!$B$36)*(M$3=SalesforceData!$C$2:'SalesforceData'!$C$36),0))),"")} -> 0 | N12: {=IFERROR(IF(COUNT(INDEX(SalesforceData!$D$2:$D$36,MATCH(1,($G12=SalesforceData!$A$2:$A$36)*(N$2=SalesforceData!$B$2:'SalesforceData'!$B$36)*(N$3=SalesforceData!$C$2:'SalesforceData'!$C$36),0)))=0,INDEX(SalesforceData!$F$2:$F$36,MATCH(1,($G12=SalesforceData!$A$2:$A$36)*(N$2=SalesforceData!$B$2:'SalesforceData'!$B$36) * (N$3=SalesforceData!$E$2:'SalesforceData'!$E$36),0)),INDEX(SalesforceData!$D$2:$D$36,MATCH(1,($G12=SalesforceData!$A$2:$A$36)*(N$2=SalesforceData!$B$2:'SalesforceData'!$B$36)*(N$3=SalesforceData!$C$2:'SalesforceData'!$C$36),0))),"")} -> 0 | O12: {=IFERROR(IF(COUNT(INDEX(SalesforceData!$D$2:$D$36,MATCH(1,($G12=SalesforceData!$A$2:$A$36)*(O$2=SalesforceData!$B$2:'SalesforceData'!$B$36)*(O$3=SalesforceData!$C$2:'SalesforceData'!$C$36),0)))=0,INDEX(SalesforceData!$F$2:$F$36,MATCH(1,($G12=SalesforceData!$A$2:$A$36)*(O$2=SalesforceData!$B$2:'SalesforceData'!$B$36) * (O$3=SalesforceData!$E$2:'SalesforceData'!$E$36),0)),INDEX(SalesforceData!$D$2:$D$36,MATCH(1,($G12=SalesforceData!$A$2:$A$36)*(O$2=SalesforceData!$B$2:'SalesforceData'!$B$36)*(O$3=SalesforceData!$C$2:'SalesforceData'!$C$36),0))),"")} -> 0 | S12: {=IF(CELL("contents",G12)=0,"",CELL("contents",G12))} | T12: {=IF(CELL("contents",H12)=0,"",CELL("contents",H12))} | U12: {=IF(CELL("contents",I12)=0,"",CELL("contents",I12))} | V12: {=IF(CELL("contents",J12)=0,"",CELL("contents",J12))} | W12: {=IF(CELL("contents",K12)=0,"",CELL("contents",K12))} | X12: {=IF(CELL("contents",L12)=0,"",CELL("contents",L12))} | Y12: {=IF(CELL("contents",M12)=0,"",CELL("contents",M12))} | Z12: {=IF(CELL("contents",N12)=0,"",CELL("contents",N12))} | AA12: {=IF(CELL("contents",O12)=0,"",CELL("contents",O12))}
A13: {=IF(IFERROR(INDEX(SalesforceData!$A$2:'SalesforceData'!$A$36, MATCH(0, COUNTIF(DataTransformation!$A$2:'DataTransformation'!$A12, SalesforceData!$A$2:'SalesforceData'!$A$36), 0)),"") = 0,"", IFERROR(INDEX(SalesforceData!$A$2:'SalesforceData'!$A$36, MATCH(0, COUNTIF(DataTransformation!$A$2:'DataTransformation'!$A12, SalesforceData!$A$2:'SalesforceData'!$A$36), 0)),""))} | B13: {=IF(IFERROR(INDEX(SalesforceData!$B$2:'SalesforceData'!$B$36, MATCH(0, COUNTIF(DataTransformation!$B$2:'DataTransformation'!$B12, SalesforceData!$B$2:'SalesforceData'!$B$36), 0)),"") = 0,"", IFERROR(INDEX(SalesforceData!$B$2:'SalesforceData'!$B$36, MATCH(0, COUNTIF(DataTransformation!$B$2:'DataTransformation'!$B12, SalesforceData!$B$2:'SalesforceData'!$B$36), 0)),""))} | G13: =A12 | H13: {=IFERROR(IF(COUNT(INDEX(SalesforceData!$D$2:$D$36,MATCH(1,($G13=SalesforceData!$A$2:$A$36)*(H$2=SalesforceData!$B$2:'SalesforceData'!$B$36)*(H$3=SalesforceData!$C$2:'SalesforceData'!$C$36),0)))=0,INDEX(SalesforceData!$F$2:$F$36,MATCH(1,($G13=SalesforceData!$A$2:$A$36)*(H$2=SalesforceData!$B$2:'SalesforceData'!$B$36) * (H$3=SalesforceData!$E$2:'SalesforceData'!$E$36),0)),INDEX(SalesforceData!$D$2:$D$36,MATCH(1,($G13=SalesforceData!$A$2:$A$36)*(H$2=SalesforceData!$B$2:'SalesforceData'!$B$36)*(H$3=SalesforceData!$C$2:'SalesforceData'!$C$36),0))),"")} -> 0 | I13: {=IFERROR(IF(COUNT(INDEX(SalesforceData!$D$2:$D$36,MATCH(1,($G13=SalesforceData!$A$2:$A$36)*(I$2=SalesforceData!$B$2:'SalesforceData'!$B$36)*(I$3=SalesforceData!$C$2:'SalesforceData'!$C$36),0)))=0,INDEX(SalesforceData!$F$2:$F$36,MATCH(1,($G13=SalesforceData!$A$2:$A$36)*(I$2=SalesforceData!$B$2:'SalesforceData'!$B$36) * (I$3=SalesforceData!$E$2:'SalesforceData'!$E$36),0)),INDEX(SalesforceData!$D$2:$D$36,MATCH(1,($G13=SalesforceData!$A$2:$A$36)*(I$2=SalesforceData!$B$2:'SalesforceData'!$B$36)*(I$3=SalesforceData!$C$2:'SalesforceData'!$C$36),0))),"")} -> 0 | J13: {=IFERROR(IF(COUNT(INDEX(SalesforceData!$D$2:$D$36,MATCH(1,($G13=SalesforceData!$A$2:$A$36)*(J$2=SalesforceData!$B$2:'SalesforceData'!$B$36)*(J$3=SalesforceData!$C$2:'SalesforceData'!$C$36),0)))=0,INDEX(SalesforceData!$F$2:$F$36,MATCH(1,($G13=SalesforceData!$A$2:$A$36)*(J$2=SalesforceData!$B$2:'SalesforceData'!$B$36) * (J$3=SalesforceData!$E$2:'SalesforceData'!$E$36),0)),INDEX(SalesforceData!$D$2:$D$36,MATCH(1,($G13=SalesforceData!$A$2:$A$36)*(J$2=SalesforceData!$B$2:'SalesforceData'!$B$36)*(J$3=SalesforceData!$C$2:'SalesforceData'!$C$36),0))),"")} -> 0 | K13: {=IFERROR(IF(COUNT(INDEX(SalesforceData!$D$2:$D$36,MATCH(1,($G13=SalesforceData!$A$2:$A$36)*(K$2=SalesforceData!$B$2:'SalesforceData'!$B$36)*(K$3=SalesforceData!$C$2:'SalesforceData'!$C$36),0)))=0,INDEX(SalesforceData!$F$2:$F$36,MATCH(1,($G13=SalesforceData!$A$2:$A$36)*(K$2=SalesforceData!$B$2:'SalesforceData'!$B$36) * (K$3=SalesforceData!$E$2:'SalesforceData'!$E$36),0)),INDEX(SalesforceData!$D$2:$D$36,MATCH(1,($G13=SalesforceData!$A$2:$A$36)*(K$2=SalesforceData!$B$2:'SalesforceData'!$B$36)*(K$3=SalesforceData!$C$2:'SalesforceData'!$C$36),0))),"")} -> 0 | L13: {=IFERROR(IF(COUNT(INDEX(SalesforceData!$D$2:$D$36,MATCH(1,($G13=SalesforceData!$A$2:$A$36)*(L$2=SalesforceData!$B$2:'SalesforceData'!$B$36)*(L$3=SalesforceData!$C$2:'SalesforceData'!$C$36),0)))=0,INDEX(SalesforceData!$F$2:$F$36,MATCH(1,($G13=SalesforceData!$A$2:$A$36)*(L$2=SalesforceData!$B$2:'SalesforceData'!$B$36) * (L$3=SalesforceData!$E$2:'SalesforceData'!$E$36),0)),INDEX(SalesforceData!$D$2:$D$36,MATCH(1,($G13=SalesforceData!$A$2:$A$36)*(L$2=SalesforceData!$B$2:'SalesforceData'!$B$36)*(L$3=SalesforceData!$C$2:'SalesforceData'!$C$36),0))),"")} -> 0 | M13: {=IFERROR(IF(COUNT(INDEX(SalesforceData!$D$2:$D$36,MATCH(1,($G13=SalesforceData!$A$2:$A$36)*(M$2=SalesforceData!$B$2:'SalesforceData'!$B$36)*(M$3=SalesforceData!$C$2:'SalesforceData'!$C$36),0)))=0,INDEX(SalesforceData!$F$2:$F$36,MATCH(1,($G13=SalesforceData!$A$2:$A$36)*(M$2=SalesforceData!$B$2:'SalesforceData'!$B$36) * (M$3=SalesforceData!$E$2:'SalesforceData'!$E$36),0)),INDEX(SalesforceData!$D$2:$D$36,MATCH(1,($G13=SalesforceData!$A$2:$A$36)*(M$2=SalesforceData!$B$2:'SalesforceData'!$B$36)*(M$3=SalesforceData!$C$2:'SalesforceData'!$C$36),0))),"")} -> 0 | N13: {=IFERROR(IF(COUNT(INDEX(SalesforceData!$D$2:$D$36,MATCH(1,($G13=SalesforceData!$A$2:$A$36)*(N$2=SalesforceData!$B$2:'SalesforceData'!$B$36)*(N$3=SalesforceData!$C$2:'SalesforceData'!$C$36),0)))=0,INDEX(SalesforceData!$F$2:$F$36,MATCH(1,($G13=SalesforceData!$A$2:$A$36)*(N$2=SalesforceData!$B$2:'SalesforceData'!$B$36) * (N$3=SalesforceData!$E$2:'SalesforceData'!$E$36),0)),INDEX(SalesforceData!$D$2:$D$36,MATCH(1,($G13=SalesforceData!$A$2:$A$36)*(N$2=SalesforceData!$B$2:'SalesforceData'!$B$36)*(N$3=SalesforceData!$C$2:'SalesforceData'!$C$36),0))),"")} -> 0 | O13: {=IFERROR(IF(COUNT(INDEX(SalesforceData!$D$2:$D$36,MATCH(1,($G13=SalesforceData!$A$2:$A$36)*(O$2=SalesforceData!$B$2:'SalesforceData'!$B$36)*(O$3=SalesforceData!$C$2:'SalesforceData'!$C$36),0)))=0,INDEX(SalesforceData!$F$2:$F$36,MATCH(1,($G13=SalesforceData!$A$2:$A$36)*(O$2=SalesforceData!$B$2:'SalesforceData'!$B$36) * (O$3=SalesforceData!$E$2:'SalesforceData'!$E$36),0)),INDEX(SalesforceData!$D$2:$D$36,MATCH(1,($G13=SalesforceData!$A$2:$A$36)*(O$2=SalesforceData!$B$2:'SalesforceData'!$B$36)*(O$3=SalesforceData!$C$2:'SalesforceData'!$C$36),0))),"")} -> 0 | S13: {=IF(CELL("contents",G13)=0,"",CELL("contents",G13))} | T13: {=IF(CELL("contents",H13)=0,"",CELL("contents",H13))} | U13: {=IF(CELL("contents",I13)=0,"",CELL("contents",I13))} | V13: {=IF(CELL("contents",J13)=0,"",CELL("contents",J13))} | W13: {=IF(CELL("contents",K13)=0,"",CELL("contents",K13))} | X13: {=IF(CELL("contents",L13)=0,"",CELL("contents",L13))} | Y13: {=IF(CELL("contents",M13)=0,"",CELL("contents",M13))} | Z13: {=IF(CELL("contents",N13)=0,"",CELL("contents",N13))} | AA13: {=IF(CELL("contents",O13)=0,"",CELL("contents",O13))}
A14: {=IF(IFERROR(INDEX(SalesforceData!$A$2:'SalesforceData'!$A$36, MATCH(0, COUNTIF(DataTransformation!$A$2:'DataTransformation'!$A13, SalesforceData!$A$2:'SalesforceData'!$A$36), 0)),"") = 0,"", IFERROR(INDEX(SalesforceData!$A$2:'SalesforceData'!$A$36, MATCH(0, COUNTIF(DataTransformation!$A$2:'DataTransformation'!$A13, SalesforceData!$A$2:'SalesforceData'!$A$36), 0)),""))} | B14: {=IF(IFERROR(INDEX(SalesforceData!$B$2:'SalesforceData'!$B$36, MATCH(0, COUNTIF(DataTransformation!$B$2:'DataTransformation'!$B13, SalesforceData!$B$2:'SalesforceData'!$B$36), 0)),"") = 0,"", IFERROR(INDEX(SalesforceData!$B$2:'SalesforceData'!$B$36, MATCH(0, COUNTIF(DataTransformation!$B$2:'DataTransformation'!$B13, SalesforceData!$B$2:'SalesforceData'!$B$36), 0)),""))} | G14: =A13 | H14: {=IFERROR(IF(COUNT(INDEX(SalesforceData!$D$2:$D$36,MATCH(1,($G14=SalesforceData!$A$2:$A$36)*(H$2=SalesforceData!$B$2:'SalesforceData'!$B$36)*(H$3=SalesforceData!$C$2:'SalesforceData'!$C$36),0)))=0,INDEX(SalesforceData!$F$2:$F$36,MATCH(1,($G14=SalesforceData!$A$2:$A$36)*(H$2=SalesforceData!$B$2:'SalesforceData'!$B$36) * (H$3=SalesforceData!$E$2:'SalesforceData'!$E$36),0)),INDEX(SalesforceData!$D$2:$D$36,MATCH(1,($G14=SalesforceData!$A$2:$A$36)*(H$2=SalesforceData!$B$2:'SalesforceData'!$B$36)*(H$3=SalesforceData!$C$2:'SalesforceData'!$C$36),0))),"")} -> 0 | I14: {=IFERROR(IF(COUNT(INDEX(SalesforceData!$D$2:$D$36,MATCH(1,($G14=SalesforceData!$A$2:$A$36)*(I$2=SalesforceData!$B$2:'SalesforceData'!$B$36)*(I$3=SalesforceData!$C$2:'SalesforceData'!$C$36),0)))=0,INDEX(SalesforceData!$F$2:$F$36,MATCH(1,($G14=SalesforceData!$A$2:$A$36)*(I$2=SalesforceData!$B$2:'SalesforceData'!$B$36) * (I$3=SalesforceData!$E$2:'SalesforceData'!$E$36),0)),INDEX(SalesforceData!$D$2:$D$36,MATCH(1,($G14=SalesforceData!$A$2:$A$36)*(I$2=SalesforceData!$B$2:'SalesforceData'!$B$36)*(I$3=SalesforceData!$C$2:'SalesforceData'!$C$36),0))),"")} -> 0 | J14: {=IFERROR(IF(COUNT(INDEX(SalesforceData!$D$2:$D$36,MATCH(1,($G14=SalesforceData!$A$2:$A$36)*(J$2=SalesforceData!$B$2:'SalesforceData'!$B$36)*(J$3=SalesforceData!$C$2:'SalesforceData'!$C$36),0)))=0,INDEX(SalesforceData!$F$2:$F$36,MATCH(1,($G14=SalesforceData!$A$2:$A$36)*(J$2=SalesforceData!$B$2:'SalesforceData'!$B$36) * (J$3=SalesforceData!$E$2:'SalesforceData'!$E$36),0)),INDEX(SalesforceData!$D$2:$D$36,MATCH(1,($G14=SalesforceData!$A$2:$A$36)*(J$2=SalesforceData!$B$2:'SalesforceData'!$B$36)*(J$3=SalesforceData!$C$2:'SalesforceData'!$C$36),0))),"")} -> 0 | K14: {=IFERROR(IF(COUNT(INDEX(SalesforceData!$D$2:$D$36,MATCH(1,($G14=SalesforceData!$A$2:$A$36)*(K$2=SalesforceData!$B$2:'SalesforceData'!$B$36)*(K$3=SalesforceData!$C$2:'SalesforceData'!$C$36),0)))=0,INDEX(SalesforceData!$F$2:$F$36,MATCH(1,($G14=SalesforceData!$A$2:$A$36)*(K$2=SalesforceData!$B$2:'SalesforceData'!$B$36) * (K$3=SalesforceData!$E$2:'SalesforceData'!$E$36),0)),INDEX(SalesforceData!$D$2:$D$36,MATCH(1,($G14=SalesforceData!$A$2:$A$36)*(K$2=SalesforceData!$B$2:'SalesforceData'!$B$36)*(K$3=SalesforceData!$C$2:'SalesforceData'!$C$36),0))),"")} -> 0 | L14: {=IFERROR(IF(COUNT(INDEX(SalesforceData!$D$2:$D$36,MATCH(1,($G14=SalesforceData!$A$2:$A$36)*(L$2=SalesforceData!$B$2:'SalesforceData'!$B$36)*(L$3=SalesforceData!$C$2:'SalesforceData'!$C$36),0)))=0,INDEX(SalesforceData!$F$2:$F$36,MATCH(1,($G14=SalesforceData!$A$2:$A$36)*(L$2=SalesforceData!$B$2:'SalesforceData'!$B$36) * (L$3=SalesforceData!$E$2:'SalesforceData'!$E$36),0)),INDEX(SalesforceData!$D$2:$D$36,MATCH(1,($G14=SalesforceData!$A$2:$A$36)*(L$2=SalesforceData!$B$2:'SalesforceData'!$B$36)*(L$3=SalesforceData!$C$2:'SalesforceData'!$C$36),0))),"")} -> 0 | M14: {=IFERROR(IF(COUNT(INDEX(SalesforceData!$D$2:$D$36,MATCH(1,($G14=SalesforceData!$A$2:$A$36)*(M$2=SalesforceData!$B$2:'SalesforceData'!$B$36)*(M$3=SalesforceData!$C$2:'SalesforceData'!$C$36),0)))=0,INDEX(SalesforceData!$F$2:$F$36,MATCH(1,($G14=SalesforceData!$A$2:$A$36)*(M$2=SalesforceData!$B$2:'SalesforceData'!$B$36) * (M$3=SalesforceData!$E$2:'SalesforceData'!$E$36),0)),INDEX(SalesforceData!$D$2:$D$36,MATCH(1,($G14=SalesforceData!$A$2:$A$36)*(M$2=SalesforceData!$B$2:'SalesforceData'!$B$36)*(M$3=SalesforceData!$C$2:'SalesforceData'!$C$36),0))),"")} -> 0 | N14: {=IFERROR(IF(COUNT(INDEX(SalesforceData!$D$2:$D$36,MATCH(1,($G14=SalesforceData!$A$2:$A$36)*(N$2=SalesforceData!$B$2:'SalesforceData'!$B$36)*(N$3=SalesforceData!$C$2:'SalesforceData'!$C$36),0)))=0,INDEX(SalesforceData!$F$2:$F$36,MATCH(1,($G14=SalesforceData!$A$2:$A$36)*(N$2=SalesforceData!$B$2:'SalesforceData'!$B$36) * (N$3=SalesforceData!$E$2:'SalesforceData'!$E$36),0)),INDEX(SalesforceData!$D$2:$D$36,MATCH(1,($G14=SalesforceData!$A$2:$A$36)*(N$2=SalesforceData!$B$2:'SalesforceData'!$B$36)*(N$3=SalesforceData!$C$2:'SalesforceData'!$C$36),0))),"")} -> 0 | O14: {=IFERROR(IF(COUNT(INDEX(SalesforceData!$D$2:$D$36,MATCH(1,($G14=SalesforceData!$A$2:$A$36)*(O$2=SalesforceData!$B$2:'SalesforceData'!$B$36)*(O$3=SalesforceData!$C$2:'SalesforceData'!$C$36),0)))=0,INDEX(SalesforceData!$F$2:$F$36,MATCH(1,($G14=SalesforceData!$A$2:$A$36)*(O$2=SalesforceData!$B$2:'SalesforceData'!$B$36) * (O$3=SalesforceData!$E$2:'SalesforceData'!$E$36),0)),INDEX(SalesforceData!$D$2:$D$36,MATCH(1,($G14=SalesforceData!$A$2:$A$36)*(O$2=SalesforceData!$B$2:'SalesforceData'!$B$36)*(O$3=SalesforceData!$C$2:'SalesforceData'!$C$36),0))),"")} -> 0 | S14: {=IF(CELL("contents",G14)=0,"",CELL("contents",G14))} | T14: {=IF(CELL("contents",H14)=0,"",CELL("contents",H14))} | U14: {=IF(CELL("contents",I14)=0,"",CELL("contents",I14))} | V14: {=IF(CELL("contents",J14)=0,"",CELL("contents",J14))} | W14: {=IF(CELL("contents",K14)=0,"",CELL("contents",K14))} | X14: {=IF(CELL("contents",L14)=0,"",CELL("contents",L14))} | Y14: {=IF(CELL("contents",M14)=0,"",CELL("contents",M14))} | Z14: {=IF(CELL("contents",N14)=0,"",CELL("contents",N14))} | AA14: {=IF(CELL("contents",O14)=0,"",CELL("contents",O14))}
A15: {=IF(IFERROR(INDEX(SalesforceData!$A$2:'SalesforceData'!$A$36, MATCH(0, COUNTIF(DataTransformation!$A$2:'DataTransformation'!$A14, SalesforceData!$A$2:'SalesforceData'!$A$36), 0)),"") = 0,"", IFERROR(INDEX(SalesforceData!$A$2:'SalesforceData'!$A$36, MATCH(0, COUNTIF(DataTransformation!$A$2:'DataTransformation'!$A14, SalesforceData!$A$2:'SalesforceData'!$A$36), 0)),""))} | B15: {=IF(IFERROR(INDEX(SalesforceData!$B$2:'SalesforceData'!$B$36, MATCH(0, COUNTIF(DataTransformation!$B$2:'DataTransformation'!$B14, SalesforceData!$B$2:'SalesforceData'!$B$36), 0)),"") = 0,"", IFERROR(INDEX(SalesforceData!$B$2:'SalesforceData'!$B$36, MATCH(0, COUNTIF(DataTransformation!$B$2:'DataTransformation'!$B14, SalesforceData!$B$2:'SalesforceData'!$B$36), 0)),""))} | G15: =A14 | H15: {=IFERROR(IF(COUNT(INDEX(SalesforceData!$D$2:$D$36,MATCH(1,($G15=SalesforceData!$A$2:$A$36)*(H$2=SalesforceData!$B$2:'SalesforceData'!$B$36)*(H$3=SalesforceData!$C$2:'SalesforceData'!$C$36),0)))=0,INDEX(SalesforceData!$F$2:$F$36,MATCH(1,($G15=SalesforceData!$A$2:$A$36)*(H$2=SalesforceData!$B$2:'SalesforceData'!$B$36) * (H$3=SalesforceData!$E$2:'SalesforceData'!$E$36),0)),INDEX(SalesforceData!$D$2:$D$36,MATCH(1,($G15=SalesforceData!$A$2:$A$36)*(H$2=SalesforceData!$B$2:'SalesforceData'!$B$36)*(H$3=SalesforceData!$C$2:'SalesforceData'!$C$36),0))),"")} -> 0 | I15: {=IFERROR(IF(COUNT(INDEX(SalesforceData!$D$2:$D$36,MATCH(1,($G15=SalesforceData!$A$2:$A$36)*(I$2=SalesforceData!$B$2:'SalesforceData'!$B$36)*(I$3=SalesforceData!$C$2:'SalesforceData'!$C$36),0)))=0,INDEX(SalesforceData!$F$2:$F$36,MATCH(1,($G15=SalesforceData!$A$2:$A$36)*(I$2=SalesforceData!$B$2:'SalesforceData'!$B$36) * (I$3=SalesforceData!$E$2:'SalesforceData'!$E$36),0)),INDEX(SalesforceData!$D$2:$D$36,MATCH(1,($G15=SalesforceData!$A$2:$A$36)*(I$2=SalesforceData!$B$2:'SalesforceData'!$B$36)*(I$3=SalesforceData!$C$2:'SalesforceData'!$C$36),0))),"")} -> 0 | J15: {=IFERROR(IF(COUNT(INDEX(SalesforceData!$D$2:$D$36,MATCH(1,($G15=SalesforceData!$A$2:$A$36)*(J$2=SalesforceData!$B$2:'SalesforceData'!$B$36)*(J$3=SalesforceData!$C$2:'SalesforceData'!$C$36),0)))=0,INDEX(SalesforceData!$F$2:$F$36,MATCH(1,($G15=SalesforceData!$A$2:$A$36)*(J$2=SalesforceData!$B$2:'SalesforceData'!$B$36) * (J$3=SalesforceData!$E$2:'SalesforceData'!$E$36),0)),INDEX(SalesforceData!$D$2:$D$36,MATCH(1,($G15=SalesforceData!$A$2:$A$36)*(J$2=SalesforceData!$B$2:'SalesforceData'!$B$36)*(J$3=SalesforceData!$C$2:'SalesforceData'!$C$36),0))),"")} -> 0 | K15: {=IFERROR(IF(COUNT(INDEX(SalesforceData!$D$2:$D$36,MATCH(1,($G15=SalesforceData!$A$2:$A$36)*(K$2=SalesforceData!$B$2:'SalesforceData'!$B$36)*(K$3=SalesforceData!$C$2:'SalesforceData'!$C$36),0)))=0,INDEX(SalesforceData!$F$2:$F$36,MATCH(1,($G15=SalesforceData!$A$2:$A$36)*(K$2=SalesforceData!$B$2:'SalesforceData'!$B$36) * (K$3=SalesforceData!$E$2:'SalesforceData'!$E$36),0)),INDEX(SalesforceData!$D$2:$D$36,MATCH(1,($G15=SalesforceData!$A$2:$A$36)*(K$2=SalesforceData!$B$2:'SalesforceData'!$B$36)*(K$3=SalesforceData!$C$2:'SalesforceData'!$C$36),0))),"")} -> 0 | L15: {=IFERROR(IF(COUNT(INDEX(SalesforceData!$D$2:$D$36,MATCH(1,($G15=SalesforceData!$A$2:$A$36)*(L$2=SalesforceData!$B$2:'SalesforceData'!$B$36)*(L$3=SalesforceData!$C$2:'SalesforceData'!$C$36),0)))=0,INDEX(SalesforceData!$F$2:$F$36,MATCH(1,($G15=SalesforceData!$A$2:$A$36)*(L$2=SalesforceData!$B$2:'SalesforceData'!$B$36) * (L$3=SalesforceData!$E$2:'SalesforceData'!$E$36),0)),INDEX(SalesforceData!$D$2:$D$36,MATCH(1,($G15=SalesforceData!$A$2:$A$36)*(L$2=SalesforceData!$B$2:'SalesforceData'!$B$36)*(L$3=SalesforceData!$C$2:'SalesforceData'!$C$36),0))),"")} -> 0 | M15: {=IFERROR(IF(COUNT(INDEX(SalesforceData!$D$2:$D$36,MATCH(1,($G15=SalesforceData!$A$2:$A$36)*(M$2=SalesforceData!$B$2:'SalesforceData'!$B$36)*(M$3=SalesforceData!$C$2:'SalesforceData'!$C$36),0)))=0,INDEX(SalesforceData!$F$2:$F$36,MATCH(1,($G15=SalesforceData!$A$2:$A$36)*(M$2=SalesforceData!$B$2:'SalesforceData'!$B$36) * (M$3=SalesforceData!$E$2:'SalesforceData'!$E$36),0)),INDEX(SalesforceData!$D$2:$D$36,MATCH(1,($G15=SalesforceData!$A$2:$A$36)*(M$2=SalesforceData!$B$2:'SalesforceData'!$B$36)*(M$3=SalesforceData!$C$2:'SalesforceData'!$C$36),0))),"")} -> 0 | N15: {=IFERROR(IF(COUNT(INDEX(SalesforceData!$D$2:$D$36,MATCH(1,($G15=SalesforceData!$A$2:$A$36)*(N$2=SalesforceData!$B$2:'SalesforceData'!$B$36)*(N$3=SalesforceData!$C$2:'SalesforceData'!$C$36),0)))=0,INDEX(SalesforceData!$F$2:$F$36,MATCH(1,($G15=SalesforceData!$A$2:$A$36)*(N$2=SalesforceData!$B$2:'SalesforceData'!$B$36) * (N$3=SalesforceData!$E$2:'SalesforceData'!$E$36),0)),INDEX(SalesforceData!$D$2:$D$36,MATCH(1,($G15=SalesforceData!$A$2:$A$36)*(N$2=SalesforceData!$B$2:'SalesforceData'!$B$36)*(N$3=SalesforceData!$C$2:'SalesforceData'!$C$36),0))),"")} -> 0 | O15: {=IFERROR(IF(COUNT(INDEX(SalesforceData!$D$2:$D$36,MATCH(1,($G15=SalesforceData!$A$2:$A$36)*(O$2=SalesforceData!$B$2:'SalesforceData'!$B$36)*(O$3=SalesforceData!$C$2:'SalesforceData'!$C$36),0)))=0,INDEX(SalesforceData!$F$2:$F$36,MATCH(1,($G15=SalesforceData!$A$2:$A$36)*(O$2=SalesforceData!$B$2:'SalesforceData'!$B$36) * (O$3=SalesforceData!$E$2:'SalesforceData'!$E$36),0)),INDEX(SalesforceData!$D$2:$D$36,MATCH(1,($G15=SalesforceData!$A$2:$A$36)*(O$2=SalesforceData!$B$2:'SalesforceData'!$B$36)*(O$3=SalesforceData!$C$2:'SalesforceData'!$C$36),0))),"")} -> 0 | S15: {=IF(CELL("contents",G15)=0,"",CELL("contents",G15))} | T15: {=IF(CELL("contents",H15)=0,"",CELL("contents",H15))} | U15: {=IF(CELL("contents",I15)=0,"",CELL("contents",I15))} | V15: {=IF(CELL("contents",J15)=0,"",CELL("contents",J15))} | W15: {=IF(CELL("contents",K15)=0,"",CELL("contents",K15))} | X15: {=IF(CELL("contents",L15)=0,"",CELL("contents",L15))} | Y15: {=IF(CELL("contents",M15)=0,"",CELL("contents",M15))} | Z15: {=IF(CELL("contents",N15)=0,"",CELL("contents",N15))} | AA15: {=IF(CELL("contents",O15)=0,"",CELL("contents",O15))}
A16: {=IF(IFERROR(INDEX(SalesforceData!$A$2:'SalesforceData'!$A$36, MATCH(0, COUNTIF(DataTransformation!$A$2:'DataTransformation'!$A15, SalesforceData!$A$2:'SalesforceData'!$A$36), 0)),"") = 0,"", IFERROR(INDEX(SalesforceData!$A$2:'SalesforceData'!$A$36, MATCH(0, COUNTIF(DataTransformation!$A$2:'DataTransformation'!$A15, SalesforceData!$A$2:'SalesforceData'!$A$36), 0)),""))} | B16: {=IF(IFERROR(INDEX(SalesforceData!$B$2:'SalesforceData'!$B$36, MATCH(0, COUNTIF(DataTransformation!$B$2:'DataTransformation'!$B15, SalesforceData!$B$2:'SalesforceData'!$B$36), 0)),"") = 0,"", IFERROR(INDEX(SalesforceData!$B$2:'SalesforceData'!$B$36, MATCH(0, COUNTIF(DataTransformation!$B$2:'DataTransformation'!$B15, SalesforceData!$B$2:'SalesforceData'!$B$36), 0)),""))} | G16: =A15 | H16: {=IFERROR(IF(COUNT(INDEX(SalesforceData!$D$2:$D$36,MATCH(1,($G16=SalesforceData!$A$2:$A$36)*(H$2=SalesforceData!$B$2:'SalesforceData'!$B$36)*(H$3=SalesforceData!$C$2:'SalesforceData'!$C$36),0)))=0,INDEX(SalesforceData!$F$2:$F$36,MATCH(1,($G16=SalesforceData!$A$2:$A$36)*(H$2=SalesforceData!$B$2:'SalesforceData'!$B$36) * (H$3=SalesforceData!$E$2:'SalesforceData'!$E$36),0)),INDEX(SalesforceData!$D$2:$D$36,MATCH(1,($G16=SalesforceData!$A$2:$A$36)*(H$2=SalesforceData!$B$2:'SalesforceData'!$B$36)*(H$3=SalesforceData!$C$2:'SalesforceData'!$C$36),0))),"")} -> 0 | I16: {=IFERROR(IF(COUNT(INDEX(SalesforceData!$D$2:$D$36,MATCH(1,($G16=SalesforceData!$A$2:$A$36)*(I$2=SalesforceData!$B$2:'SalesforceData'!$B$36)*(I$3=SalesforceData!$C$2:'SalesforceData'!$C$36),0)))=0,INDEX(SalesforceData!$F$2:$F$36,MATCH(1,($G16=SalesforceData!$A$2:$A$36)*(I$2=SalesforceData!$B$2:'SalesforceData'!$B$36) * (I$3=SalesforceData!$E$2:'SalesforceData'!$E$36),0)),INDEX(SalesforceData!$D$2:$D$36,MATCH(1,($G16=SalesforceData!$A$2:$A$36)*(I$2=SalesforceData!$B$2:'SalesforceData'!$B$36)*(I$3=SalesforceData!$C$2:'SalesforceData'!$C$36),0))),"")} -> 0 | J16: {=IFERROR(IF(COUNT(INDEX(SalesforceData!$D$2:$D$36,MATCH(1,($G16=SalesforceData!$A$2:$A$36)*(J$2=SalesforceData!$B$2:'SalesforceData'!$B$36)*(J$3=SalesforceData!$C$2:'SalesforceData'!$C$36),0)))=0,INDEX(SalesforceData!$F$2:$F$36,MATCH(1,($G16=SalesforceData!$A$2:$A$36)*(J$2=SalesforceData!$B$2:'SalesforceData'!$B$36) * (J$3=SalesforceData!$E$2:'SalesforceData'!$E$36),0)),INDEX(SalesforceData!$D$2:$D$36,MATCH(1,($G16=SalesforceData!$A$2:$A$36)*(J$2=SalesforceData!$B$2:'SalesforceData'!$B$36)*(J$3=SalesforceData!$C$2:'SalesforceData'!$C$36),0))),"")} -> 0 | K16: {=IFERROR(IF(COUNT(INDEX(SalesforceData!$D$2:$D$36,MATCH(1,($G16=SalesforceData!$A$2:$A$36)*(K$2=SalesforceData!$B$2:'SalesforceData'!$B$36)*(K$3=SalesforceData!$C$2:'SalesforceData'!$C$36),0)))=0,INDEX(SalesforceData!$F$2:$F$36,MATCH(1,($G16=SalesforceData!$A$2:$A$36)*(K$2=SalesforceData!$B$2:'SalesforceData'!$B$36) * (K$3=SalesforceData!$E$2:'SalesforceData'!$E$36),0)),INDEX(SalesforceData!$D$2:$D$36,MATCH(1,($G16=SalesforceData!$A$2:$A$36)*(K$2=SalesforceData!$B$2:'SalesforceData'!$B$36)*(K$3=SalesforceData!$C$2:'SalesforceData'!$C$36),0))),"")} -> 0 | L16: {=IFERROR(IF(COUNT(INDEX(SalesforceData!$D$2:$D$36,MATCH(1,($G16=SalesforceData!$A$2:$A$36)*(L$2=SalesforceData!$B$2:'SalesforceData'!$B$36)*(L$3=SalesforceData!$C$2:'SalesforceData'!$C$36),0)))=0,INDEX(SalesforceData!$F$2:$F$36,MATCH(1,($G16=SalesforceData!$A$2:$A$36)*(L$2=SalesforceData!$B$2:'SalesforceData'!$B$36) * (L$3=SalesforceData!$E$2:'SalesforceData'!$E$36),0)),INDEX(SalesforceData!$D$2:$D$36,MATCH(1,($G16=SalesforceData!$A$2:$A$36)*(L$2=SalesforceData!$B$2:'SalesforceData'!$B$36)*(L$3=SalesforceData!$C$2:'SalesforceData'!$C$36),0))),"")} -> 0 | M16: {=IFERROR(IF(COUNT(INDEX(SalesforceData!$D$2:$D$36,MATCH(1,($G16=SalesforceData!$A$2:$A$36)*(M$2=SalesforceData!$B$2:'SalesforceData'!$B$36)*(M$3=SalesforceData!$C$2:'SalesforceData'!$C$36),0)))=0,INDEX(SalesforceData!$F$2:$F$36,MATCH(1,($G16=SalesforceData!$A$2:$A$36)*(M$2=SalesforceData!$B$2:'SalesforceData'!$B$36) * (M$3=SalesforceData!$E$2:'SalesforceData'!$E$36),0)),INDEX(SalesforceData!$D$2:$D$36,MATCH(1,($G16=SalesforceData!$A$2:$A$36)*(M$2=SalesforceData!$B$2:'SalesforceData'!$B$36)*(M$3=SalesforceData!$C$2:'SalesforceData'!$C$36),0))),"")} -> 0 | N16: {=IFERROR(IF(COUNT(INDEX(SalesforceData!$D$2:$D$36,MATCH(1,($G16=SalesforceData!$A$2:$A$36)*(N$2=SalesforceData!$B$2:'SalesforceData'!$B$36)*(N$3=SalesforceData!$C$2:'SalesforceData'!$C$36),0)))=0,INDEX(SalesforceData!$F$2:$F$36,MATCH(1,($G16=SalesforceData!$A$2:$A$36)*(N$2=SalesforceData!$B$2:'SalesforceData'!$B$36) * (N$3=SalesforceData!$E$2:'SalesforceData'!$E$36),0)),INDEX(SalesforceData!$D$2:$D$36,MATCH(1,($G16=SalesforceData!$A$2:$A$36)*(N$2=SalesforceData!$B$2:'SalesforceData'!$B$36)*(N$3=SalesforceData!$C$2:'SalesforceData'!$C$36),0))),"")} -> 0 | O16: {=IFERROR(IF(COUNT(INDEX(SalesforceData!$D$2:$D$36,MATCH(1,($G16=SalesforceData!$A$2:$A$36)*(O$2=SalesforceData!$B$2:'SalesforceData'!$B$36)*(O$3=SalesforceData!$C$2:'SalesforceData'!$C$36),0)))=0,INDEX(SalesforceData!$F$2:$F$36,MATCH(1,($G16=SalesforceData!$A$2:$A$36)*(O$2=SalesforceData!$B$2:'SalesforceData'!$B$36) * (O$3=SalesforceData!$E$2:'SalesforceData'!$E$36),0)),INDEX(SalesforceData!$D$2:$D$36,MATCH(1,($G16=SalesforceData!$A$2:$A$36)*(O$2=SalesforceData!$B$2:'SalesforceData'!$B$36)*(O$3=SalesforceData!$C$2:'SalesforceData'!$C$36),0))),"")} -> 0 | S16: {=IF(CELL("contents",G16)=0,"",CELL("contents",G16))} | T16: {=IF(CELL("contents",H16)=0,"",CELL("contents",H16))} | U16: {=IF(CELL("contents",I16)=0,"",CELL("contents",I16))} | V16: {=IF(CELL("contents",J16)=0,"",CELL("contents",J16))} | W16: {=IF(CELL("contents",K16)=0,"",CELL("contents",K16))} | X16: {=IF(CELL("contents",L16)=0,"",CELL("contents",L16))} | Y16: {=IF(CELL("contents",M16)=0,"",CELL("contents",M16))} | Z16: {=IF(CELL("contents",N16)=0,"",CELL("contents",N16))} | AA16: {=IF(CELL("contents",O16)=0,"",CELL("contents",O16))}
A17: {=IF(IFERROR(INDEX(SalesforceData!$A$2:'SalesforceData'!$A$36, MATCH(0, COUNTIF(DataTransformation!$A$2:'DataTransformation'!$A16, SalesforceData!$A$2:'SalesforceData'!$A$36), 0)),"") = 0,"", IFERROR(INDEX(SalesforceData!$A$2:'SalesforceData'!$A$36, MATCH(0, COUNTIF(DataTransformation!$A$2:'DataTransformation'!$A16, SalesforceData!$A$2:'SalesforceData'!$A$36), 0)),""))} | B17: {=IF(IFERROR(INDEX(SalesforceData!$B$2:'SalesforceData'!$B$36, MATCH(0, COUNTIF(DataTransformation!$B$2:'DataTransformation'!$B16, SalesforceData!$B$2:'SalesforceData'!$B$36), 0)),"") = 0,"", IFERROR(INDEX(SalesforceData!$B$2:'SalesforceData'!$B$36, MATCH(0, COUNTIF(DataTransformation!$B$2:'DataTransformation'!$B16, SalesforceData!$B$2:'SalesforceData'!$B$36), 0)),""))} | G17: =A16 | H17: {=IFERROR(IF(COUNT(INDEX(SalesforceData!$D$2:$D$36,MATCH(1,($G17=SalesforceData!$A$2:$A$36)*(H$2=SalesforceData!$B$2:'SalesforceData'!$B$36)*(H$3=SalesforceData!$C$2:'SalesforceData'!$C$36),0)))=0,INDEX(SalesforceData!$F$2:$F$36,MATCH(1,($G17=SalesforceData!$A$2:$A$36)*(H$2=SalesforceData!$B$2:'SalesforceData'!$B$36) * (H$3=SalesforceData!$E$2:'SalesforceData'!$E$36),0)),INDEX(SalesforceData!$D$2:$D$36,MATCH(1,($G17=SalesforceData!$A$2:$A$36)*(H$2=SalesforceData!$B$2:'SalesforceData'!$B$36)*(H$3=SalesforceData!$C$2:'SalesforceData'!$C$36),0))),"")} -> 0 | I17: {=IFERROR(IF(COUNT(INDEX(SalesforceData!$D$2:$D$36,MATCH(1,($G17=SalesforceData!$A$2:$A$36)*(I$2=SalesforceData!$B$2:'SalesforceData'!$B$36)*(I$3=SalesforceData!$C$2:'SalesforceData'!$C$36),0)))=0,INDEX(SalesforceData!$F$2:$F$36,MATCH(1,($G17=SalesforceData!$A$2:$A$36)*(I$2=SalesforceData!$B$2:'SalesforceData'!$B$36) * (I$3=SalesforceData!$E$2:'SalesforceData'!$E$36),0)),INDEX(SalesforceData!$D$2:$D$36,MATCH(1,($G17=SalesforceData!$A$2:$A$36)*(I$2=SalesforceData!$B$2:'SalesforceData'!$B$36)*(I$3=SalesforceData!$C$2:'SalesforceData'!$C$36),0))),"")} -> 0 | J17: {=IFERROR(IF(COUNT(INDEX(SalesforceData!$D$2:$D$36,MATCH(1,($G17=SalesforceData!$A$2:$A$36)*(J$2=SalesforceData!$B$2:'SalesforceData'!$B$36)*(J$3=SalesforceData!$C$2:'SalesforceData'!$C$36),0)))=0,INDEX(SalesforceData!$F$2:$F$36,MATCH(1,($G17=SalesforceData!$A$2:$A$36)*(J$2=SalesforceData!$B$2:'SalesforceData'!$B$36) * (J$3=SalesforceData!$E$2:'SalesforceData'!$E$36),0)),INDEX(SalesforceData!$D$2:$D$36,MATCH(1,($G17=SalesforceData!$A$2:$A$36)*(J$2=SalesforceData!$B$2:'SalesforceData'!$B$36)*(J$3=SalesforceData!$C$2:'SalesforceData'!$C$36),0))),"")} -> 0 | K17: {=IFERROR(IF(COUNT(INDEX(SalesforceData!$D$2:$D$36,MATCH(1,($G17=SalesforceData!$A$2:$A$36)*(K$2=SalesforceData!$B$2:'SalesforceData'!$B$36)*(K$3=SalesforceData!$C$2:'SalesforceData'!$C$36),0)))=0,INDEX(SalesforceData!$F$2:$F$36,MATCH(1,($G17=SalesforceData!$A$2:$A$36)*(K$2=SalesforceData!$B$2:'SalesforceData'!$B$36) * (K$3=SalesforceData!$E$2:'SalesforceData'!$E$36),0)),INDEX(SalesforceData!$D$2:$D$36,MATCH(1,($G17=SalesforceData!$A$2:$A$36)*(K$2=SalesforceData!$B$2:'SalesforceData'!$B$36)*(K$3=SalesforceData!$C$2:'SalesforceData'!$C$36),0))),"")} -> 0 | L17: {=IFERROR(IF(COUNT(INDEX(SalesforceData!$D$2:$D$36,MATCH(1,($G17=SalesforceData!$A$2:$A$36)*(L$2=SalesforceData!$B$2:'SalesforceData'!$B$36)*(L$3=SalesforceData!$C$2:'SalesforceData'!$C$36),0)))=0,INDEX(SalesforceData!$F$2:$F$36,MATCH(1,($G17=SalesforceData!$A$2:$A$36)*(L$2=SalesforceData!$B$2:'SalesforceData'!$B$36) * (L$3=SalesforceData!$E$2:'SalesforceData'!$E$36),0)),INDEX(SalesforceData!$D$2:$D$36,MATCH(1,($G17=SalesforceData!$A$2:$A$36)*(L$2=SalesforceData!$B$2:'SalesforceData'!$B$36)*(L$3=SalesforceData!$C$2:'SalesforceData'!$C$36),0))),"")} -> 0 | M17: {=IFERROR(IF(COUNT(INDEX(SalesforceData!$D$2:$D$36,MATCH(1,($G17=SalesforceData!$A$2:$A$36)*(M$2=SalesforceData!$B$2:'SalesforceData'!$B$36)*(M$3=SalesforceData!$C$2:'SalesforceData'!$C$36),0)))=0,INDEX(SalesforceData!$F$2:$F$36,MATCH(1,($G17=SalesforceData!$A$2:$A$36)*(M$2=SalesforceData!$B$2:'SalesforceData'!$B$36) * (M$3=SalesforceData!$E$2:'SalesforceData'!$E$36),0)),INDEX(SalesforceData!$D$2:$D$36,MATCH(1,($G17=SalesforceData!$A$2:$A$36)*(M$2=SalesforceData!$B$2:'SalesforceData'!$B$36)*(M$3=SalesforceData!$C$2:'SalesforceData'!$C$36),0))),"")} -> 0 | N17: {=IFERROR(IF(COUNT(INDEX(SalesforceData!$D$2:$D$36,MATCH(1,($G17=SalesforceData!$A$2:$A$36)*(N$2=SalesforceData!$B$2:'SalesforceData'!$B$36)*(N$3=SalesforceData!$C$2:'SalesforceData'!$C$36),0)))=0,INDEX(SalesforceData!$F$2:$F$36,MATCH(1,($G17=SalesforceData!$A$2:$A$36)*(N$2=SalesforceData!$B$2:'SalesforceData'!$B$36) * (N$3=SalesforceData!$E$2:'SalesforceData'!$E$36),0)),INDEX(SalesforceData!$D$2:$D$36,MATCH(1,($G17=SalesforceData!$A$2:$A$36)*(N$2=SalesforceData!$B$2:'SalesforceData'!$B$36)*(N$3=SalesforceData!$C$2:'SalesforceData'!$C$36),0))),"")} -> 0 | O17: {=IFERROR(IF(COUNT(INDEX(SalesforceData!$D$2:$D$36,MATCH(1,($G17=SalesforceData!$A$2:$A$36)*(O$2=SalesforceData!$B$2:'SalesforceData'!$B$36)*(O$3=SalesforceData!$C$2:'SalesforceData'!$C$36),0)))=0,INDEX(SalesforceData!$F$2:$F$36,MATCH(1,($G17=SalesforceData!$A$2:$A$36)*(O$2=SalesforceData!$B$2:'SalesforceData'!$B$36) * (O$3=SalesforceData!$E$2:'SalesforceData'!$E$36),0)),INDEX(SalesforceData!$D$2:$D$36,MATCH(1,($G17=SalesforceData!$A$2:$A$36)*(O$2=SalesforceData!$B$2:'SalesforceData'!$B$36)*(O$3=SalesforceData!$C$2:'SalesforceData'!$C$36),0))),"")} -> 0 | S17: {=IF(CELL("contents",G17)=0,"",CELL("contents",G17))} | T17: {=IF(CELL("contents",H17)=0,"",CELL("contents",H17))} | U17: {=IF(CELL("contents",I17)=0,"",CELL("contents",I17))} | V17: {=IF(CELL("contents",J17)=0,"",CELL("contents",J17))} | W17: {=IF(CELL("contents",K17)=0,"",CELL("contents",K17))} | X17: {=IF(CELL("contents",L17)=0,"",CELL("contents",L17))} | Y17: {=IF(CELL("contents",M17)=0,"",CELL("contents",M17))} | Z17: {=IF(CELL("contents",N17)=0,"",CELL("contents",N17))} | AA17: {=IF(CELL("contents",O17)=0,"",CELL("contents",O17))}
A18: {=IF(IFERROR(INDEX(SalesforceData!$A$2:'SalesforceData'!$A$36, MATCH(0, COUNTIF(DataTransformation!$A$2:'DataTransformation'!$A17, SalesforceData!$A$2:'SalesforceData'!$A$36), 0)),"") = 0,"", IFERROR(INDEX(SalesforceData!$A$2:'SalesforceData'!$A$36, MATCH(0, COUNTIF(DataTransformation!$A$2:'DataTransformation'!$A17, SalesforceData!$A$2:'SalesforceData'!$A$36), 0)),""))} | B18: {=IF(IFERROR(INDEX(SalesforceData!$B$2:'SalesforceData'!$B$36, MATCH(0, COUNTIF(DataTransformation!$B$2:'DataTransformation'!$B17, SalesforceData!$B$2:'SalesforceData'!$B$36), 0)),"") = 0,"", IFERROR(INDEX(SalesforceData!$B$2:'SalesforceData'!$B$36, MATCH(0, COUNTIF(DataTransformation!$B$2:'DataTransformation'!$B17, SalesforceData!$B$2:'SalesforceData'!$B$36), 0)),""))} | G18: =A17 | H18: {=IFERROR(IF(COUNT(INDEX(SalesforceData!$D$2:$D$36,MATCH(1,($G18=SalesforceData!$A$2:$A$36)*(H$2=SalesforceData!$B$2:'SalesforceData'!$B$36)*(H$3=SalesforceData!$C$2:'SalesforceData'!$C$36),0)))=0,INDEX(SalesforceData!$F$2:$F$36,MATCH(1,($G18=SalesforceData!$A$2:$A$36)*(H$2=SalesforceData!$B$2:'SalesforceData'!$B$36) * (H$3=SalesforceData!$E$2:'SalesforceData'!$E$36),0)),INDEX(SalesforceData!$D$2:$D$36,MATCH(1,($G18=SalesforceData!$A$2:$A$36)*(H$2=SalesforceData!$B$2:'SalesforceData'!$B$36)*(H$3=SalesforceData!$C$2:'SalesforceData'!$C$36),0))),"")} -> 0 | I18: {=IFERROR(IF(COUNT(INDEX(SalesforceData!$D$2:$D$36,MATCH(1,($G18=SalesforceData!$A$2:$A$36)*(I$2=SalesforceData!$B$2:'SalesforceData'!$B$36)*(I$3=SalesforceData!$C$2:'SalesforceData'!$C$36),0)))=0,INDEX(SalesforceData!$F$2:$F$36,MATCH(1,($G18=SalesforceData!$A$2:$A$36)*(I$2=SalesforceData!$B$2:'SalesforceData'!$B$36) * (I$3=SalesforceData!$E$2:'SalesforceData'!$E$36),0)),INDEX(SalesforceData!$D$2:$D$36,MATCH(1,($G18=SalesforceData!$A$2:$A$36)*(I$2=SalesforceData!$B$2:'SalesforceData'!$B$36)*(I$3=SalesforceData!$C$2:'SalesforceData'!$C$36),0))),"")} -> 0 | J18: {=IFERROR(IF(COUNT(INDEX(SalesforceData!$D$2:$D$36,MATCH(1,($G18=SalesforceData!$A$2:$A$36)*(J$2=SalesforceData!$B$2:'SalesforceData'!$B$36)*(J$3=SalesforceData!$C$2:'SalesforceData'!$C$36),0)))=0,INDEX(SalesforceData!$F$2:$F$36,MATCH(1,($G18=SalesforceData!$A$2:$A$36)*(J$2=SalesforceData!$B$2:'SalesforceData'!$B$36) * (J$3=SalesforceData!$E$2:'SalesforceData'!$E$36),0)),INDEX(SalesforceData!$D$2:$D$36,MATCH(1,($G18=SalesforceData!$A$2:$A$36)*(J$2=SalesforceData!$B$2:'SalesforceData'!$B$36)*(J$3=SalesforceData!$C$2:'SalesforceData'!$C$36),0))),"")} -> 0 | K18: {=IFERROR(IF(COUNT(INDEX(SalesforceData!$D$2:$D$36,MATCH(1,($G18=SalesforceData!$A$2:$A$36)*(K$2=SalesforceData!$B$2:'SalesforceData'!$B$36)*(K$3=SalesforceData!$C$2:'SalesforceData'!$C$36),0)))=0,INDEX(SalesforceData!$F$2:$F$36,MATCH(1,($G18=SalesforceData!$A$2:$A$36)*(K$2=SalesforceData!$B$2:'SalesforceData'!$B$36) * (K$3=SalesforceData!$E$2:'SalesforceData'!$E$36),0)),INDEX(SalesforceData!$D$2:$D$36,MATCH(1,($G18=SalesforceData!$A$2:$A$36)*(K$2=SalesforceData!$B$2:'SalesforceData'!$B$36)*(K$3=SalesforceData!$C$2:'SalesforceData'!$C$36),0))),"")} -> 0 | L18: {=IFERROR(IF(COUNT(INDEX(SalesforceData!$D$2:$D$36,MATCH(1,($G18=SalesforceData!$A$2:$A$36)*(L$2=SalesforceData!$B$2:'SalesforceData'!$B$36)*(L$3=SalesforceData!$C$2:'SalesforceData'!$C$36),0)))=0,INDEX(SalesforceData!$F$2:$F$36,MATCH(1,($G18=SalesforceData!$A$2:$A$36)*(L$2=SalesforceData!$B$2:'SalesforceData'!$B$36) * (L$3=SalesforceData!$E$2:'SalesforceData'!$E$36),0)),INDEX(SalesforceData!$D$2:$D$36,MATCH(1,($G18=SalesforceData!$A$2:$A$36)*(L$2=SalesforceData!$B$2:'SalesforceData'!$B$36)*(L$3=SalesforceData!$C$2:'SalesforceData'!$C$36),0))),"")} -> 0 | M18: {=IFERROR(IF(COUNT(INDEX(SalesforceData!$D$2:$D$36,MATCH(1,($G18=SalesforceData!$A$2:$A$36)*(M$2=SalesforceData!$B$2:'SalesforceData'!$B$36)*(M$3=SalesforceData!$C$2:'SalesforceData'!$C$36),0)))=0,INDEX(SalesforceData!$F$2:$F$36,MATCH(1,($G18=SalesforceData!$A$2:$A$36)*(M$2=SalesforceData!$B$2:'SalesforceData'!$B$36) * (M$3=SalesforceData!$E$2:'SalesforceData'!$E$36),0)),INDEX(SalesforceData!$D$2:$D$36,MATCH(1,($G18=SalesforceData!$A$2:$A$36)*(M$2=SalesforceData!$B$2:'SalesforceData'!$B$36)*(M$3=SalesforceData!$C$2:'SalesforceData'!$C$36),0))),"")} -> 0 | N18: {=IFERROR(IF(COUNT(INDEX(SalesforceData!$D$2:$D$36,MATCH(1,($G18=SalesforceData!$A$2:$A$36)*(N$2=SalesforceData!$B$2:'SalesforceData'!$B$36)*(N$3=SalesforceData!$C$2:'SalesforceData'!$C$36),0)))=0,INDEX(SalesforceData!$F$2:$F$36,MATCH(1,($G18=SalesforceData!$A$2:$A$36)*(N$2=SalesforceData!$B$2:'SalesforceData'!$B$36) * (N$3=SalesforceData!$E$2:'SalesforceData'!$E$36),0)),INDEX(SalesforceData!$D$2:$D$36,MATCH(1,($G18=SalesforceData!$A$2:$A$36)*(N$2=SalesforceData!$B$2:'SalesforceData'!$B$36)*(N$3=SalesforceData!$C$2:'SalesforceData'!$C$36),0))),"")} -> 0 | O18: {=IFERROR(IF(COUNT(INDEX(SalesforceData!$D$2:$D$36,MATCH(1,($G18=SalesforceData!$A$2:$A$36)*(O$2=SalesforceData!$B$2:'SalesforceData'!$B$36)*(O$3=SalesforceData!$C$2:'SalesforceData'!$C$36),0)))=0,INDEX(SalesforceData!$F$2:$F$36,MATCH(1,($G18=SalesforceData!$A$2:$A$36)*(O$2=SalesforceData!$B$2:'SalesforceData'!$B$36) * (O$3=SalesforceData!$E$2:'SalesforceData'!$E$36),0)),INDEX(SalesforceData!$D$2:$D$36,MATCH(1,($G18=SalesforceData!$A$2:$A$36)*(O$2=SalesforceData!$B$2:'SalesforceData'!$B$36)*(O$3=SalesforceData!$C$2:'SalesforceData'!$C$36),0))),"")} -> 0 | S18: {=IF(CELL("contents",G18)=0,"",CELL("contents",G18))} | T18: {=IF(CELL("contents",H18)=0,"",CELL("contents",H18))} | U18: {=IF(CELL("contents",I18)=0,"",CELL("contents",I18))} | V18: {=IF(CELL("contents",J18)=0,"",CELL("contents",J18))} | W18: {=IF(CELL("contents",K18)=0,"",CELL("contents",K18))} | X18: {=IF(CELL("contents",L18)=0,"",CELL("contents",L18))} | Y18: {=IF(CELL("contents",M18)=0,"",CELL("contents",M18))} | Z18: {=IF(CELL("contents",N18)=0,"",CELL("contents",N18))} | AA18: {=IF(CELL("contents",O18)=0,"",CELL("contents",O18))}
A19: {=IF(IFERROR(INDEX(SalesforceData!$A$2:'SalesforceData'!$A$36, MATCH(0, COUNTIF(DataTransformation!$A$2:'DataTransformation'!$A18, SalesforceData!$A$2:'SalesforceData'!$A$36), 0)),"") = 0,"", IFERROR(INDEX(SalesforceData!$A$2:'SalesforceData'!$A$36, MATCH(0, COUNTIF(DataTransformation!$A$2:'DataTransformation'!$A18, SalesforceData!$A$2:'SalesforceData'!$A$36), 0)),""))} | B19: {=IF(IFERROR(INDEX(SalesforceData!$B$2:'SalesforceData'!$B$36, MATCH(0, COUNTIF(DataTransformation!$B$2:'DataTransformation'!$B18, SalesforceData!$B$2:'SalesforceData'!$B$36), 0)),"") = 0,"", IFERROR(INDEX(SalesforceData!$B$2:'SalesforceData'!$B$36, MATCH(0, COUNTIF(DataTransformation!$B$2:'DataTransformation'!$B18, SalesforceData!$B$2:'SalesforceData'!$B$36), 0)),""))} | G19: =A18 | H19: {=IFERROR(IF(COUNT(INDEX(SalesforceData!$D$2:$D$36,MATCH(1,($G19=SalesforceData!$A$2:$A$36)*(H$2=SalesforceData!$B$2:'SalesforceData'!$B$36)*(H$3=SalesforceData!$C$2:'SalesforceData'!$C$36),0)))=0,INDEX(SalesforceData!$F$2:$F$36,MATCH(1,($G19=SalesforceData!$A$2:$A$36)*(H$2=SalesforceData!$B$2:'SalesforceData'!$B$36) * (H$3=SalesforceData!$E$2:'SalesforceData'!$E$36),0)),INDEX(SalesforceData!$D$2:$D$36,MATCH(1,($G19=SalesforceData!$A$2:$A$36)*(H$2=SalesforceData!$B$2:'SalesforceData'!$B$36)*(H$3=SalesforceData!$C$2:'SalesforceData'!$C$36),0))),"")} -> 0 | I19: {=IFERROR(IF(COUNT(INDEX(SalesforceData!$D$2:$D$36,MATCH(1,($G19=SalesforceData!$A$2:$A$36)*(I$2=SalesforceData!$B$2:'SalesforceData'!$B$36)*(I$3=SalesforceData!$C$2:'SalesforceData'!$C$36),0)))=0,INDEX(SalesforceData!$F$2:$F$36,MATCH(1,($G19=SalesforceData!$A$2:$A$36)*(I$2=SalesforceData!$B$2:'SalesforceData'!$B$36) * (I$3=SalesforceData!$E$2:'SalesforceData'!$E$36),0)),INDEX(SalesforceData!$D$2:$D$36,MATCH(1,($G19=SalesforceData!$A$2:$A$36)*(I$2=SalesforceData!$B$2:'SalesforceData'!$B$36)*(I$3=SalesforceData!$C$2:'SalesforceData'!$C$36),0))),"")} -> 0 | J19: {=IFERROR(IF(COUNT(INDEX(SalesforceData!$D$2:$D$36,MATCH(1,($G19=SalesforceData!$A$2:$A$36)*(J$2=SalesforceData!$B$2:'SalesforceData'!$B$36)*(J$3=SalesforceData!$C$2:'SalesforceData'!$C$36),0)))=0,INDEX(SalesforceData!$F$2:$F$36,MATCH(1,($G19=SalesforceData!$A$2:$A$36)*(J$2=SalesforceData!$B$2:'SalesforceData'!$B$36) * (J$3=SalesforceData!$E$2:'SalesforceData'!$E$36),0)),INDEX(SalesforceData!$D$2:$D$36,MATCH(1,($G19=SalesforceData!$A$2:$A$36)*(J$2=SalesforceData!$B$2:'SalesforceData'!$B$36)*(J$3=SalesforceData!$C$2:'SalesforceData'!$C$36),0))),"")} -> 0 | K19: {=IFERROR(IF(COUNT(INDEX(SalesforceData!$D$2:$D$36,MATCH(1,($G19=SalesforceData!$A$2:$A$36)*(K$2=SalesforceData!$B$2:'SalesforceData'!$B$36)*(K$3=SalesforceData!$C$2:'SalesforceData'!$C$36),0)))=0,INDEX(SalesforceData!$F$2:$F$36,MATCH(1,($G19=SalesforceData!$A$2:$A$36)*(K$2=SalesforceData!$B$2:'SalesforceData'!$B$36) * (K$3=SalesforceData!$E$2:'SalesforceData'!$E$36),0)),INDEX(SalesforceData!$D$2:$D$36,MATCH(1,($G19=SalesforceData!$A$2:$A$36)*(K$2=SalesforceData!$B$2:'SalesforceData'!$B$36)*(K$3=SalesforceData!$C$2:'SalesforceData'!$C$36),0))),"")} -> 0 | L19: {=IFERROR(IF(COUNT(INDEX(SalesforceData!$D$2:$D$36,MATCH(1,($G19=SalesforceData!$A$2:$A$36)*(L$2=SalesforceData!$B$2:'SalesforceData'!$B$36)*(L$3=SalesforceData!$C$2:'SalesforceData'!$C$36),0)))=0,INDEX(SalesforceData!$F$2:$F$36,MATCH(1,($G19=SalesforceData!$A$2:$A$36)*(L$2=SalesforceData!$B$2:'SalesforceData'!$B$36) * (L$3=SalesforceData!$E$2:'SalesforceData'!$E$36),0)),INDEX(SalesforceData!$D$2:$D$36,MATCH(1,($G19=SalesforceData!$A$2:$A$36)*(L$2=SalesforceData!$B$2:'SalesforceData'!$B$36)*(L$3=SalesforceData!$C$2:'SalesforceData'!$C$36),0))),"")} -> 0 | M19: {=IFERROR(IF(COUNT(INDEX(SalesforceData!$D$2:$D$36,MATCH(1,($G19=SalesforceData!$A$2:$A$36)*(M$2=SalesforceData!$B$2:'SalesforceData'!$B$36)*(M$3=SalesforceData!$C$2:'SalesforceData'!$C$36),0)))=0,INDEX(SalesforceData!$F$2:$F$36,MATCH(1,($G19=SalesforceData!$A$2:$A$36)*(M$2=SalesforceData!$B$2:'SalesforceData'!$B$36) * (M$3=SalesforceData!$E$2:'SalesforceData'!$E$36),0)),INDEX(SalesforceData!$D$2:$D$36,MATCH(1,($G19=SalesforceData!$A$2:$A$36)*(M$2=SalesforceData!$B$2:'SalesforceData'!$B$36)*(M$3=SalesforceData!$C$2:'SalesforceData'!$C$36),0))),"")} -> 0 | N19: {=IFERROR(IF(COUNT(INDEX(SalesforceData!$D$2:$D$36,MATCH(1,($G19=SalesforceData!$A$2:$A$36)*(N$2=SalesforceData!$B$2:'SalesforceData'!$B$36)*(N$3=SalesforceData!$C$2:'SalesforceData'!$C$36),0)))=0,INDEX(SalesforceData!$F$2:$F$36,MATCH(1,($G19=SalesforceData!$A$2:$A$36)*(N$2=SalesforceData!$B$2:'SalesforceData'!$B$36) * (N$3=SalesforceData!$E$2:'SalesforceData'!$E$36),0)),INDEX(SalesforceData!$D$2:$D$36,MATCH(1,($G19=SalesforceData!$A$2:$A$36)*(N$2=SalesforceData!$B$2:'SalesforceData'!$B$36)*(N$3=SalesforceData!$C$2:'SalesforceData'!$C$36),0))),"")} -> 0 | O19: {=IFERROR(IF(COUNT(INDEX(SalesforceData!$D$2:$D$36,MATCH(1,($G19=SalesforceData!$A$2:$A$36)*(O$2=SalesforceData!$B$2:'SalesforceData'!$B$36)*(O$3=SalesforceData!$C$2:'SalesforceData'!$C$36),0)))=0,INDEX(SalesforceData!$F$2:$F$36,MATCH(1,($G19=SalesforceData!$A$2:$A$36)*(O$2=SalesforceData!$B$2:'SalesforceData'!$B$36) * (O$3=SalesforceData!$E$2:'SalesforceData'!$E$36),0)),INDEX(SalesforceData!$D$2:$D$36,MATCH(1,($G19=SalesforceData!$A$2:$A$36)*(O$2=SalesforceData!$B$2:'SalesforceData'!$B$36)*(O$3=SalesforceData!$C$2:'SalesforceData'!$C$36),0))),"")} -> 0 | S19: {=IF(CELL("contents",G19)=0,"",CELL("contents",G19))} | T19: {=IF(CELL("contents",H19)=0,"",CELL("contents",H19))} | U19: {=IF(CELL("contents",I19)=0,"",CELL("contents",I19))} | V19: {=IF(CELL("contents",J19)=0,"",CELL("contents",J19))} | W19: {=IF(CELL("contents",K19)=0,"",CELL("contents",K19))} | X19: {=IF(CELL("contents",L19)=0,"",CELL("contents",L19))} | Y19: {=IF(CELL("contents",M19)=0,"",CELL("contents",M19))} | Z19: {=IF(CELL("contents",N19)=0,"",CELL("contents",N19))} | AA19: {=IF(CELL("contents",O19)=0,"",CELL("contents",O19))}
A20: {=IF(IFERROR(INDEX(SalesforceData!$A$2:'SalesforceData'!$A$36, MATCH(0, COUNTIF(DataTransformation!$A$2:'DataTransformation'!$A19, SalesforceData!$A$2:'SalesforceData'!$A$36), 0)),"") = 0,"", IFERROR(INDEX(SalesforceData!$A$2:'SalesforceData'!$A$36, MATCH(0, COUNTIF(DataTransformation!$A$2:'DataTransformation'!$A19, SalesforceData!$A$2:'SalesforceData'!$A$36), 0)),""))} | B20: {=IF(IFERROR(INDEX(SalesforceData!$B$2:'SalesforceData'!$B$36, MATCH(0, COUNTIF(DataTransformation!$B$2:'DataTransformation'!$B19, SalesforceData!$B$2:'SalesforceData'!$B$36), 0)),"") = 0,"", IFERROR(INDEX(SalesforceData!$B$2:'SalesforceData'!$B$36, MATCH(0, COUNTIF(DataTransformation!$B$2:'DataTransformation'!$B19, SalesforceData!$B$2:'SalesforceData'!$B$36), 0)),""))} | G20: =A19 | H20: {=IFERROR(IF(COUNT(INDEX(SalesforceData!$D$2:$D$36,MATCH(1,($G20=SalesforceData!$A$2:$A$36)*(H$2=SalesforceData!$B$2:'SalesforceData'!$B$36)*(H$3=SalesforceData!$C$2:'SalesforceData'!$C$36),0)))=0,INDEX(SalesforceData!$F$2:$F$36,MATCH(1,($G20=SalesforceData!$A$2:$A$36)*(H$2=SalesforceData!$B$2:'SalesforceData'!$B$36) * (H$3=SalesforceData!$E$2:'SalesforceData'!$E$36),0)),INDEX(SalesforceData!$D$2:$D$36,MATCH(1,($G20=SalesforceData!$A$2:$A$36)*(H$2=SalesforceData!$B$2:'SalesforceData'!$B$36)*(H$3=SalesforceData!$C$2:'SalesforceData'!$C$36),0))),"")} -> 0 | I20: {=IFERROR(IF(COUNT(INDEX(SalesforceData!$D$2:$D$36,MATCH(1,($G20=SalesforceData!$A$2:$A$36)*(I$2=SalesforceData!$B$2:'SalesforceData'!$B$36)*(I$3=SalesforceData!$C$2:'SalesforceData'!$C$36),0)))=0,INDEX(SalesforceData!$F$2:$F$36,MATCH(1,($G20=SalesforceData!$A$2:$A$36)*(I$2=SalesforceData!$B$2:'SalesforceData'!$B$36) * (I$3=SalesforceData!$E$2:'SalesforceData'!$E$36),0)),INDEX(SalesforceData!$D$2:$D$36,MATCH(1,($G20=SalesforceData!$A$2:$A$36)*(I$2=SalesforceData!$B$2:'SalesforceData'!$B$36)*(I$3=SalesforceData!$C$2:'SalesforceData'!$C$36),0))),"")} -> 0 | J20: {=IFERROR(IF(COUNT(INDEX(SalesforceData!$D$2:$D$36,MATCH(1,($G20=SalesforceData!$A$2:$A$36)*(J$2=SalesforceData!$B$2:'SalesforceData'!$B$36)*(J$3=SalesforceData!$C$2:'SalesforceData'!$C$36),0)))=0,INDEX(SalesforceData!$F$2:$F$36,MATCH(1,($G20=SalesforceData!$A$2:$A$36)*(J$2=SalesforceData!$B$2:'SalesforceData'!$B$36) * (J$3=SalesforceData!$E$2:'SalesforceData'!$E$36),0)),INDEX(SalesforceData!$D$2:$D$36,MATCH(1,($G20=SalesforceData!$A$2:$A$36)*(J$2=SalesforceData!$B$2:'SalesforceData'!$B$36)*(J$3=SalesforceData!$C$2:'SalesforceData'!$C$36),0))),"")} -> 0 | K20: {=IFERROR(IF(COUNT(INDEX(SalesforceData!$D$2:$D$36,MATCH(1,($G20=SalesforceData!$A$2:$A$36)*(K$2=SalesforceData!$B$2:'SalesforceData'!$B$36)*(K$3=SalesforceData!$C$2:'SalesforceData'!$C$36),0)))=0,INDEX(SalesforceData!$F$2:$F$36,MATCH(1,($G20=SalesforceData!$A$2:$A$36)*(K$2=SalesforceData!$B$2:'SalesforceData'!$B$36) * (K$3=SalesforceData!$E$2:'SalesforceData'!$E$36),0)),INDEX(SalesforceData!$D$2:$D$36,MATCH(1,($G20=SalesforceData!$A$2:$A$36)*(K$2=SalesforceData!$B$2:'SalesforceData'!$B$36)*(K$3=SalesforceData!$C$2:'SalesforceData'!$C$36),0))),"")} -> 0 | L20: {=IFERROR(IF(COUNT(INDEX(SalesforceData!$D$2:$D$36,MATCH(1,($G20=SalesforceData!$A$2:$A$36)*(L$2=SalesforceData!$B$2:'SalesforceData'!$B$36)*(L$3=SalesforceData!$C$2:'SalesforceData'!$C$36),0)))=0,INDEX(SalesforceData!$F$2:$F$36,MATCH(1,($G20=SalesforceData!$A$2:$A$36)*(L$2=SalesforceData!$B$2:'SalesforceData'!$B$36) * (L$3=SalesforceData!$E$2:'SalesforceData'!$E$36),0)),INDEX(SalesforceData!$D$2:$D$36,MATCH(1,($G20=SalesforceData!$A$2:$A$36)*(L$2=SalesforceData!$B$2:'SalesforceData'!$B$36)*(L$3=SalesforceData!$C$2:'SalesforceData'!$C$36),0))),"")} -> 0 | M20: {=IFERROR(IF(COUNT(INDEX(SalesforceData!$D$2:$D$36,MATCH(1,($G20=SalesforceData!$A$2:$A$36)*(M$2=SalesforceData!$B$2:'SalesforceData'!$B$36)*(M$3=SalesforceData!$C$2:'SalesforceData'!$C$36),0)))=0,INDEX(SalesforceData!$F$2:$F$36,MATCH(1,($G20=SalesforceData!$A$2:$A$36)*(M$2=SalesforceData!$B$2:'SalesforceData'!$B$36) * (M$3=SalesforceData!$E$2:'SalesforceData'!$E$36),0)),INDEX(SalesforceData!$D$2:$D$36,MATCH(1,($G20=SalesforceData!$A$2:$A$36)*(M$2=SalesforceData!$B$2:'SalesforceData'!$B$36)*(M$3=SalesforceData!$C$2:'SalesforceData'!$C$36),0))),"")} -> 0 | N20: {=IFERROR(IF(COUNT(INDEX(SalesforceData!$D$2:$D$36,MATCH(1,($G20=SalesforceData!$A$2:$A$36)*(N$2=SalesforceData!$B$2:'SalesforceData'!$B$36)*(N$3=SalesforceData!$C$2:'SalesforceData'!$C$36),0)))=0,INDEX(SalesforceData!$F$2:$F$36,MATCH(1,($G20=SalesforceData!$A$2:$A$36)*(N$2=SalesforceData!$B$2:'SalesforceData'!$B$36) * (N$3=SalesforceData!$E$2:'SalesforceData'!$E$36),0)),INDEX(SalesforceData!$D$2:$D$36,MATCH(1,($G20=SalesforceData!$A$2:$A$36)*(N$2=SalesforceData!$B$2:'SalesforceData'!$B$36)*(N$3=SalesforceData!$C$2:'SalesforceData'!$C$36),0))),"")} -> 0 | O20: {=IFERROR(IF(COUNT(INDEX(SalesforceData!$D$2:$D$36,MATCH(1,($G20=SalesforceData!$A$2:$A$36)*(O$2=SalesforceData!$B$2:'SalesforceData'!$B$36)*(O$3=SalesforceData!$C$2:'SalesforceData'!$C$36),0)))=0,INDEX(SalesforceData!$F$2:$F$36,MATCH(1,($G20=SalesforceData!$A$2:$A$36)*(O$2=SalesforceData!$B$2:'SalesforceData'!$B$36) * (O$3=SalesforceData!$E$2:'SalesforceData'!$E$36),0)),INDEX(SalesforceData!$D$2:$D$36,MATCH(1,($G20=SalesforceData!$A$2:$A$36)*(O$2=SalesforceData!$B$2:'SalesforceData'!$B$36)*(O$3=SalesforceData!$C$2:'SalesforceData'!$C$36),0))),"")} -> 0 | S20: {=IF(CELL("contents",G20)=0,"",CELL("contents",G20))} | T20: {=IF(CELL("contents",H20)=0,"",CELL("contents",H20))} | U20: {=IF(CELL("contents",I20)=0,"",CELL("contents",I20))} | V20: {=IF(CELL("contents",J20)=0,"",CELL("contents",J20))} | W20: {=IF(CELL("contents",K20)=0,"",CELL("contents",K20))} | X20: {=IF(CELL("contents",L20)=0,"",CELL("contents",L20))} | Y20: {=IF(CELL("contents",M20)=0,"",CELL("contents",M20))} | Z20: {=IF(CELL("contents",N20)=0,"",CELL("contents",N20))} | AA20: {=IF(CELL("contents",O20)=0,"",CELL("contents",O20))}
A21: {=IF(IFERROR(INDEX(SalesforceData!$A$2:'SalesforceData'!$A$36, MATCH(0, COUNTIF(DataTransformation!$A$2:'DataTransformation'!$A20, SalesforceData!$A$2:'SalesforceData'!$A$36), 0)),"") = 0,"", IFERROR(INDEX(SalesforceData!$A$2:'SalesforceData'!$A$36, MATCH(0, COUNTIF(DataTransformation!$A$2:'DataTransformation'!$A20, SalesforceData!$A$2:'SalesforceData'!$A$36), 0)),""))} | B21: {=IF(IFERROR(INDEX(SalesforceData!$B$2:'SalesforceData'!$B$36, MATCH(0, COUNTIF(DataTransformation!$B$2:'DataTransformation'!$B20, SalesforceData!$B$2:'SalesforceData'!$B$36), 0)),"") = 0,"", IFERROR(INDEX(SalesforceData!$B$2:'SalesforceData'!$B$36, MATCH(0, COUNTIF(DataTransformation!$B$2:'DataTransformation'!$B20, SalesforceData!$B$2:'SalesforceData'!$B$36), 0)),""))} | G21: =A20 | H21: {=IFERROR(IF(COUNT(INDEX(SalesforceData!$D$2:$D$36,MATCH(1,($G21=SalesforceData!$A$2:$A$36)*(H$2=SalesforceData!$B$2:'SalesforceData'!$B$36)*(H$3=SalesforceData!$C$2:'SalesforceData'!$C$36),0)))=0,INDEX(SalesforceData!$F$2:$F$36,MATCH(1,($G21=SalesforceData!$A$2:$A$36)*(H$2=SalesforceData!$B$2:'SalesforceData'!$B$36) * (H$3=SalesforceData!$E$2:'SalesforceData'!$E$36),0)),INDEX(SalesforceData!$D$2:$D$36,MATCH(1,($G21=SalesforceData!$A$2:$A$36)*(H$2=SalesforceData!$B$2:'SalesforceData'!$B$36)*(H$3=SalesforceData!$C$2:'SalesforceData'!$C$36),0))),"")} -> 0 | I21: {=IFERROR(IF(COUNT(INDEX(SalesforceData!$D$2:$D$36,MATCH(1,($G21=SalesforceData!$A$2:$A$36)*(I$2=SalesforceData!$B$2:'SalesforceData'!$B$36)*(I$3=SalesforceData!$C$2:'SalesforceData'!$C$36),0)))=0,INDEX(SalesforceData!$F$2:$F$36,MATCH(1,($G21=SalesforceData!$A$2:$A$36)*(I$2=SalesforceData!$B$2:'SalesforceData'!$B$36) * (I$3=SalesforceData!$E$2:'SalesforceData'!$E$36),0)),INDEX(SalesforceData!$D$2:$D$36,MATCH(1,($G21=SalesforceData!$A$2:$A$36)*(I$2=SalesforceData!$B$2:'SalesforceData'!$B$36)*(I$3=SalesforceData!$C$2:'SalesforceData'!$C$36),0))),"")} -> 0 | J21: {=IFERROR(IF(COUNT(INDEX(SalesforceData!$D$2:$D$36,MATCH(1,($G21=SalesforceData!$A$2:$A$36)*(J$2=SalesforceData!$B$2:'SalesforceData'!$B$36)*(J$3=SalesforceData!$C$2:'SalesforceData'!$C$36),0)))=0,INDEX(SalesforceData!$F$2:$F$36,MATCH(1,($G21=SalesforceData!$A$2:$A$36)*(J$2=SalesforceData!$B$2:'SalesforceData'!$B$36) * (J$3=SalesforceData!$E$2:'SalesforceData'!$E$36),0)),INDEX(SalesforceData!$D$2:$D$36,MATCH(1,($G21=SalesforceData!$A$2:$A$36)*(J$2=SalesforceData!$B$2:'SalesforceData'!$B$36)*(J$3=SalesforceData!$C$2:'SalesforceData'!$C$36),0))),"")} -> 0 | K21: {=IFERROR(IF(COUNT(INDEX(SalesforceData!$D$2:$D$36,MATCH(1,($G21=SalesforceData!$A$2:$A$36)*(K$2=SalesforceData!$B$2:'SalesforceData'!$B$36)*(K$3=SalesforceData!$C$2:'SalesforceData'!$C$36),0)))=0,INDEX(SalesforceData!$F$2:$F$36,MATCH(1,($G21=SalesforceData!$A$2:$A$36)*(K$2=SalesforceData!$B$2:'SalesforceData'!$B$36) * (K$3=SalesforceData!$E$2:'SalesforceData'!$E$36),0)),INDEX(SalesforceData!$D$2:$D$36,MATCH(1,($G21=SalesforceData!$A$2:$A$36)*(K$2=SalesforceData!$B$2:'SalesforceData'!$B$36)*(K$3=SalesforceData!$C$2:'SalesforceData'!$C$36),0))),"")} -> 0 | L21: {=IFERROR(IF(COUNT(INDEX(SalesforceData!$D$2:$D$36,MATCH(1,($G21=SalesforceData!$A$2:$A$36)*(L$2=SalesforceData!$B$2:'SalesforceData'!$B$36)*(L$3=SalesforceData!$C$2:'SalesforceData'!$C$36),0)))=0,INDEX(SalesforceData!$F$2:$F$36,MATCH(1,($G21=SalesforceData!$A$2:$A$36)*(L$2=SalesforceData!$B$2:'SalesforceData'!$B$36) * (L$3=SalesforceData!$E$2:'SalesforceData'!$E$36),0)),INDEX(SalesforceData!$D$2:$D$36,MATCH(1,($G21=SalesforceData!$A$2:$A$36)*(L$2=SalesforceData!$B$2:'SalesforceData'!$B$36)*(L$3=SalesforceData!$C$2:'SalesforceData'!$C$36),0))),"")} -> 0 | M21: {=IFERROR(IF(COUNT(INDEX(SalesforceData!$D$2:$D$36,MATCH(1,($G21=SalesforceData!$A$2:$A$36)*(M$2=SalesforceData!$B$2:'SalesforceData'!$B$36)*(M$3=SalesforceData!$C$2:'SalesforceData'!$C$36),0)))=0,INDEX(SalesforceData!$F$2:$F$36,MATCH(1,($G21=SalesforceData!$A$2:$A$36)*(M$2=SalesforceData!$B$2:'SalesforceData'!$B$36) * (M$3=SalesforceData!$E$2:'SalesforceData'!$E$36),0)),INDEX(SalesforceData!$D$2:$D$36,MATCH(1,($G21=SalesforceData!$A$2:$A$36)*(M$2=SalesforceData!$B$2:'SalesforceData'!$B$36)*(M$3=SalesforceData!$C$2:'SalesforceData'!$C$36),0))),"")} -> 0 | N21: {=IFERROR(IF(COUNT(INDEX(SalesforceData!$D$2:$D$36,MATCH(1,($G21=SalesforceData!$A$2:$A$36)*(N$2=SalesforceData!$B$2:'SalesforceData'!$B$36)*(N$3=SalesforceData!$C$2:'SalesforceData'!$C$36),0)))=0,INDEX(SalesforceData!$F$2:$F$36,MATCH(1,($G21=SalesforceData!$A$2:$A$36)*(N$2=SalesforceData!$B$2:'SalesforceData'!$B$36) * (N$3=SalesforceData!$E$2:'SalesforceData'!$E$36),0)),INDEX(SalesforceData!$D$2:$D$36,MATCH(1,($G21=SalesforceData!$A$2:$A$36)*(N$2=SalesforceData!$B$2:'SalesforceData'!$B$36)*(N$3=SalesforceData!$C$2:'SalesforceData'!$C$36),0))),"")} -> 0 | O21: {=IFERROR(IF(COUNT(INDEX(SalesforceData!$D$2:$D$36,MATCH(1,($G21=SalesforceData!$A$2:$A$36)*(O$2=SalesforceData!$B$2:'SalesforceData'!$B$36)*(O$3=SalesforceData!$C$2:'SalesforceData'!$C$36),0)))=0,INDEX(SalesforceData!$F$2:$F$36,MATCH(1,($G21=SalesforceData!$A$2:$A$36)*(O$2=SalesforceData!$B$2:'SalesforceData'!$B$36) * (O$3=SalesforceData!$E$2:'SalesforceData'!$E$36),0)),INDEX(SalesforceData!$D$2:$D$36,MATCH(1,($G21=SalesforceData!$A$2:$A$36)*(O$2=SalesforceData!$B$2:'SalesforceData'!$B$36)*(O$3=SalesforceData!$C$2:'SalesforceData'!$C$36),0))),"")} -> 0 | S21: {=IF(CELL("contents",G21)=0,"",CELL("contents",G21))} | T21: {=IF(CELL("contents",H21)=0,"",CELL("contents",H21))} | U21: {=IF(CELL("contents",I21)=0,"",CELL("contents",I21))} | V21: {=IF(CELL("contents",J21)=0,"",CELL("contents",J21))} | W21: {=IF(CELL("contents",K21)=0,"",CELL("contents",K21))} | X21: {=IF(CELL("contents",L21)=0,"",CELL("contents",L21))} | Y21: {=IF(CELL("contents",M21)=0,"",CELL("contents",M21))} | Z21: {=IF(CELL("contents",N21)=0,"",CELL("contents",N21))} | AA21: {=IF(CELL("contents",O21)=0,"",CELL("contents",O21))}
A22: {=IF(IFERROR(INDEX(SalesforceData!$A$2:'SalesforceData'!$A$36, MATCH(0, COUNTIF(DataTransformation!$A$2:'DataTransformation'!$A21, SalesforceData!$A$2:'SalesforceData'!$A$36), 0)),"") = 0,"", IFERROR(INDEX(SalesforceData!$A$2:'SalesforceData'!$A$36, MATCH(0, COUNTIF(DataTransformation!$A$2:'DataTransformation'!$A21, SalesforceData!$A$2:'SalesforceData'!$A$36), 0)),""))} | B22: {=IF(IFERROR(INDEX(SalesforceData!$B$2:'SalesforceData'!$B$36, MATCH(0, COUNTIF(DataTransformation!$B$2:'DataTransformation'!$B21, SalesforceData!$B$2:'SalesforceData'!$B$36), 0)),"") = 0,"", IFERROR(INDEX(SalesforceData!$B$2:'SalesforceData'!$B$36, MATCH(0, COUNTIF(DataTransformation!$B$2:'DataTransformation'!$B21, SalesforceData!$B$2:'SalesforceData'!$B$36), 0)),""))} | G22: =A21 | H22: {=IFERROR(IF(COUNT(INDEX(SalesforceData!$D$2:$D$36,MATCH(1,($G22=SalesforceData!$A$2:$A$36)*(H$2=SalesforceData!$B$2:'SalesforceData'!$B$36)*(H$3=SalesforceData!$C$2:'SalesforceData'!$C$36),0)))=0,INDEX(SalesforceData!$F$2:$F$36,MATCH(1,($G22=SalesforceData!$A$2:$A$36)*(H$2=SalesforceData!$B$2:'SalesforceData'!$B$36) * (H$3=SalesforceData!$E$2:'SalesforceData'!$E$36),0)),INDEX(SalesforceData!$D$2:$D$36,MATCH(1,($G22=SalesforceData!$A$2:$A$36)*(H$2=SalesforceData!$B$2:'SalesforceData'!$B$36)*(H$3=SalesforceData!$C$2:'SalesforceData'!$C$36),0))),"")} -> 0 | I22: {=IFERROR(IF(COUNT(INDEX(SalesforceData!$D$2:$D$36,MATCH(1,($G22=SalesforceData!$A$2:$A$36)*(I$2=SalesforceData!$B$2:'SalesforceData'!$B$36)*(I$3=SalesforceData!$C$2:'SalesforceData'!$C$36),0)))=0,INDEX(SalesforceData!$F$2:$F$36,MATCH(1,($G22=SalesforceData!$A$2:$A$36)*(I$2=SalesforceData!$B$2:'SalesforceData'!$B$36) * (I$3=SalesforceData!$E$2:'SalesforceData'!$E$36),0)),INDEX(SalesforceData!$D$2:$D$36,MATCH(1,($G22=SalesforceData!$A$2:$A$36)*(I$2=SalesforceData!$B$2:'SalesforceData'!$B$36)*(I$3=SalesforceData!$C$2:'SalesforceData'!$C$36),0))),"")} -> 0 | J22: {=IFERROR(IF(COUNT(INDEX(SalesforceData!$D$2:$D$36,MATCH(1,($G22=SalesforceData!$A$2:$A$36)*(J$2=SalesforceData!$B$2:'SalesforceData'!$B$36)*(J$3=SalesforceData!$C$2:'SalesforceData'!$C$36),0)))=0,INDEX(SalesforceData!$F$2:$F$36,MATCH(1,($G22=SalesforceData!$A$2:$A$36)*(J$2=SalesforceData!$B$2:'SalesforceData'!$B$36) * (J$3=SalesforceData!$E$2:'SalesforceData'!$E$36),0)),INDEX(SalesforceData!$D$2:$D$36,MATCH(1,($G22=SalesforceData!$A$2:$A$36)*(J$2=SalesforceData!$B$2:'SalesforceData'!$B$36)*(J$3=SalesforceData!$C$2:'SalesforceData'!$C$36),0))),"")} -> 0 | K22: {=IFERROR(IF(COUNT(INDEX(SalesforceData!$D$2:$D$36,MATCH(1,($G22=SalesforceData!$A$2:$A$36)*(K$2=SalesforceData!$B$2:'SalesforceData'!$B$36)*(K$3=SalesforceData!$C$2:'SalesforceData'!$C$36),0)))=0,INDEX(SalesforceData!$F$2:$F$36,MATCH(1,($G22=SalesforceData!$A$2:$A$36)*(K$2=SalesforceData!$B$2:'SalesforceData'!$B$36) * (K$3=SalesforceData!$E$2:'SalesforceData'!$E$36),0)),INDEX(SalesforceData!$D$2:$D$36,MATCH(1,($G22=SalesforceData!$A$2:$A$36)*(K$2=SalesforceData!$B$2:'SalesforceData'!$B$36)*(K$3=SalesforceData!$C$2:'SalesforceData'!$C$36),0))),"")} -> 0 | L22: {=IFERROR(IF(COUNT(INDEX(SalesforceData!$D$2:$D$36,MATCH(1,($G22=SalesforceData!$A$2:$A$36)*(L$2=SalesforceData!$B$2:'SalesforceData'!$B$36)*(L$3=SalesforceData!$C$2:'SalesforceData'!$C$36),0)))=0,INDEX(SalesforceData!$F$2:$F$36,MATCH(1,($G22=SalesforceData!$A$2:$A$36)*(L$2=SalesforceData!$B$2:'SalesforceData'!$B$36) * (L$3=SalesforceData!$E$2:'SalesforceData'!$E$36),0)),INDEX(SalesforceData!$D$2:$D$36,MATCH(1,($G22=SalesforceData!$A$2:$A$36)*(L$2=SalesforceData!$B$2:'SalesforceData'!$B$36)*(L$3=SalesforceData!$C$2:'SalesforceData'!$C$36),0))),"")} -> 0 | M22: {=IFERROR(IF(COUNT(INDEX(SalesforceData!$D$2:$D$36,MATCH(1,($G22=SalesforceData!$A$2:$A$36)*(M$2=SalesforceData!$B$2:'SalesforceData'!$B$36)*(M$3=SalesforceData!$C$2:'SalesforceData'!$C$36),0)))=0,INDEX(SalesforceData!$F$2:$F$36,MATCH(1,($G22=SalesforceData!$A$2:$A$36)*(M$2=SalesforceData!$B$2:'SalesforceData'!$B$36) * (M$3=SalesforceData!$E$2:'SalesforceData'!$E$36),0)),INDEX(SalesforceData!$D$2:$D$36,MATCH(1,($G22=SalesforceData!$A$2:$A$36)*(M$2=SalesforceData!$B$2:'SalesforceData'!$B$36)*(M$3=SalesforceData!$C$2:'SalesforceData'!$C$36),0))),"")} -> 0 | N22: {=IFERROR(IF(COUNT(INDEX(SalesforceData!$D$2:$D$36,MATCH(1,($G22=SalesforceData!$A$2:$A$36)*(N$2=SalesforceData!$B$2:'SalesforceData'!$B$36)*(N$3=SalesforceData!$C$2:'SalesforceData'!$C$36),0)))=0,INDEX(SalesforceData!$F$2:$F$36,MATCH(1,($G22=SalesforceData!$A$2:$A$36)*(N$2=SalesforceData!$B$2:'SalesforceData'!$B$36) * (N$3=SalesforceData!$E$2:'SalesforceData'!$E$36),0)),INDEX(SalesforceData!$D$2:$D$36,MATCH(1,($G22=SalesforceData!$A$2:$A$36)*(N$2=SalesforceData!$B$2:'SalesforceData'!$B$36)*(N$3=SalesforceData!$C$2:'SalesforceData'!$C$36),0))),"")} -> 0 | O22: {=IFERROR(IF(COUNT(INDEX(SalesforceData!$D$2:$D$36,MATCH(1,($G22=SalesforceData!$A$2:$A$36)*(O$2=SalesforceData!$B$2:'SalesforceData'!$B$36)*(O$3=SalesforceData!$C$2:'SalesforceData'!$C$36),0)))=0,INDEX(SalesforceData!$F$2:$F$36,MATCH(1,($G22=SalesforceData!$A$2:$A$36)*(O$2=SalesforceData!$B$2:'SalesforceData'!$B$36) * (O$3=SalesforceData!$E$2:'SalesforceData'!$E$36),0)),INDEX(SalesforceData!$D$2:$D$36,MATCH(1,($G22=SalesforceData!$A$2:$A$36)*(O$2=SalesforceData!$B$2:'SalesforceData'!$B$36)*(O$3=SalesforceData!$C$2:'SalesforceData'!$C$36),0))),"")} -> 0 | S22: {=IF(CELL("contents",G22)=0,"",CELL("contents",G22))} | T22: {=IF(CELL("contents",H22)=0,"",CELL("contents",H22))} | U22: {=IF(CELL("contents",I22)=0,"",CELL("contents",I22))} | V22: {=IF(CELL("contents",J22)=0,"",CELL("contents",J22))} | W22: {=IF(CELL("contents",K22)=0,"",CELL("contents",K22))} | X22: {=IF(CELL("contents",L22)=0,"",CELL("contents",L22))} | Y22: {=IF(CELL("contents",M22)=0,"",CELL("contents",M22))} | Z22: {=IF(CELL("contents",N22)=0,"",CELL("contents",N22))} | AA22: {=IF(CELL("contents",O22)=0,"",CELL("contents",O22))}
A23: {=IF(IFERROR(INDEX(SalesforceData!$A$2:'SalesforceData'!$A$36, MATCH(0, COUNTIF(DataTransformation!$A$2:'DataTransformation'!$A22, SalesforceData!$A$2:'SalesforceData'!$A$36), 0)),"") = 0,"", IFERROR(INDEX(SalesforceData!$A$2:'SalesforceData'!$A$36, MATCH(0, COUNTIF(DataTransformation!$A$2:'DataTransformation'!$A22, SalesforceData!$A$2:'SalesforceData'!$A$36), 0)),""))} | B23: {=IF(IFERROR(INDEX(SalesforceData!$B$2:'SalesforceData'!$B$36, MATCH(0, COUNTIF(DataTransformation!$B$2:'DataTransformation'!$B22, SalesforceData!$B$2:'SalesforceData'!$B$36), 0)),"") = 0,"", IFERROR(INDEX(SalesforceData!$B$2:'SalesforceData'!$B$36, MATCH(0, COUNTIF(DataTransformation!$B$2:'DataTransformation'!$B22, SalesforceData!$B$2:'SalesforceData'!$B$36), 0)),""))} | G23: =A22 | H23: {=IFERROR(IF(COUNT(INDEX(SalesforceData!$D$2:$D$36,MATCH(1,($G23=SalesforceData!$A$2:$A$36)*(H$2=SalesforceData!$B$2:'SalesforceData'!$B$36)*(H$3=SalesforceData!$C$2:'SalesforceData'!$C$36),0)))=0,INDEX(SalesforceData!$F$2:$F$36,MATCH(1,($G23=SalesforceData!$A$2:$A$36)*(H$2=SalesforceData!$B$2:'SalesforceData'!$B$36) * (H$3=SalesforceData!$E$2:'SalesforceData'!$E$36),0)),INDEX(SalesforceData!$D$2:$D$36,MATCH(1,($G23=SalesforceData!$A$2:$A$36)*(H$2=SalesforceData!$B$2:'SalesforceData'!$B$36)*(H$3=SalesforceData!$C$2:'SalesforceData'!$C$36),0))),"")} -> 0 | I23: {=IFERROR(IF(COUNT(INDEX(SalesforceData!$D$2:$D$36,MATCH(1,($G23=SalesforceData!$A$2:$A$36)*(I$2=SalesforceData!$B$2:'SalesforceData'!$B$36)*(I$3=SalesforceData!$C$2:'SalesforceData'!$C$36),0)))=0,INDEX(SalesforceData!$F$2:$F$36,MATCH(1,($G23=SalesforceData!$A$2:$A$36)*(I$2=SalesforceData!$B$2:'SalesforceData'!$B$36) * (I$3=SalesforceData!$E$2:'SalesforceData'!$E$36),0)),INDEX(SalesforceData!$D$2:$D$36,MATCH(1,($G23=SalesforceData!$A$2:$A$36)*(I$2=SalesforceData!$B$2:'SalesforceData'!$B$36)*(I$3=SalesforceData!$C$2:'SalesforceData'!$C$36),0))),"")} -> 0 | J23: {=IFERROR(IF(COUNT(INDEX(SalesforceData!$D$2:$D$36,MATCH(1,($G23=SalesforceData!$A$2:$A$36)*(J$2=SalesforceData!$B$2:'SalesforceData'!$B$36)*(J$3=SalesforceData!$C$2:'SalesforceData'!$C$36),0)))=0,INDEX(SalesforceData!$F$2:$F$36,MATCH(1,($G23=SalesforceData!$A$2:$A$36)*(J$2=SalesforceData!$B$2:'SalesforceData'!$B$36) * (J$3=SalesforceData!$E$2:'SalesforceData'!$E$36),0)),INDEX(SalesforceData!$D$2:$D$36,MATCH(1,($G23=SalesforceData!$A$2:$A$36)*(J$2=SalesforceData!$B$2:'SalesforceData'!$B$36)*(J$3=SalesforceData!$C$2:'SalesforceData'!$C$36),0))),"")} -> 0 | K23: {=IFERROR(IF(COUNT(INDEX(SalesforceData!$D$2:$D$36,MATCH(1,($G23=SalesforceData!$A$2:$A$36)*(K$2=SalesforceData!$B$2:'SalesforceData'!$B$36)*(K$3=SalesforceData!$C$2:'SalesforceData'!$C$36),0)))=0,INDEX(SalesforceData!$F$2:$F$36,MATCH(1,($G23=SalesforceData!$A$2:$A$36)*(K$2=SalesforceData!$B$2:'SalesforceData'!$B$36) * (K$3=SalesforceData!$E$2:'SalesforceData'!$E$36),0)),INDEX(SalesforceData!$D$2:$D$36,MATCH(1,($G23=SalesforceData!$A$2:$A$36)*(K$2=SalesforceData!$B$2:'SalesforceData'!$B$36)*(K$3=SalesforceData!$C$2:'SalesforceData'!$C$36),0))),"")} -> 0 | L23: {=IFERROR(IF(COUNT(INDEX(SalesforceData!$D$2:$D$36,MATCH(1,($G23=SalesforceData!$A$2:$A$36)*(L$2=SalesforceData!$B$2:'SalesforceData'!$B$36)*(L$3=SalesforceData!$C$2:'SalesforceData'!$C$36),0)))=0,INDEX(SalesforceData!$F$2:$F$36,MATCH(1,($G23=SalesforceData!$A$2:$A$36)*(L$2=SalesforceData!$B$2:'SalesforceData'!$B$36) * (L$3=SalesforceData!$E$2:'SalesforceData'!$E$36),0)),INDEX(SalesforceData!$D$2:$D$36,MATCH(1,($G23=SalesforceData!$A$2:$A$36)*(L$2=SalesforceData!$B$2:'SalesforceData'!$B$36)*(L$3=SalesforceData!$C$2:'SalesforceData'!$C$36),0))),"")} -> 0 | M23: {=IFERROR(IF(COUNT(INDEX(SalesforceData!$D$2:$D$36,MATCH(1,($G23=SalesforceData!$A$2:$A$36)*(M$2=SalesforceData!$B$2:'SalesforceData'!$B$36)*(M$3=SalesforceData!$C$2:'SalesforceData'!$C$36),0)))=0,INDEX(SalesforceData!$F$2:$F$36,MATCH(1,($G23=SalesforceData!$A$2:$A$36)*(M$2=SalesforceData!$B$2:'SalesforceData'!$B$36) * (M$3=SalesforceData!$E$2:'SalesforceData'!$E$36),0)),INDEX(SalesforceData!$D$2:$D$36,MATCH(1,($G23=SalesforceData!$A$2:$A$36)*(M$2=SalesforceData!$B$2:'SalesforceData'!$B$36)*(M$3=SalesforceData!$C$2:'SalesforceData'!$C$36),0))),"")} -> 0 | N23: {=IFERROR(IF(COUNT(INDEX(SalesforceData!$D$2:$D$36,MATCH(1,($G23=SalesforceData!$A$2:$A$36)*(N$2=SalesforceData!$B$2:'SalesforceData'!$B$36)*(N$3=SalesforceData!$C$2:'SalesforceData'!$C$36),0)))=0,INDEX(SalesforceData!$F$2:$F$36,MATCH(1,($G23=SalesforceData!$A$2:$A$36)*(N$2=SalesforceData!$B$2:'SalesforceData'!$B$36) * (N$3=SalesforceData!$E$2:'SalesforceData'!$E$36),0)),INDEX(SalesforceData!$D$2:$D$36,MATCH(1,($G23=SalesforceData!$A$2:$A$36)*(N$2=SalesforceData!$B$2:'SalesforceData'!$B$36)*(N$3=SalesforceData!$C$2:'SalesforceData'!$C$36),0))),"")} -> 0 | O23: {=IFERROR(IF(COUNT(INDEX(SalesforceData!$D$2:$D$36,MATCH(1,($G23=SalesforceData!$A$2:$A$36)*(O$2=SalesforceData!$B$2:'SalesforceData'!$B$36)*(O$3=SalesforceData!$C$2:'SalesforceData'!$C$36),0)))=0,INDEX(SalesforceData!$F$2:$F$36,MATCH(1,($G23=SalesforceData!$A$2:$A$36)*(O$2=SalesforceData!$B$2:'SalesforceData'!$B$36) * (O$3=SalesforceData!$E$2:'SalesforceData'!$E$36),0)),INDEX(SalesforceData!$D$2:$D$36,MATCH(1,($G23=SalesforceData!$A$2:$A$36)*(O$2=SalesforceData!$B$2:'SalesforceData'!$B$36)*(O$3=SalesforceData!$C$2:'SalesforceData'!$C$36),0))),"")} -> 0 | S23: {=IF(CELL("contents",G23)=0,"",CELL("contents",G23))} | T23: {=IF(CELL("contents",H23)=0,"",CELL("contents",H23))} | U23: {=IF(CELL("contents",I23)=0,"",CELL("contents",I23))} | V23: {=IF(CELL("contents",J23)=0,"",CELL("contents",J23))} | W23: {=IF(CELL("contents",K23)=0,"",CELL("contents",K23))} | X23: {=IF(CELL("contents",L23)=0,"",CELL("contents",L23))} | Y23: {=IF(CELL("contents",M23)=0,"",CELL("contents",M23))} | Z23: {=IF(CELL("contents",N23)=0,"",CELL("contents",N23))} | AA23: {=IF(CELL("contents",O23)=0,"",CELL("contents",O23))}
... A50: {=IF(IFERROR(INDEX(SalesforceData!$A$2:'SalesforceData'!$A$36, MATCH(0, COUNTIF(DataTransformation!$A$2:'DataTransformation'!$A49, SalesforceData!$A$2:'SalesforceData'!$A$36), 0)),"") = 0,"", IFERROR(INDEX(SalesforceData!$A$2:'SalesforceData'!$A$36, MATCH(0, COUNTIF(DataTransformation!$A$2:'DataTransformation'!$A49, SalesforceData!$A$2:'SalesforceData'!$A$36), 0)),""))} | B50: {=IF(IFERROR(INDEX(SalesforceData!$B$2:'SalesforceData'!$B$36, MATCH(0, COUNTIF(DataTransformation!$B$2:'DataTransformation'!$B49, SalesforceData!$B$2:'SalesforceData'!$B$36), 0)),"") = 0,"", IFERROR(INDEX(SalesforceData!$B$2:'SalesforceData'!$B$36, MATCH(0, COUNTIF(DataTransformation!$B$2:'DataTransformation'!$B49, SalesforceData!$B$2:'SalesforceData'!$B$36), 0)),""))} | G50: =A49 | H50: {=IFERROR(IF(COUNT(INDEX(SalesforceData!$D$2:$D$36,MATCH(1,($G50=SalesforceData!$A$2:$A$36)*(H$2=SalesforceData!$B$2:'SalesforceData'!$B$36)*(H$3=SalesforceData!$C$2:'SalesforceData'!$C$36),0)))=0,INDEX(SalesforceData!$F$2:$F$36,MATCH(1,($G50=SalesforceData!$A$2:$A$36)*(H$2=SalesforceData!$B$2:'SalesforceData'!$B$36) * (H$3=SalesforceData!$E$2:'SalesforceData'!$E$36),0)),INDEX(SalesforceData!$D$2:$D$36,MATCH(1,($G50=SalesforceData!$A$2:$A$36)*(H$2=SalesforceData!$B$2:'SalesforceData'!$B$36)*(H$3=SalesforceData!$C$2:'SalesforceData'!$C$36),0))),"")} -> 0 | I50: {=IFERROR(IF(COUNT(INDEX(SalesforceData!$D$2:$D$36,MATCH(1,($G50=SalesforceData!$A$2:$A$36)*(I$2=SalesforceData!$B$2:'SalesforceData'!$B$36)*(I$3=SalesforceData!$C$2:'SalesforceData'!$C$36),0)))=0,INDEX(SalesforceData!$F$2:$F$36,MATCH(1,($G50=SalesforceData!$A$2:$A$36)*(I$2=SalesforceData!$B$2:'SalesforceData'!$B$36) * (I$3=SalesforceData!$E$2:'SalesforceData'!$E$36),0)),INDEX(SalesforceData!$D$2:$D$36,MATCH(1,($G50=SalesforceData!$A$2:$A$36)*(I$2=SalesforceData!$B$2:'SalesforceData'!$B$36)*(I$3=SalesforceData!$C$2:'SalesforceData'!$C$36),0))),"")} -> 0 | J50: {=IFERROR(IF(COUNT(INDEX(SalesforceData!$D$2:$D$36,MATCH(1,($G50=SalesforceData!$A$2:$A$36)*(J$2=SalesforceData!$B$2:'SalesforceData'!$B$36)*(J$3=SalesforceData!$C$2:'SalesforceData'!$C$36),0)))=0,INDEX(SalesforceData!$F$2:$F$36,MATCH(1,($G50=SalesforceData!$A$2:$A$36)*(J$2=SalesforceData!$B$2:'SalesforceData'!$B$36) * (J$3=SalesforceData!$E$2:'SalesforceData'!$E$36),0)),INDEX(SalesforceData!$D$2:$D$36,MATCH(1,($G50=SalesforceData!$A$2:$A$36)*(J$2=SalesforceData!$B$2:'SalesforceData'!$B$36)*(J$3=SalesforceData!$C$2:'SalesforceData'!$C$36),0))),"")} -> 0 | K50: {=IFERROR(IF(COUNT(INDEX(SalesforceData!$D$2:$D$36,MATCH(1,($G50=SalesforceData!$A$2:$A$36)*(K$2=SalesforceData!$B$2:'SalesforceData'!$B$36)*(K$3=SalesforceData!$C$2:'SalesforceData'!$C$36),0)))=0,INDEX(SalesforceData!$F$2:$F$36,MATCH(1,($G50=SalesforceData!$A$2:$A$36)*(K$2=SalesforceData!$B$2:'SalesforceData'!$B$36) * (K$3=SalesforceData!$E$2:'SalesforceData'!$E$36),0)),INDEX(SalesforceData!$D$2:$D$36,MATCH(1,($G50=SalesforceData!$A$2:$A$36)*(K$2=SalesforceData!$B$2:'SalesforceData'!$B$36)*(K$3=SalesforceData!$C$2:'SalesforceData'!$C$36),0))),"")} -> 0 | L50: {=IFERROR(IF(COUNT(INDEX(SalesforceData!$D$2:$D$36,MATCH(1,($G50=SalesforceData!$A$2:$A$36)*(L$2=SalesforceData!$B$2:'SalesforceData'!$B$36)*(L$3=SalesforceData!$C$2:'SalesforceData'!$C$36),0)))=0,INDEX(SalesforceData!$F$2:$F$36,MATCH(1,($G50=SalesforceData!$A$2:$A$36)*(L$2=SalesforceData!$B$2:'SalesforceData'!$B$36) * (L$3=SalesforceData!$E$2:'SalesforceData'!$E$36),0)),INDEX(SalesforceData!$D$2:$D$36,MATCH(1,($G50=SalesforceData!$A$2:$A$36)*(L$2=SalesforceData!$B$2:'SalesforceData'!$B$36)*(L$3=SalesforceData!$C$2:'SalesforceData'!$C$36),0))),"")} -> 0 | M50: {=IFERROR(IF(COUNT(INDEX(SalesforceData!$D$2:$D$36,MATCH(1,($G50=SalesforceData!$A$2:$A$36)*(M$2=SalesforceData!$B$2:'SalesforceData'!$B$36)*(M$3=SalesforceData!$C$2:'SalesforceData'!$C$36),0)))=0,INDEX(SalesforceData!$F$2:$F$36,MATCH(1,($G50=SalesforceData!$A$2:$A$36)*(M$2=SalesforceData!$B$2:'SalesforceData'!$B$36) * (M$3=SalesforceData!$E$2:'SalesforceData'!$E$36),0)),INDEX(SalesforceData!$D$2:$D$36,MATCH(1,($G50=SalesforceData!$A$2:$A$36)*(M$2=SalesforceData!$B$2:'SalesforceData'!$B$36)*(M$3=SalesforceData!$C$2:'SalesforceData'!$C$36),0))),"")} -> 0 | N50: {=IFERROR(IF(COUNT(INDEX(SalesforceData!$D$2:$D$36,MATCH(1,($G50=SalesforceData!$A$2:$A$36)*(N$2=SalesforceData!$B$2:'SalesforceData'!$B$36)*(N$3=SalesforceData!$C$2:'SalesforceData'!$C$36),0)))=0,INDEX(SalesforceData!$F$2:$F$36,MATCH(1,($G50=SalesforceData!$A$2:$A$36)*(N$2=SalesforceData!$B$2:'SalesforceData'!$B$36) * (N$3=SalesforceData!$E$2:'SalesforceData'!$E$36),0)),INDEX(SalesforceData!$D$2:$D$36,MATCH(1,($G50=SalesforceData!$A$2:$A$36)*(N$2=SalesforceData!$B$2:'SalesforceData'!$B$36)*(N$3=SalesforceData!$C$2:'SalesforceData'!$C$36),0))),"")} -> 0 | O50: {=IFERROR(IF(COUNT(INDEX(SalesforceData!$D$2:$D$36,MATCH(1,($G50=SalesforceData!$A$2:$A$36)*(O$2=SalesforceData!$B$2:'SalesforceData'!$B$36)*(O$3=SalesforceData!$C$2:'SalesforceData'!$C$36),0)))=0,INDEX(SalesforceData!$F$2:$F$36,MATCH(1,($G50=SalesforceData!$A$2:$A$36)*(O$2=SalesforceData!$B$2:'SalesforceData'!$B$36) * (O$3=SalesforceData!$E$2:'SalesforceData'!$E$36),0)),INDEX(SalesforceData!$D$2:$D$36,MATCH(1,($G50=SalesforceData!$A$2:$A$36)*(O$2=SalesforceData!$B$2:'SalesforceData'!$B$36)*(O$3=SalesforceData!$C$2:'SalesforceData'!$C$36),0))),"")} -> 0 | S50: {=IF(CELL("contents",G50)=0,"",CELL("contents",G50))} | T50: {=IF(CELL("contents",H50)=0,"",CELL("contents",H50))} | U50: {=IF(CELL("contents",I50)=0,"",CELL("contents",I50))} | V50: {=IF(CELL("contents",J50)=0,"",CELL("contents",J50))} | W50: {=IF(CELL("contents",K50)=0,"",CELL("contents",K50))} | X50: {=IF(CELL("contents",L50)=0,"",CELL("contents",L50))} | Y50: {=IF(CELL("contents",M50)=0,"",CELL("contents",M50))} | Z50: {=IF(CELL("contents",N50)=0,"",CELL("contents",N50))} | AA50: {=IF(CELL("contents",O50)=0,"",CELL("contents",O50))}
A51: {=IF(IFERROR(INDEX(SalesforceData!$A$2:'SalesforceData'!$A$36, MATCH(0, COUNTIF(DataTransformation!$A$2:'DataTransformation'!$A50, SalesforceData!$A$2:'SalesforceData'!$A$36), 0)),"") = 0,"", IFERROR(INDEX(SalesforceData!$A$2:'SalesforceData'!$A$36, MATCH(0, COUNTIF(DataTransformation!$A$2:'DataTransformation'!$A50, SalesforceData!$A$2:'SalesforceData'!$A$36), 0)),""))} | B51: {=IF(IFERROR(INDEX(SalesforceData!$B$2:'SalesforceData'!$B$36, MATCH(0, COUNTIF(DataTransformation!$B$2:'DataTransformation'!$B50, SalesforceData!$B$2:'SalesforceData'!$B$36), 0)),"") = 0,"", IFERROR(INDEX(SalesforceData!$B$2:'SalesforceData'!$B$36, MATCH(0, COUNTIF(DataTransformation!$B$2:'DataTransformation'!$B50, SalesforceData!$B$2:'SalesforceData'!$B$36), 0)),""))} | G51: =A50 | H51: {=IFERROR(IF(COUNT(INDEX(SalesforceData!$D$2:$D$36,MATCH(1,($G51=SalesforceData!$A$2:$A$36)*(H$2=SalesforceData!$B$2:'SalesforceData'!$B$36)*(H$3=SalesforceData!$C$2:'SalesforceData'!$C$36),0)))=0,INDEX(SalesforceData!$F$2:$F$36,MATCH(1,($G51=SalesforceData!$A$2:$A$36)*(H$2=SalesforceData!$B$2:'SalesforceData'!$B$36) * (H$3=SalesforceData!$E$2:'SalesforceData'!$E$36),0)),INDEX(SalesforceData!$D$2:$D$36,MATCH(1,($G51=SalesforceData!$A$2:$A$36)*(H$2=SalesforceData!$B$2:'SalesforceData'!$B$36)*(H$3=SalesforceData!$C$2:'SalesforceData'!$C$36),0))),"")} -> 0 | I51: {=IFERROR(IF(COUNT(INDEX(SalesforceData!$D$2:$D$36,MATCH(1,($G51=SalesforceData!$A$2:$A$36)*(I$2=SalesforceData!$B$2:'SalesforceData'!$B$36)*(I$3=SalesforceData!$C$2:'SalesforceData'!$C$36),0)))=0,INDEX(SalesforceData!$F$2:$F$36,MATCH(1,($G51=SalesforceData!$A$2:$A$36)*(I$2=SalesforceData!$B$2:'SalesforceData'!$B$36) * (I$3=SalesforceData!$E$2:'SalesforceData'!$E$36),0)),INDEX(SalesforceData!$D$2:$D$36,MATCH(1,($G51=SalesforceData!$A$2:$A$36)*(I$2=SalesforceData!$B$2:'SalesforceData'!$B$36)*(I$3=SalesforceData!$C$2:'SalesforceData'!$C$36),0))),"")} -> 0 | J51: {=IFERROR(IF(COUNT(INDEX(SalesforceData!$D$2:$D$36,MATCH(1,($G51=SalesforceData!$A$2:$A$36)*(J$2=SalesforceData!$B$2:'SalesforceData'!$B$36)*(J$3=SalesforceData!$C$2:'SalesforceData'!$C$36),0)))=0,INDEX(SalesforceData!$F$2:$F$36,MATCH(1,($G51=SalesforceData!$A$2:$A$36)*(J$2=SalesforceData!$B$2:'SalesforceData'!$B$36) * (J$3=SalesforceData!$E$2:'SalesforceData'!$E$36),0)),INDEX(SalesforceData!$D$2:$D$36,MATCH(1,($G51=SalesforceData!$A$2:$A$36)*(J$2=SalesforceData!$B$2:'SalesforceData'!$B$36)*(J$3=SalesforceData!$C$2:'SalesforceData'!$C$36),0))),"")} -> 0 | K51: {=IFERROR(IF(COUNT(INDEX(SalesforceData!$D$2:$D$36,MATCH(1,($G51=SalesforceData!$A$2:$A$36)*(K$2=SalesforceData!$B$2:'SalesforceData'!$B$36)*(K$3=SalesforceData!$C$2:'SalesforceData'!$C$36),0)))=0,INDEX(SalesforceData!$F$2:$F$36,MATCH(1,($G51=SalesforceData!$A$2:$A$36)*(K$2=SalesforceData!$B$2:'SalesforceData'!$B$36) * (K$3=SalesforceData!$E$2:'SalesforceData'!$E$36),0)),INDEX(SalesforceData!$D$2:$D$36,MATCH(1,($G51=SalesforceData!$A$2:$A$36)*(K$2=SalesforceData!$B$2:'SalesforceData'!$B$36)*(K$3=SalesforceData!$C$2:'SalesforceData'!$C$36),0))),"")} -> 0 | L51: {=IFERROR(IF(COUNT(INDEX(SalesforceData!$D$2:$D$36,MATCH(1,($G51=SalesforceData!$A$2:$A$36)*(L$2=SalesforceData!$B$2:'SalesforceData'!$B$36)*(L$3=SalesforceData!$C$2:'SalesforceData'!$C$36),0)))=0,INDEX(SalesforceData!$F$2:$F$36,MATCH(1,($G51=SalesforceData!$A$2:$A$36)*(L$2=SalesforceData!$B$2:'SalesforceData'!$B$36) * (L$3=SalesforceData!$E$2:'SalesforceData'!$E$36),0)),INDEX(SalesforceData!$D$2:$D$36,MATCH(1,($G51=SalesforceData!$A$2:$A$36)*(L$2=SalesforceData!$B$2:'SalesforceData'!$B$36)*(L$3=SalesforceData!$C$2:'SalesforceData'!$C$36),0))),"")} -> 0 | M51: {=IFERROR(IF(COUNT(INDEX(SalesforceData!$D$2:$D$36,MATCH(1,($G51=SalesforceData!$A$2:$A$36)*(M$2=SalesforceData!$B$2:'SalesforceData'!$B$36)*(M$3=SalesforceData!$C$2:'SalesforceData'!$C$36),0)))=0,INDEX(SalesforceData!$F$2:$F$36,MATCH(1,($G51=SalesforceData!$A$2:$A$36)*(M$2=SalesforceData!$B$2:'SalesforceData'!$B$36) * (M$3=SalesforceData!$E$2:'SalesforceData'!$E$36),0)),INDEX(SalesforceData!$D$2:$D$36,MATCH(1,($G51=SalesforceData!$A$2:$A$36)*(M$2=SalesforceData!$B$2:'SalesforceData'!$B$36)*(M$3=SalesforceData!$C$2:'SalesforceData'!$C$36),0))),"")} -> 0 | N51: {=IFERROR(IF(COUNT(INDEX(SalesforceData!$D$2:$D$36,MATCH(1,($G51=SalesforceData!$A$2:$A$36)*(N$2=SalesforceData!$B$2:'SalesforceData'!$B$36)*(N$3=SalesforceData!$C$2:'SalesforceData'!$C$36),0)))=0,INDEX(SalesforceData!$F$2:$F$36,MATCH(1,($G51=SalesforceData!$A$2:$A$36)*(N$2=SalesforceData!$B$2:'SalesforceData'!$B$36) * (N$3=SalesforceData!$E$2:'SalesforceData'!$E$36),0)),INDEX(SalesforceData!$D$2:$D$36,MATCH(1,($G51=SalesforceData!$A$2:$A$36)*(N$2=SalesforceData!$B$2:'SalesforceData'!$B$36)*(N$3=SalesforceData!$C$2:'SalesforceData'!$C$36),0))),"")} -> 0 | O51: {=IFERROR(IF(COUNT(INDEX(SalesforceData!$D$2:$D$36,MATCH(1,($G51=SalesforceData!$A$2:$A$36)*(O$2=SalesforceData!$B$2:'SalesforceData'!$B$36)*(O$3=SalesforceData!$C$2:'SalesforceData'!$C$36),0)))=0,INDEX(SalesforceData!$F$2:$F$36,MATCH(1,($G51=SalesforceData!$A$2:$A$36)*(O$2=SalesforceData!$B$2:'SalesforceData'!$B$36) * (O$3=SalesforceData!$E$2:'SalesforceData'!$E$36),0)),INDEX(SalesforceData!$D$2:$D$36,MATCH(1,($G51=SalesforceData!$A$2:$A$36)*(O$2=SalesforceData!$B$2:'SalesforceData'!$B$36)*(O$3=SalesforceData!$C$2:'SalesforceData'!$C$36),0))),"")} -> 0

Sheet Final Data
A1: Weights
A3: Weights | B3: =IF(DataTransformation!T2 = 0,"",DataTransformation!T2) | D3: =IF(DataTransformation!V2 = 0,"",DataTransformation!V2) | F3: =IF(DataTransformation!X2 = 0,"",DataTransformation!X2) | H3: =IF(DataTransformation!Z2 =0,"",DataTransformation!Z2)
B4: =DataTransformation!T3 | C4: =DataTransformation!U3 | D4: =DataTransformation!V3 | E4: =DataTransformation!W3 | F4: =DataTransformation!X3 | G4: =DataTransformation!Y3 | H4: =DataTransformation!Z3 | I4: =DataTransformation!AA3
A5: =IF(DataTransformation!S4="Manufacturers Empty Weight",DataTransformation!S4&" (MEW)",IF(DataTransformation!S4="Maximum Landing Weight",DataTransformation!S4&" (MLW)",IF(DataTransformation!S4="Maximum Take Off Weight",DataTransformation!S4&" (MTOW)",IF(DataTransformation!S4="Maximum Taxi Weight",DataTransformation!S4&" (MTW)",IF(DataTransformation!S4="Maximum Zero Fuel Weight",DataTransformation!S4&" (MZFW)",IF(DataTransformation!S4="Basic Empty Weight",DataTransformation!S4&" (BEW)",IF(DataTransformation!S4="Maximum Landing Weight - second weight",DataTransformation!S4&" (MLW)",IF(DataTransformation!S4="Maximum Take Off Weight - second weight",DataTransformation!S4&" (MTOW)",IF(DataTransformation!S4="Maximum Taxi Weight - second weight",DataTransformation!S4&" (MTW)",IF(DataTransformation!S4="Operational Empty Weight",DataTransformation!S4&" (OEW)",DataTransformation!S4)))))))))) | B5: =DataTransformation!T4 | C5: =DataTransformation!U4 | D5: =DataTransformation!V4 | E5: =DataTransformation!W4 | F5: =DataTransformation!X4 | G5: =DataTransformation!Y4 | H5: =DataTransformation!Z4 | I5: =DataTransformation!AA4
A6: =IF(DataTransformation!S5="Manufacturers Empty Weight",DataTransformation!S5&" (MEW)",IF(DataTransformation!S5="Maximum Landing Weight",DataTransformation!S5&" (MLW)",IF(DataTransformation!S5="Maximum Take Off Weight",DataTransformation!S5&" (MTOW)",IF(DataTransformation!S5="Maximum Taxi Weight",DataTransformation!S5&" (MTW)",IF(DataTransformation!S5="Maximum Zero Fuel Weight",DataTransformation!S5&" (MZFW)",IF(DataTransformation!S5="Basic Empty Weight",DataTransformation!S5&" (BEW)",IF(DataTransformation!S5="Maximum Landing Weight - second weight",DataTransformation!S5&" (MLW)",IF(DataTransformation!S5="Maximum Take Off Weight - second weight",DataTransformation!S5&" (MTOW)",IF(DataTransformation!S5="Maximum Taxi Weight - second weight",DataTransformation!S5&" (MTW)",IF(DataTransformation!S5="Operational Empty Weight",DataTransformation!S5&" (OEW)",DataTransformation!S5)))))))))) | B6: =DataTransformation!T5 | C6: =DataTransformation!U5 | D6: =DataTransformation!V5 | E6: =DataTransformation!W5 | F6: =DataTransformation!X5 | G6: =DataTransformation!Y5 | H6: =DataTransformation!Z5 | I6: =DataTransformation!AA5
A7: =IF(DataTransformation!S6="Manufacturers Empty Weight",DataTransformation!S6&" (MEW)",IF(DataTransformation!S6="Maximum Landing Weight",DataTransformation!S6&" (MLW)",IF(DataTransformation!S6="Maximum Take Off Weight",DataTransformation!S6&" (MTOW)",IF(DataTransformation!S6="Maximum Taxi Weight",DataTransformation!S6&" (MTW)",IF(DataTransformation!S6="Maximum Zero Fuel Weight",DataTransformation!S6&" (MZFW)",IF(DataTransformation!S6="Basic Empty Weight",DataTransformation!S6&" (BEW)",IF(DataTransformation!S6="Maximum Landing Weight - second weight",DataTransformation!S6&" (MLW)",IF(DataTransformation!S6="Maximum Take Off Weight - second weight",DataTransformation!S6&" (MTOW)",IF(DataTransformation!S6="Maximum Taxi Weight - second weight",DataTransformation!S6&" (MTW)",IF(DataTransformation!S6="Operational Empty Weight",DataTransformation!S6&" (OEW)",DataTransformation!S6)))))))))) | B7: =DataTransformation!T6 | C7: =DataTransformation!U6 | D7: =DataTransformation!V6 | E7: =DataTransformation!W6 | F7: =DataTransformation!X6 | G7: =DataTransformation!Y6 | H7: =DataTransformation!Z6 | I7: =DataTransformation!AA6
A8: =IF(DataTransformation!S7="Manufacturers Empty Weight",DataTransformation!S7&" (MEW)",IF(DataTransformation!S7="Maximum Landing Weight",DataTransformation!S7&" (MLW)",IF(DataTransformation!S7="Maximum Take Off Weight",DataTransformation!S7&" (MTOW)",IF(DataTransformation!S7="Maximum Taxi Weight",DataTransformation!S7&" (MTW)",IF(DataTransformation!S7="Maximum Zero Fuel Weight",DataTransformation!S7&" (MZFW)",IF(DataTransformation!S7="Basic Empty Weight",DataTransformation!S7&" (BEW)",IF(DataTransformation!S7="Maximum Landing Weight - second weight",DataTransformation!S7&" (MLW)",IF(DataTransformation!S7="Maximum Take Off Weight - second weight",DataTransformation!S7&" (MTOW)",IF(DataTransformation!S7="Maximum Taxi Weight - second weight",DataTransformation!S7&" (MTW)",IF(DataTransformation!S7="Operational Empty Weight",DataTransformation!S7&" (OEW)",DataTransformation!S7)))))))))) | B8: =DataTransformation!T7 | C8: =DataTransformation!U7 | D8: =DataTransformation!V7 | E8: =DataTransformation!W7 | F8: =DataTransformation!X7 | G8: =DataTransformation!Y7 | H8: =DataTransformation!Z7 | I8: =DataTransformation!AA7
A9: =IF(DataTransformation!S8="Manufacturers Empty Weight",DataTransformation!S8&" (MEW)",IF(DataTransformation!S8="Maximum Landing Weight",DataTransformation!S8&" (MLW)",IF(DataTransformation!S8="Maximum Take Off Weight",DataTransformation!S8&" (MTOW)",IF(DataTransformation!S8="Maximum Taxi Weight",DataTransformation!S8&" (MTW)",IF(DataTransformation!S8="Maximum Zero Fuel Weight",DataTransformation!S8&" (MZFW)",IF(DataTransformation!S8="Basic Empty Weight",DataTransformation!S8&" (BEW)",IF(DataTransformation!S8="Maximum Landing Weight - second weight",DataTransformation!S8&" (MLW)",IF(DataTransformation!S8="Maximum Take Off Weight - second weight",DataTransformation!S8&" (MTOW)",IF(DataTransformation!S8="Maximum Taxi Weight - second weight",DataTransformation!S8&" (MTW)",IF(DataTransformation!S8="Operational Empty Weight",DataTransformation!S8&" (OEW)",DataTransformation!S8)))))))))) | B9: =DataTransformation!T8 | C9: =DataTransformation!U8 | D9: =DataTransformation!V8 | E9: =DataTransformation!W8 | F9: =DataTransformation!X8 | G9: =DataTransformation!Y8 | H9: =DataTransformation!Z8 | I9: =DataTransformation!AA8
A10: =IF(DataTransformation!S9="Manufacturers Empty Weight",DataTransformation!S9&" (MEW)",IF(DataTransformation!S9="Maximum Landing Weight",DataTransformation!S9&" (MLW)",IF(DataTransformation!S9="Maximum Take Off Weight",DataTransformation!S9&" (MTOW)",IF(DataTransformation!S9="Maximum Taxi Weight",DataTransformation!S9&" (MTW)",IF(DataTransformation!S9="Maximum Zero Fuel Weight",DataTransformation!S9&" (MZFW)",IF(DataTransformation!S9="Basic Empty Weight",DataTransformation!S9&" (BEW)",IF(DataTransformation!S9="Maximum Landing Weight - second weight",DataTransformation!S9&" (MLW)",IF(DataTransformation!S9="Maximum Take Off Weight - second weight",DataTransformation!S9&" (MTOW)",IF(DataTransformation!S9="Maximum Taxi Weight - second weight",DataTransformation!S9&" (MTW)",IF(DataTransformation!S9="Operational Empty Weight",DataTransformation!S9&" (OEW)",DataTransformation!S9)))))))))) | B10: =DataTransformation!T9 | C10: =DataTransformation!U9 | D10: =DataTransformation!V9 | E10: =DataTransformation!W9 | F10: =DataTransformation!X9 | G10: =DataTransformation!Y9 | H10: =DataTransformation!Z9 | I10: =DataTransformation!AA9
A11: =IF(DataTransformation!S10="Manufacturers Empty Weight",DataTransformation!S10&" (MEW)",IF(DataTransformation!S10="Maximum Landing Weight",DataTransformation!S10&" (MLW)",IF(DataTransformation!S10="Maximum Take Off Weight",DataTransformation!S10&" (MTOW)",IF(DataTransformation!S10="Maximum Taxi Weight",DataTransformation!S10&" (MTW)",IF(DataTransformation!S10="Maximum Zero Fuel Weight",DataTransformation!S10&" (MZFW)",IF(DataTransformation!S10="Basic Empty Weight",DataTransformation!S10&" (BEW)",IF(DataTransformation!S10="Maximum Landing Weight - second weight",DataTransformation!S10&" (MLW)",IF(DataTransformation!S10="Maximum Take Off Weight - second weight",DataTransformation!S10&" (MTOW)",IF(DataTransformation!S10="Maximum Taxi Weight - second weight",DataTransformation!S10&" (MTW)",IF(DataTransformation!S10="Operational Empty Weight",DataTransformation!S10&" (OEW)",DataTransformation!S10)))))))))) | B11: =DataTransformation!T10 | C11: =DataTransformation!U10 | D11: =DataTransformation!V10 | E11: =DataTransformation!W10 | F11: =DataTransformation!X10 | G11: =DataTransformation!Y10 | H11: =DataTransformation!Z10 | I11: =DataTransformation!AA10
A12: =IF(DataTransformation!S11="Manufacturers Empty Weight",DataTransformation!S11&" (MEW)",IF(DataTransformation!S11="Maximum Landing Weight",DataTransformation!S11&" (MLW)",IF(DataTransformation!S11="Maximum Take Off Weight",DataTransformation!S11&" (MTOW)",IF(DataTransformation!S11="Maximum Taxi Weight",DataTransformation!S11&" (MTW)",IF(DataTransformation!S11="Maximum Zero Fuel Weight",DataTransformation!S11&" (MZFW)",IF(DataTransformation!S11="Basic Empty Weight",DataTransformation!S11&" (BEW)",IF(DataTransformation!S11="Maximum Landing Weight - second weight",DataTransformation!S11&" (MLW)",IF(DataTransformation!S11="Maximum Take Off Weight - second weight",DataTransformation!S11&" (MTOW)",IF(DataTransformation!S11="Maximum Taxi Weight - second weight",DataTransformation!S11&" (MTW)",IF(DataTransformation!S11="Operational Empty Weight",DataTransformation!S11&" (OEW)",DataTransformation!S11)))))))))) | B12: =DataTransformation!T11 | C12: =DataTransformation!U11 | D12: =DataTransformation!V11 | E12: =DataTransformation!W11 | F12: =DataTransformation!X11 | G12: =DataTransformation!Y11 | H12: =DataTransformation!Z11 | I12: =DataTransformation!AA11
A13: =IF(DataTransformation!S12="Manufacturers Empty Weight",DataTransformation!S12&" (MEW)",IF(DataTransformation!S12="Maximum Landing Weight",DataTransformation!S12&" (MLW)",IF(DataTransformation!S12="Maximum Take Off Weight",DataTransformation!S12&" (MTOW)",IF(DataTransformation!S12="Maximum Taxi Weight",DataTransformation!S12&" (MTW)",IF(DataTransformation!S12="Maximum Zero Fuel Weight",DataTransformation!S12&" (MZFW)",IF(DataTransformation!S12="Basic Empty Weight",DataTransformation!S12&" (BEW)",IF(DataTransformation!S12="Maximum Landing Weight - second weight",DataTransformation!S12&" (MLW)",IF(DataTransformation!S12="Maximum Take Off Weight - second weight",DataTransformation!S12&" (MTOW)",IF(DataTransformation!S12="Maximum Taxi Weight - second weight",DataTransformation!S12&" (MTW)",IF(DataTransformation!S12="Operational Empty Weight",DataTransformation!S12&" (OEW)",DataTransformation!S12)))))))))) | B13: =DataTransformation!T12 | C13: =DataTransformation!U12 | D13: =DataTransformation!V12 | E13: =DataTransformation!W12 | F13: =DataTransformation!X12 | G13: =DataTransformation!Y12 | H13: =DataTransformation!Z12 | I13: =DataTransformation!AA12
A14: =IF(DataTransformation!S13="Manufacturers Empty Weight",DataTransformation!S13&" (MEW)",IF(DataTransformation!S13="Maximum Landing Weight",DataTransformation!S13&" (MLW)",IF(DataTransformation!S13="Maximum Take Off Weight",DataTransformation!S13&" (MTOW)",IF(DataTransformation!S13="Maximum Taxi Weight",DataTransformation!S13&" (MTW)",IF(DataTransformation!S13="Maximum Zero Fuel Weight",DataTransformation!S13&" (MZFW)",IF(DataTransformation!S13="Basic Empty Weight",DataTransformation!S13&" (BEW)",IF(DataTransformation!S13="Maximum Landing Weight - second weight",DataTransformation!S13&" (MLW)",IF(DataTransformation!S13="Maximum Take Off Weight - second weight",DataTransformation!S13&" (MTOW)",IF(DataTransformation!S13="Maximum Taxi Weight - second weight",DataTransformation!S13&" (MTW)",IF(DataTransformation!S13="Operational Empty Weight",DataTransformation!S13&" (OEW)",DataTransformation!S13)))))))))) | B14: =DataTransformation!T13 | C14: =DataTransformation!U13 | D14: =DataTransformation!V13 | E14: =DataTransformation!W13 | F14: =DataTransformation!X13 | G14: =DataTransformation!Y13 | H14: =DataTransformation!Z13 | I14: =DataTransformation!AA13
A15: =IF(DataTransformation!S14="Manufacturers Empty Weight",DataTransformation!S14&" (MEW)",IF(DataTransformation!S14="Maximum Landing Weight",DataTransformation!S14&" (MLW)",IF(DataTransformation!S14="Maximum Take Off Weight",DataTransformation!S14&" (MTOW)",IF(DataTransformation!S14="Maximum Taxi Weight",DataTransformation!S14&" (MTW)",IF(DataTransformation!S14="Maximum Zero Fuel Weight",DataTransformation!S14&" (MZFW)",IF(DataTransformation!S14="Basic Empty Weight",DataTransformation!S14&" (BEW)",IF(DataTransformation!S14="Maximum Landing Weight - second weight",DataTransformation!S14&" (MLW)",IF(DataTransformation!S14="Maximum Take Off Weight - second weight",DataTransformation!S14&" (MTOW)",IF(DataTransformation!S14="Maximum Taxi Weight - second weight",DataTransformation!S14&" (MTW)",IF(DataTransformation!S14="Operational Empty Weight",DataTransformation!S14&" (OEW)",DataTransformation!S14)))))))))) | B15: =DataTransformation!T14 | C15: =DataTransformation!U14 | D15: =DataTransformation!V14 | E15: =DataTransformation!W14 | F15: =DataTransformation!X14 | G15: =DataTransformation!Y14 | H15: =DataTransformation!Z14 | I15: =DataTransformation!AA14
A16: =IF(DataTransformation!S15="Manufacturers Empty Weight",DataTransformation!S15&" (MEW)",IF(DataTransformation!S15="Maximum Landing Weight",DataTransformation!S15&" (MLW)",IF(DataTransformation!S15="Maximum Take Off Weight",DataTransformation!S15&" (MTOW)",IF(DataTransformation!S15="Maximum Taxi Weight",DataTransformation!S15&" (MTW)",IF(DataTransformation!S15="Maximum Zero Fuel Weight",DataTransformation!S15&" (MZFW)",IF(DataTransformation!S15="Basic Empty Weight",DataTransformation!S15&" (BEW)",IF(DataTransformation!S15="Maximum Landing Weight - second weight",DataTransformation!S15&" (MLW)",IF(DataTransformation!S15="Maximum Take Off Weight - second weight",DataTransformation!S15&" (MTOW)",IF(DataTransformation!S15="Maximum Taxi Weight - second weight",DataTransformation!S15&" (MTW)",IF(DataTransformation!S15="Operational Empty Weight",DataTransformation!S15&" (OEW)",DataTransformation!S15)))))))))) | B16: =DataTransformation!T15 | C16: =DataTransformation!U15 | D16: =DataTransformation!V15 | E16: =DataTransformation!W15 | F16: =DataTransformation!X15 | G16: =DataTransformation!Y15 | H16: =DataTransformation!Z15 | I16: =DataTransformation!AA15
... A50: =IF(DataTransformation!S49="Manufacturers Empty Weight",DataTransformation!S49&" (MEW)",IF(DataTransformation!S49="Maximum Landing Weight",DataTransformation!S49&" (MLW)",IF(DataTransformation!S49="Maximum Take Off Weight",DataTransformation!S49&" (MTOW)",IF(DataTransformation!S49="Maximum Taxi Weight",DataTransformation!S49&" (MTW)",IF(DataTransformation!S49="Maximum Zero Fuel Weight",DataTransformation!S49&" (MZFW)",IF(DataTransformation!S49="Basic Empty Weight",DataTransformation!S49&" (BEW)",IF(DataTransformation!S49="Maximum Landing Weight - second weight",DataTransformation!S49&" (MLW)",IF(DataTransformation!S49="Maximum Take Off Weight - second weight",DataTransformation!S49&" (MTOW)",IF(DataTransformation!S49="Maximum Taxi Weight - second weight",DataTransformation!S49&" (MTW)",IF(DataTransformation!S49="Operational Empty Weight",DataTransformation!S49&" (OEW)",DataTransformation!S49)))))))))) | B50: =DataTransformation!T49 | C50: =DataTransformation!U49 | D50: =DataTransformation!V49 | E50: =DataTransformation!W49 | F50: =DataTransformation!X49 | G50: =DataTransformation!Y49 | H50: =DataTransformation!Z49 | I50: =DataTransformation!AA49

Sheet Order By Sequence
A1: Weight Name | B1: Rank
A2: Maximum Taxi Weight (MTW) | B2: 1
A3: Maximum Taxi Weight - second weight (MTW) | B3: 2
A4: Maximum Take Off Weight (MTOW) | B4: 3
A5: Maximum Take Off Weight - second weight (MTOW) | B5: 4
A6: Maximum Landing Weight (MLW) | B6: 5
A7: Maximum Landing Weight - second weight (MLW) | B7: 6
A8: Maximum Zero Fuel Weight (MZFW) | B8: 7
A9: Basic Empty Weight (BEW) | B9: 8

Sheet Final Preview Data
A1: Weights
A3: Weights | B3: =IF(DataTransformation!T2 = 0,"",DataTransformation!T2) | D3: =IF(DataTransformation!V2 = 0,"",DataTransformation!V2) | F3: =IF(DataTransformation!X2 = 0,"",DataTransformation!X2) | H3: =IF(DataTransformation!Z2 =0,"",DataTransformation!Z2)
B4: =DataTransformation!T3 | C4: =DataTransformation!U3 | D4: =DataTransformation!V3 | E4: =DataTransformation!W3 | F4: =DataTransformation!X3 | G4: =DataTransformation!Y3 | H4: =DataTransformation!Z3 | I4: =DataTransformation!AA3
A5: {=IF('Final Data'!A5="","",INDEX('Final Data'!$A$5:$I$50,MATCH(SMALL(IF(ISNUMBER(MATCH('Final Data'!$A$5:$A$50,'Order By Sequence'!$A$2:$A$9,0)),MATCH('Final Data'!$A$5:$A$50,'Order By Sequence'!$A$2:$A$9,0)),ROW(A1:I1)),IF(ISNUMBER(MATCH('Final Data'!$A$5:$A$50,'Order By Sequence'!$A$2:$A$9,0)),MATCH('Final Data'!$A$5:$A$50,'Order By Sequence'!$A$2:$A$9,0),0),0),COLUMN(A1:I1)))} | B5: {=IF('Final Data'!B5="","",INDEX('Final Data'!$A$5:$I$50,MATCH(SMALL(IF(ISNUMBER(MATCH('Final Data'!$A$5:$A$50,'Order By Sequence'!$A$2:$A$9,0)),MATCH('Final Data'!$A$5:$A$50,'Order By Sequence'!$A$2:$A$9,0)),ROW(B1:J1)),IF(ISNUMBER(MATCH('Final Data'!$A$5:$A$50,'Order By Sequence'!$A$2:$A$9,0)),MATCH('Final Data'!$A$5:$A$50,'Order By Sequence'!$A$2:$A$9,0),0),0),COLUMN(B1:J1)))} | C5: {=IF('Final Data'!C5="","",INDEX('Final Data'!$A$5:$I$50,MATCH(SMALL(IF(ISNUMBER(MATCH('Final Data'!$A$5:$A$50,'Order By Sequence'!$A$2:$A$9,0)),MATCH('Final Data'!$A$5:$A$50,'Order By Sequence'!$A$2:$A$9,0)),ROW(C1:K1)),IF(ISNUMBER(MATCH('Final Data'!$A$5:$A$50,'Order By Sequence'!$A$2:$A$9,0)),MATCH('Final Data'!$A$5:$A$50,'Order By Sequence'!$A$2:$A$9,0),0),0),COLUMN(C1:K1)))} | D5: {=IF('Final Data'!D5="","",INDEX('Final Data'!$A$5:$I$50,MATCH(SMALL(IF(ISNUMBER(MATCH('Final Data'!$A$5:$A$50,'Order By Sequence'!$A$2:$A$9,0)),MATCH('Final Data'!$A$5:$A$50,'Order By Sequence'!$A$2:$A$9,0)),ROW(D1:L1)),IF(ISNUMBER(MATCH('Final Data'!$A$5:$A$50,'Order By Sequence'!$A$2:$A$9,0)),MATCH('Final Data'!$A$5:$A$50,'Order By Sequence'!$A$2:$A$9,0),0),0),COLUMN(D1:L1)))} | E5: {=IF('Final Data'!E5="","",INDEX('Final Data'!$A$5:$I$50,MATCH(SMALL(IF(ISNUMBER(MATCH('Final Data'!$A$5:$A$50,'Order By Sequence'!$A$2:$A$9,0)),MATCH('Final Data'!$A$5:$A$50,'Order By Sequence'!$A$2:$A$9,0)),ROW(E1:M1)),IF(ISNUMBER(MATCH('Final Data'!$A$5:$A$50,'Order By Sequence'!$A$2:$A$9,0)),MATCH('Final Data'!$A$5:$A$50,'Order By Sequence'!$A$2:$A$9,0),0),0),COLUMN(E1:M1)))} | F5: {=IF('Final Data'!F5="","",INDEX('Final Data'!$A$5:$I$50,MATCH(SMALL(IF(ISNUMBER(MATCH('Final Data'!$A$5:$A$50,'Order By Sequence'!$A$2:$A$9,0)),MATCH('Final Data'!$A$5:$A$50,'Order By Sequence'!$A$2:$A$9,0)),ROW(F1:N1)),IF(ISNUMBER(MATCH('Final Data'!$A$5:$A$50,'Order By Sequence'!$A$2:$A$9,0)),MATCH('Final Data'!$A$5:$A$50,'Order By Sequence'!$A$2:$A$9,0),0),0),COLUMN(F1:N1)))} | G5: {=IF('Final Data'!G5="","",INDEX('Final Data'!$A$5:$I$50,MATCH(SMALL(IF(ISNUMBER(MATCH('Final Data'!$A$5:$A$50,'Order By Sequence'!$A$2:$A$9,0)),MATCH('Final Data'!$A$5:$A$50,'Order By Sequence'!$A$2:$A$9,0)),ROW(G1:O1)),IF(ISNUMBER(MATCH('Final Data'!$A$5:$A$50,'Order By Sequence'!$A$2:$A$9,0)),MATCH('Final Data'!$A$5:$A$50,'Order By Sequence'!$A$2:$A$9,0),0),0),COLUMN(G1:O1)))} | H5: {=IF('Final Data'!H5="","",INDEX('Final Data'!$A$5:$I$50,MATCH(SMALL(IF(ISNUMBER(MATCH('Final Data'!$A$5:$A$50,'Order By Sequence'!$A$2:$A$9,0)),MATCH('Final Data'!$A$5:$A$50,'Order By Sequence'!$A$2:$A$9,0)),ROW(H1:P1)),IF(ISNUMBER(MATCH('Final Data'!$A$5:$A$50,'Order By Sequence'!$A$2:$A$9,0)),MATCH('Final Data'!$A$5:$A$50,'Order By Sequence'!$A$2:$A$9,0),0),0),COLUMN(H1:P1)))} | I5: {=IF('Final Data'!I5="","",INDEX('Final Data'!$A$5:$I$50,MATCH(SMALL(IF(ISNUMBER(MATCH('Final Data'!$A$5:$A$50,'Order By Sequence'!$A$2:$A$9,0)),MATCH('Final Data'!$A$5:$A$50,'Order By Sequence'!$A$2:$A$9,0)),ROW(I1:Q1)),IF(ISNUMBER(MATCH('Final Data'!$A$5:$A$50,'Order By Sequence'!$A$2:$A$9,0)),MATCH('Final Data'!$A$5:$A$50,'Order By Sequence'!$A$2:$A$9,0),0),0),COLUMN(I1:Q1)))}
A6: {=IF('Final Data'!A6="","",INDEX('Final Data'!$A$5:$I$50,MATCH(SMALL(IF(ISNUMBER(MATCH('Final Data'!$A$5:$A$50,'Order By Sequence'!$A$2:$A$9,0)),MATCH('Final Data'!$A$5:$A$50,'Order By Sequence'!$A$2:$A$9,0)),ROW(A2:I2)),IF(ISNUMBER(MATCH('Final Data'!$A$5:$A$50,'Order By Sequence'!$A$2:$A$9,0)),MATCH('Final Data'!$A$5:$A$50,'Order By Sequence'!$A$2:$A$9,0),0),0),COLUMN(A2:I2)))} | B6: {=IF('Final Data'!B6="","",INDEX('Final Data'!$A$5:$I$50,MATCH(SMALL(IF(ISNUMBER(MATCH('Final Data'!$A$5:$A$50,'Order By Sequence'!$A$2:$A$9,0)),MATCH('Final Data'!$A$5:$A$50,'Order By Sequence'!$A$2:$A$9,0)),ROW(B2:J2)),IF(ISNUMBER(MATCH('Final Data'!$A$5:$A$50,'Order By Sequence'!$A$2:$A$9,0)),MATCH('Final Data'!$A$5:$A$50,'Order By Sequence'!$A$2:$A$9,0),0),0),COLUMN(B2:J2)))} | C6: {=IF('Final Data'!C6="","",INDEX('Final Data'!$A$5:$I$50,MATCH(SMALL(IF(ISNUMBER(MATCH('Final Data'!$A$5:$A$50,'Order By Sequence'!$A$2:$A$9,0)),MATCH('Final Data'!$A$5:$A$50,'Order By Sequence'!$A$2:$A$9,0)),ROW(C2:K2)),IF(ISNUMBER(MATCH('Final Data'!$A$5:$A$50,'Order By Sequence'!$A$2:$A$9,0)),MATCH('Final Data'!$A$5:$A$50,'Order By Sequence'!$A$2:$A$9,0),0),0),COLUMN(C2:K2)))} | D6: {=IF('Final Data'!D6="","",INDEX('Final Data'!$A$5:$I$50,MATCH(SMALL(IF(ISNUMBER(MATCH('Final Data'!$A$5:$A$50,'Order By Sequence'!$A$2:$A$9,0)),MATCH('Final Data'!$A$5:$A$50,'Order By Sequence'!$A$2:$A$9,0)),ROW(D2:L2)),IF(ISNUMBER(MATCH('Final Data'!$A$5:$A$50,'Order By Sequence'!$A$2:$A$9,0)),MATCH('Final Data'!$A$5:$A$50,'Order By Sequence'!$A$2:$A$9,0),0),0),COLUMN(D2:L2)))} | E6: {=IF('Final Data'!E6="","",INDEX('Final Data'!$A$5:$I$50,MATCH(SMALL(IF(ISNUMBER(MATCH('Final Data'!$A$5:$A$50,'Order By Sequence'!$A$2:$A$9,0)),MATCH('Final Data'!$A$5:$A$50,'Order By Sequence'!$A$2:$A$9,0)),ROW(E2:M2)),IF(ISNUMBER(MATCH('Final Data'!$A$5:$A$50,'Order By Sequence'!$A$2:$A$9,0)),MATCH('Final Data'!$A$5:$A$50,'Order By Sequence'!$A$2:$A$9,0),0),0),COLUMN(E2:M2)))} | F6: {=IF('Final Data'!F6="","",INDEX('Final Data'!$A$5:$I$50,MATCH(SMALL(IF(ISNUMBER(MATCH('Final Data'!$A$5:$A$50,'Order By Sequence'!$A$2:$A$9,0)),MATCH('Final Data'!$A$5:$A$50,'Order By Sequence'!$A$2:$A$9,0)),ROW(F2:N2)),IF(ISNUMBER(MATCH('Final Data'!$A$5:$A$50,'Order By Sequence'!$A$2:$A$9,0)),MATCH('Final Data'!$A$5:$A$50,'Order By Sequence'!$A$2:$A$9,0),0),0),COLUMN(F2:N2)))} | G6: {=IF('Final Data'!G6="","",INDEX('Final Data'!$A$5:$I$50,MATCH(SMALL(IF(ISNUMBER(MATCH('Final Data'!$A$5:$A$50,'Order By Sequence'!$A$2:$A$9,0)),MATCH('Final Data'!$A$5:$A$50,'Order By Sequence'!$A$2:$A$9,0)),ROW(G2:O2)),IF(ISNUMBER(MATCH('Final Data'!$A$5:$A$50,'Order By Sequence'!$A$2:$A$9,0)),MATCH('Final Data'!$A$5:$A$50,'Order By Sequence'!$A$2:$A$9,0),0),0),COLUMN(G2:O2)))} | H6: {=IF('Final Data'!H6="","",INDEX('Final Data'!$A$5:$I$50,MATCH(SMALL(IF(ISNUMBER(MATCH('Final Data'!$A$5:$A$50,'Order By Sequence'!$A$2:$A$9,0)),MATCH('Final Data'!$A$5:$A$50,'Order By Sequence'!$A$2:$A$9,0)),ROW(H2:P2)),IF(ISNUMBER(MATCH('Final Data'!$A$5:$A$50,'Order By Sequence'!$A$2:$A$9,0)),MATCH('Final Data'!$A$5:$A$50,'Order By Sequence'!$A$2:$A$9,0),0),0),COLUMN(H2:P2)))} | I6: {=IF('Final Data'!I6="","",INDEX('Final Data'!$A$5:$I$50,MATCH(SMALL(IF(ISNUMBER(MATCH('Final Data'!$A$5:$A$50,'Order By Sequence'!$A$2:$A$9,0)),MATCH('Final Data'!$A$5:$A$50,'Order By Sequence'!$A$2:$A$9,0)),ROW(I2:Q2)),IF(ISNUMBER(MATCH('Final Data'!$A$5:$A$50,'Order By Sequence'!$A$2:$A$9,0)),MATCH('Final Data'!$A$5:$A$50,'Order By Sequence'!$A$2:$A$9,0),0),0),COLUMN(I2:Q2)))}
A7: {=IF('Final Data'!A7="","",INDEX('Final Data'!$A$5:$I$50,MATCH(SMALL(IF(ISNUMBER(MATCH('Final Data'!$A$5:$A$50,'Order By Sequence'!$A$2:$A$9,0)),MATCH('Final Data'!$A$5:$A$50,'Order By Sequence'!$A$2:$A$9,0)),ROW(A3:I3)),IF(ISNUMBER(MATCH('Final Data'!$A$5:$A$50,'Order By Sequence'!$A$2:$A$9,0)),MATCH('Final Data'!$A$5:$A$50,'Order By Sequence'!$A$2:$A$9,0),0),0),COLUMN(A3:I3)))} | B7: {=IF('Final Data'!B7="","",INDEX('Final Data'!$A$5:$I$50,MATCH(SMALL(IF(ISNUMBER(MATCH('Final Data'!$A$5:$A$50,'Order By Sequence'!$A$2:$A$9,0)),MATCH('Final Data'!$A$5:$A$50,'Order By Sequence'!$A$2:$A$9,0)),ROW(B3:J3)),IF(ISNUMBER(MATCH('Final Data'!$A$5:$A$50,'Order By Sequence'!$A$2:$A$9,0)),MATCH('Final Data'!$A$5:$A$50,'Order By Sequence'!$A$2:$A$9,0),0),0),COLUMN(B3:J3)))} | C7: {=IF('Final Data'!C7="","",INDEX('Final Data'!$A$5:$I$50,MATCH(SMALL(IF(ISNUMBER(MATCH('Final Data'!$A$5:$A$50,'Order By Sequence'!$A$2:$A$9,0)),MATCH('Final Data'!$A$5:$A$50,'Order By Sequence'!$A$2:$A$9,0)),ROW(C3:K3)),IF(ISNUMBER(MATCH('Final Data'!$A$5:$A$50,'Order By Sequence'!$A$2:$A$9,0)),MATCH('Final Data'!$A$5:$A$50,'Order By Sequence'!$A$2:$A$9,0),0),0),COLUMN(C3:K3)))} | D7: {=IF('Final Data'!D7="","",INDEX('Final Data'!$A$5:$I$50,MATCH(SMALL(IF(ISNUMBER(MATCH('Final Data'!$A$5:$A$50,'Order By Sequence'!$A$2:$A$9,0)),MATCH('Final Data'!$A$5:$A$50,'Order By Sequence'!$A$2:$A$9,0)),ROW(D3:L3)),IF(ISNUMBER(MATCH('Final Data'!$A$5:$A$50,'Order By Sequence'!$A$2:$A$9,0)),MATCH('Final Data'!$A$5:$A$50,'Order By Sequence'!$A$2:$A$9,0),0),0),COLUMN(D3:L3)))} | E7: {=IF('Final Data'!E7="","",INDEX('Final Data'!$A$5:$I$50,MATCH(SMALL(IF(ISNUMBER(MATCH('Final Data'!$A$5:$A$50,'Order By Sequence'!$A$2:$A$9,0)),MATCH('Final Data'!$A$5:$A$50,'Order By Sequence'!$A$2:$A$9,0)),ROW(E3:M3)),IF(ISNUMBER(MATCH('Final Data'!$A$5:$A$50,'Order By Sequence'!$A$2:$A$9,0)),MATCH('Final Data'!$A$5:$A$50,'Order By Sequence'!$A$2:$A$9,0),0),0),COLUMN(E3:M3)))} | F7: {=IF('Final Data'!F7="","",INDEX('Final Data'!$A$5:$I$50,MATCH(SMALL(IF(ISNUMBER(MATCH('Final Data'!$A$5:$A$50,'Order By Sequence'!$A$2:$A$9,0)),MATCH('Final Data'!$A$5:$A$50,'Order By Sequence'!$A$2:$A$9,0)),ROW(F3:N3)),IF(ISNUMBER(MATCH('Final Data'!$A$5:$A$50,'Order By Sequence'!$A$2:$A$9,0)),MATCH('Final Data'!$A$5:$A$50,'Order By Sequence'!$A$2:$A$9,0),0),0),COLUMN(F3:N3)))} | G7: {=IF('Final Data'!G7="","",INDEX('Final Data'!$A$5:$I$50,MATCH(SMALL(IF(ISNUMBER(MATCH('Final Data'!$A$5:$A$50,'Order By Sequence'!$A$2:$A$9,0)),MATCH('Final Data'!$A$5:$A$50,'Order By Sequence'!$A$2:$A$9,0)),ROW(G3:O3)),IF(ISNUMBER(MATCH('Final Data'!$A$5:$A$50,'Order By Sequence'!$A$2:$A$9,0)),MATCH('Final Data'!$A$5:$A$50,'Order By Sequence'!$A$2:$A$9,0),0),0),COLUMN(G3:O3)))} | H7: {=IF('Final Data'!H7="","",INDEX('Final Data'!$A$5:$I$50,MATCH(SMALL(IF(ISNUMBER(MATCH('Final Data'!$A$5:$A$50,'Order By Sequence'!$A$2:$A$9,0)),MATCH('Final Data'!$A$5:$A$50,'Order By Sequence'!$A$2:$A$9,0)),ROW(H3:P3)),IF(ISNUMBER(MATCH('Final Data'!$A$5:$A$50,'Order By Sequence'!$A$2:$A$9,0)),MATCH('Final Data'!$A$5:$A$50,'Order By Sequence'!$A$2:$A$9,0),0),0),COLUMN(H3:P3)))} | I7: {=IF('Final Data'!I7="","",INDEX('Final Data'!$A$5:$I$50,MATCH(SMALL(IF(ISNUMBER(MATCH('Final Data'!$A$5:$A$50,'Order By Sequence'!$A$2:$A$9,0)),MATCH('Final Data'!$A$5:$A$50,'Order By Sequence'!$A$2:$A$9,0)),ROW(I3:Q3)),IF(ISNUMBER(MATCH('Final Data'!$A$5:$A$50,'Order By Sequence'!$A$2:$A$9,0)),MATCH('Final Data'!$A$5:$A$50,'Order By Sequence'!$A$2:$A$9,0),0),0),COLUMN(I3:Q3)))}
A8: {=IF('Final Data'!A8="","",INDEX('Final Data'!$A$5:$I$50,MATCH(SMALL(IF(ISNUMBER(MATCH('Final Data'!$A$5:$A$50,'Order By Sequence'!$A$2:$A$9,0)),MATCH('Final Data'!$A$5:$A$50,'Order By Sequence'!$A$2:$A$9,0)),ROW(A4:I4)),IF(ISNUMBER(MATCH('Final Data'!$A$5:$A$50,'Order By Sequence'!$A$2:$A$9,0)),MATCH('Final Data'!$A$5:$A$50,'Order By Sequence'!$A$2:$A$9,0),0),0),COLUMN(A4:I4)))} | B8: {=IF('Final Data'!B8="","",INDEX('Final Data'!$A$5:$I$50,MATCH(SMALL(IF(ISNUMBER(MATCH('Final Data'!$A$5:$A$50,'Order By Sequence'!$A$2:$A$9,0)),MATCH('Final Data'!$A$5:$A$50,'Order By Sequence'!$A$2:$A$9,0)),ROW(B4:J4)),IF(ISNUMBER(MATCH('Final Data'!$A$5:$A$50,'Order By Sequence'!$A$2:$A$9,0)),MATCH('Final Data'!$A$5:$A$50,'Order By Sequence'!$A$2:$A$9,0),0),0),COLUMN(B4:J4)))} | C8: {=IF('Final Data'!C8="","",INDEX('Final Data'!$A$5:$I$50,MATCH(SMALL(IF(ISNUMBER(MATCH('Final Data'!$A$5:$A$50,'Order By Sequence'!$A$2:$A$9,0)),MATCH('Final Data'!$A$5:$A$50,'Order By Sequence'!$A$2:$A$9,0)),ROW(C4:K4)),IF(ISNUMBER(MATCH('Final Data'!$A$5:$A$50,'Order By Sequence'!$A$2:$A$9,0)),MATCH('Final Data'!$A$5:$A$50,'Order By Sequence'!$A$2:$A$9,0),0),0),COLUMN(C4:K4)))} | D8: {=IF('Final Data'!D8="","",INDEX('Final Data'!$A$5:$I$50,MATCH(SMALL(IF(ISNUMBER(MATCH('Final Data'!$A$5:$A$50,'Order By Sequence'!$A$2:$A$9,0)),MATCH('Final Data'!$A$5:$A$50,'Order By Sequence'!$A$2:$A$9,0)),ROW(D4:L4)),IF(ISNUMBER(MATCH('Final Data'!$A$5:$A$50,'Order By Sequence'!$A$2:$A$9,0)),MATCH('Final Data'!$A$5:$A$50,'Order By Sequence'!$A$2:$A$9,0),0),0),COLUMN(D4:L4)))} | E8: {=IF('Final Data'!E8="","",INDEX('Final Data'!$A$5:$I$50,MATCH(SMALL(IF(ISNUMBER(MATCH('Final Data'!$A$5:$A$50,'Order By Sequence'!$A$2:$A$9,0)),MATCH('Final Data'!$A$5:$A$50,'Order By Sequence'!$A$2:$A$9,0)),ROW(E4:M4)),IF(ISNUMBER(MATCH('Final Data'!$A$5:$A$50,'Order By Sequence'!$A$2:$A$9,0)),MATCH('Final Data'!$A$5:$A$50,'Order By Sequence'!$A$2:$A$9,0),0),0),COLUMN(E4:M4)))} | F8: {=IF('Final Data'!F8="","",INDEX('Final Data'!$A$5:$I$50,MATCH(SMALL(IF(ISNUMBER(MATCH('Final Data'!$A$5:$A$50,'Order By Sequence'!$A$2:$A$9,0)),MATCH('Final Data'!$A$5:$A$50,'Order By Sequence'!$A$2:$A$9,0)),ROW(F4:N4)),IF(ISNUMBER(MATCH('Final Data'!$A$5:$A$50,'Order By Sequence'!$A$2:$A$9,0)),MATCH('Final Data'!$A$5:$A$50,'Order By Sequence'!$A$2:$A$9,0),0),0),COLUMN(F4:N4)))} | G8: {=IF('Final Data'!G8="","",INDEX('Final Data'!$A$5:$I$50,MATCH(SMALL(IF(ISNUMBER(MATCH('Final Data'!$A$5:$A$50,'Order By Sequence'!$A$2:$A$9,0)),MATCH('Final Data'!$A$5:$A$50,'Order By Sequence'!$A$2:$A$9,0)),ROW(G4:O4)),IF(ISNUMBER(MATCH('Final Data'!$A$5:$A$50,'Order By Sequence'!$A$2:$A$9,0)),MATCH('Final Data'!$A$5:$A$50,'Order By Sequence'!$A$2:$A$9,0),0),0),COLUMN(G4:O4)))} | H8: {=IF('Final Data'!H8="","",INDEX('Final Data'!$A$5:$I$50,MATCH(SMALL(IF(ISNUMBER(MATCH('Final Data'!$A$5:$A$50,'Order By Sequence'!$A$2:$A$9,0)),MATCH('Final Data'!$A$5:$A$50,'Order By Sequence'!$A$2:$A$9,0)),ROW(H4:P4)),IF(ISNUMBER(MATCH('Final Data'!$A$5:$A$50,'Order By Sequence'!$A$2:$A$9,0)),MATCH('Final Data'!$A$5:$A$50,'Order By Sequence'!$A$2:$A$9,0),0),0),COLUMN(H4:P4)))} | I8: {=IF('Final Data'!I8="","",INDEX('Final Data'!$A$5:$I$50,MATCH(SMALL(IF(ISNUMBER(MATCH('Final Data'!$A$5:$A$50,'Order By Sequence'!$A$2:$A$9,0)),MATCH('Final Data'!$A$5:$A$50,'Order By Sequence'!$A$2:$A$9,0)),ROW(I4:Q4)),IF(ISNUMBER(MATCH('Final Data'!$A$5:$A$50,'Order By Sequence'!$A$2:$A$9,0)),MATCH('Final Data'!$A$5:$A$50,'Order By Sequence'!$A$2:$A$9,0),0),0),COLUMN(I4:Q4)))}
A9: {=IF('Final Data'!A9="","",INDEX('Final Data'!$A$5:$I$50,MATCH(SMALL(IF(ISNUMBER(MATCH('Final Data'!$A$5:$A$50,'Order By Sequence'!$A$2:$A$9,0)),MATCH('Final Data'!$A$5:$A$50,'Order By Sequence'!$A$2:$A$9,0)),ROW(A5:I5)),IF(ISNUMBER(MATCH('Final Data'!$A$5:$A$50,'Order By Sequence'!$A$2:$A$9,0)),MATCH('Final Data'!$A$5:$A$50,'Order By Sequence'!$A$2:$A$9,0),0),0),COLUMN(A5:I5)))} | B9: {=IF('Final Data'!B9="","",INDEX('Final Data'!$A$5:$I$50,MATCH(SMALL(IF(ISNUMBER(MATCH('Final Data'!$A$5:$A$50,'Order By Sequence'!$A$2:$A$9,0)),MATCH('Final Data'!$A$5:$A$50,'Order By Sequence'!$A$2:$A$9,0)),ROW(B5:J5)),IF(ISNUMBER(MATCH('Final Data'!$A$5:$A$50,'Order By Sequence'!$A$2:$A$9,0)),MATCH('Final Data'!$A$5:$A$50,'Order By Sequence'!$A$2:$A$9,0),0),0),COLUMN(B5:J5)))} | C9: {=IF('Final Data'!C9="","",INDEX('Final Data'!$A$5:$I$50,MATCH(SMALL(IF(ISNUMBER(MATCH('Final Data'!$A$5:$A$50,'Order By Sequence'!$A$2:$A$9,0)),MATCH('Final Data'!$A$5:$A$50,'Order By Sequence'!$A$2:$A$9,0)),ROW(C5:K5)),IF(ISNUMBER(MATCH('Final Data'!$A$5:$A$50,'Order By Sequence'!$A$2:$A$9,0)),MATCH('Final Data'!$A$5:$A$50,'Order By Sequence'!$A$2:$A$9,0),0),0),COLUMN(C5:K5)))} | D9: {=IF('Final Data'!D9="","",INDEX('Final Data'!$A$5:$I$50,MATCH(SMALL(IF(ISNUMBER(MATCH('Final Data'!$A$5:$A$50,'Order By Sequence'!$A$2:$A$9,0)),MATCH('Final Data'!$A$5:$A$50,'Order By Sequence'!$A$2:$A$9,0)),ROW(D5:L5)),IF(ISNUMBER(MATCH('Final Data'!$A$5:$A$50,'Order By Sequence'!$A$2:$A$9,0)),MATCH('Final Data'!$A$5:$A$50,'Order By Sequence'!$A$2:$A$9,0),0),0),COLUMN(D5:L5)))} | E9: {=IF('Final Data'!E9="","",INDEX('Final Data'!$A$5:$I$50,MATCH(SMALL(IF(ISNUMBER(MATCH('Final Data'!$A$5:$A$50,'Order By Sequence'!$A$2:$A$9,0)),MATCH('Final Data'!$A$5:$A$50,'Order By Sequence'!$A$2:$A$9,0)),ROW(E5:M5)),IF(ISNUMBER(MATCH('Final Data'!$A$5:$A$50,'Order By Sequence'!$A$2:$A$9,0)),MATCH('Final Data'!$A$5:$A$50,'Order By Sequence'!$A$2:$A$9,0),0),0),COLUMN(E5:M5)))} | F9: {=IF('Final Data'!F9="","",INDEX('Final Data'!$A$5:$I$50,MATCH(SMALL(IF(ISNUMBER(MATCH('Final Data'!$A$5:$A$50,'Order By Sequence'!$A$2:$A$9,0)),MATCH('Final Data'!$A$5:$A$50,'Order By Sequence'!$A$2:$A$9,0)),ROW(F5:N5)),IF(ISNUMBER(MATCH('Final Data'!$A$5:$A$50,'Order By Sequence'!$A$2:$A$9,0)),MATCH('Final Data'!$A$5:$A$50,'Order By Sequence'!$A$2:$A$9,0),0),0),COLUMN(F5:N5)))} | G9: {=IF('Final Data'!G9="","",INDEX('Final Data'!$A$5:$I$50,MATCH(SMALL(IF(ISNUMBER(MATCH('Final Data'!$A$5:$A$50,'Order By Sequence'!$A$2:$A$9,0)),MATCH('Final Data'!$A$5:$A$50,'Order By Sequence'!$A$2:$A$9,0)),ROW(G5:O5)),IF(ISNUMBER(MATCH('Final Data'!$A$5:$A$50,'Order By Sequence'!$A$2:$A$9,0)),MATCH('Final Data'!$A$5:$A$50,'Order By Sequence'!$A$2:$A$9,0),0),0),COLUMN(G5:O5)))} | H9: {=IF('Final Data'!H9="","",INDEX('Final Data'!$A$5:$I$50,MATCH(SMALL(IF(ISNUMBER(MATCH('Final Data'!$A$5:$A$50,'Order By Sequence'!$A$2:$A$9,0)),MATCH('Final Data'!$A$5:$A$50,'Order By Sequence'!$A$2:$A$9,0)),ROW(H5:P5)),IF(ISNUMBER(MATCH('Final Data'!$A$5:$A$50,'Order By Sequence'!$A$2:$A$9,0)),MATCH('Final Data'!$A$5:$A$50,'Order By Sequence'!$A$2:$A$9,0),0),0),COLUMN(H5:P5)))} | I9: {=IF('Final Data'!I9="","",INDEX('Final Data'!$A$5:$I$50,MATCH(SMALL(IF(ISNUMBER(MATCH('Final Data'!$A$5:$A$50,'Order By Sequence'!$A$2:$A$9,0)),MATCH('Final Data'!$A$5:$A$50,'Order By Sequence'!$A$2:$A$9,0)),ROW(I5:Q5)),IF(ISNUMBER(MATCH('Final Data'!$A$5:$A$50,'Order By Sequence'!$A$2:$A$9,0)),MATCH('Final Data'!$A$5:$A$50,'Order By Sequence'!$A$2:$A$9,0),0),0),COLUMN(I5:Q5)))}
A10: {=IF('Final Data'!A10="","",INDEX('Final Data'!$A$5:$I$50,MATCH(SMALL(IF(ISNUMBER(MATCH('Final Data'!$A$5:$A$50,'Order By Sequence'!$A$2:$A$9,0)),MATCH('Final Data'!$A$5:$A$50,'Order By Sequence'!$A$2:$A$9,0)),ROW(A6:I6)),IF(ISNUMBER(MATCH('Final Data'!$A$5:$A$50,'Order By Sequence'!$A$2:$A$9,0)),MATCH('Final Data'!$A$5:$A$50,'Order By Sequence'!$A$2:$A$9,0),0),0),COLUMN(A6:I6)))} | B10: {=IF('Final Data'!B10="","",INDEX('Final Data'!$A$5:$I$50,MATCH(SMALL(IF(ISNUMBER(MATCH('Final Data'!$A$5:$A$50,'Order By Sequence'!$A$2:$A$9,0)),MATCH('Final Data'!$A$5:$A$50,'Order By Sequence'!$A$2:$A$9,0)),ROW(B6:J6)),IF(ISNUMBER(MATCH('Final Data'!$A$5:$A$50,'Order By Sequence'!$A$2:$A$9,0)),MATCH('Final Data'!$A$5:$A$50,'Order By Sequence'!$A$2:$A$9,0),0),0),COLUMN(B6:J6)))} | C10: {=IF('Final Data'!C10="","",INDEX('Final Data'!$A$5:$I$50,MATCH(SMALL(IF(ISNUMBER(MATCH('Final Data'!$A$5:$A$50,'Order By Sequence'!$A$2:$A$9,0)),MATCH('Final Data'!$A$5:$A$50,'Order By Sequence'!$A$2:$A$9,0)),ROW(C6:K6)),IF(ISNUMBER(MATCH('Final Data'!$A$5:$A$50,'Order By Sequence'!$A$2:$A$9,0)),MATCH('Final Data'!$A$5:$A$50,'Order By Sequence'!$A$2:$A$9,0),0),0),COLUMN(C6:K6)))} | D10: {=IF('Final Data'!D10="","",INDEX('Final Data'!$A$5:$I$50,MATCH(SMALL(IF(ISNUMBER(MATCH('Final Data'!$A$5:$A$50,'Order By Sequence'!$A$2:$A$9,0)),MATCH('Final Data'!$A$5:$A$50,'Order By Sequence'!$A$2:$A$9,0)),ROW(D6:L6)),IF(ISNUMBER(MATCH('Final Data'!$A$5:$A$50,'Order By Sequence'!$A$2:$A$9,0)),MATCH('Final Data'!$A$5:$A$50,'Order By Sequence'!$A$2:$A$9,0),0),0),COLUMN(D6:L6)))} | E10: {=IF('Final Data'!E10="","",INDEX('Final Data'!$A$5:$I$50,MATCH(SMALL(IF(ISNUMBER(MATCH('Final Data'!$A$5:$A$50,'Order By Sequence'!$A$2:$A$9,0)),MATCH('Final Data'!$A$5:$A$50,'Order By Sequence'!$A$2:$A$9,0)),ROW(E6:M6)),IF(ISNUMBER(MATCH('Final Data'!$A$5:$A$50,'Order By Sequence'!$A$2:$A$9,0)),MATCH('Final Data'!$A$5:$A$50,'Order By Sequence'!$A$2:$A$9,0),0),0),COLUMN(E6:M6)))} | F10: {=IF('Final Data'!F10="","",INDEX('Final Data'!$A$5:$I$50,MATCH(SMALL(IF(ISNUMBER(MATCH('Final Data'!$A$5:$A$50,'Order By Sequence'!$A$2:$A$9,0)),MATCH('Final Data'!$A$5:$A$50,'Order By Sequence'!$A$2:$A$9,0)),ROW(F6:N6)),IF(ISNUMBER(MATCH('Final Data'!$A$5:$A$50,'Order By Sequence'!$A$2:$A$9,0)),MATCH('Final Data'!$A$5:$A$50,'Order By Sequence'!$A$2:$A$9,0),0),0),COLUMN(F6:N6)))} | G10: {=IF('Final Data'!G10="","",INDEX('Final Data'!$A$5:$I$50,MATCH(SMALL(IF(ISNUMBER(MATCH('Final Data'!$A$5:$A$50,'Order By Sequence'!$A$2:$A$9,0)),MATCH('Final Data'!$A$5:$A$50,'Order By Sequence'!$A$2:$A$9,0)),ROW(G6:O6)),IF(ISNUMBER(MATCH('Final Data'!$A$5:$A$50,'Order By Sequence'!$A$2:$A$9,0)),MATCH('Final Data'!$A$5:$A$50,'Order By Sequence'!$A$2:$A$9,0),0),0),COLUMN(G6:O6)))} | H10: {=IF('Final Data'!H10="","",INDEX('Final Data'!$A$5:$I$50,MATCH(SMALL(IF(ISNUMBER(MATCH('Final Data'!$A$5:$A$50,'Order By Sequence'!$A$2:$A$9,0)),MATCH('Final Data'!$A$5:$A$50,'Order By Sequence'!$A$2:$A$9,0)),ROW(H6:P6)),IF(ISNUMBER(MATCH('Final Data'!$A$5:$A$50,'Order By Sequence'!$A$2:$A$9,0)),MATCH('Final Data'!$A$5:$A$50,'Order By Sequence'!$A$2:$A$9,0),0),0),COLUMN(H6:P6)))} | I10: {=IF('Final Data'!I10="","",INDEX('Final Data'!$A$5:$I$50,MATCH(SMALL(IF(ISNUMBER(MATCH('Final Data'!$A$5:$A$50,'Order By Sequence'!$A$2:$A$9,0)),MATCH('Final Data'!$A$5:$A$50,'Order By Sequence'!$A$2:$A$9,0)),ROW(I6:Q6)),IF(ISNUMBER(MATCH('Final Data'!$A$5:$A$50,'Order By Sequence'!$A$2:$A$9,0)),MATCH('Final Data'!$A$5:$A$50,'Order By Sequence'!$A$2:$A$9,0),0),0),COLUMN(I6:Q6)))}
A11: {=IF('Final Data'!A11="","",INDEX('Final Data'!$A$5:$I$50,MATCH(SMALL(IF(ISNUMBER(MATCH('Final Data'!$A$5:$A$50,'Order By Sequence'!$A$2:$A$9,0)),MATCH('Final Data'!$A$5:$A$50,'Order By Sequence'!$A$2:$A$9,0)),ROW(A7:I7)),IF(ISNUMBER(MATCH('Final Data'!$A$5:$A$50,'Order By Sequence'!$A$2:$A$9,0)),MATCH('Final Data'!$A$5:$A$50,'Order By Sequence'!$A$2:$A$9,0),0),0),COLUMN(A7:I7)))} | B11: {=IF('Final Data'!B11="","",INDEX('Final Data'!$A$5:$I$50,MATCH(SMALL(IF(ISNUMBER(MATCH('Final Data'!$A$5:$A$50,'Order By Sequence'!$A$2:$A$9,0)),MATCH('Final Data'!$A$5:$A$50,'Order By Sequence'!$A$2:$A$9,0)),ROW(B7:J7)),IF(ISNUMBER(MATCH('Final Data'!$A$5:$A$50,'Order By Sequence'!$A$2:$A$9,0)),MATCH('Final Data'!$A$5:$A$50,'Order By Sequence'!$A$2:$A$9,0),0),0),COLUMN(B7:J7)))} | C11: {=IF('Final Data'!C11="","",INDEX('Final Data'!$A$5:$I$50,MATCH(SMALL(IF(ISNUMBER(MATCH('Final Data'!$A$5:$A$50,'Order By Sequence'!$A$2:$A$9,0)),MATCH('Final Data'!$A$5:$A$50,'Order By Sequence'!$A$2:$A$9,0)),ROW(C7:K7)),IF(ISNUMBER(MATCH('Final Data'!$A$5:$A$50,'Order By Sequence'!$A$2:$A$9,0)),MATCH('Final Data'!$A$5:$A$50,'Order By Sequence'!$A$2:$A$9,0),0),0),COLUMN(C7:K7)))} | D11: {=IF('Final Data'!D11="","",INDEX('Final Data'!$A$5:$I$50,MATCH(SMALL(IF(ISNUMBER(MATCH('Final Data'!$A$5:$A$50,'Order By Sequence'!$A$2:$A$9,0)),MATCH('Final Data'!$A$5:$A$50,'Order By Sequence'!$A$2:$A$9,0)),ROW(D7:L7)),IF(ISNUMBER(MATCH('Final Data'!$A$5:$A$50,'Order By Sequence'!$A$2:$A$9,0)),MATCH('Final Data'!$A$5:$A$50,'Order By Sequence'!$A$2:$A$9,0),0),0),COLUMN(D7:L7)))} | E11: {=IF('Final Data'!E11="","",INDEX('Final Data'!$A$5:$I$50,MATCH(SMALL(IF(ISNUMBER(MATCH('Final Data'!$A$5:$A$50,'Order By Sequence'!$A$2:$A$9,0)),MATCH('Final Data'!$A$5:$A$50,'Order By Sequence'!$A$2:$A$9,0)),ROW(E7:M7)),IF(ISNUMBER(MATCH('Final Data'!$A$5:$A$50,'Order By Sequence'!$A$2:$A$9,0)),MATCH('Final Data'!$A$5:$A$50,'Order By Sequence'!$A$2:$A$9,0),0),0),COLUMN(E7:M7)))} | F11: {=IF('Final Data'!F11="","",INDEX('Final Data'!$A$5:$I$50,MATCH(SMALL(IF(ISNUMBER(MATCH('Final Data'!$A$5:$A$50,'Order By Sequence'!$A$2:$A$9,0)),MATCH('Final Data'!$A$5:$A$50,'Order By Sequence'!$A$2:$A$9,0)),ROW(F7:N7)),IF(ISNUMBER(MATCH('Final Data'!$A$5:$A$50,'Order By Sequence'!$A$2:$A$9,0)),MATCH('Final Data'!$A$5:$A$50,'Order By Sequence'!$A$2:$A$9,0),0),0),COLUMN(F7:N7)))} | G11: {=IF('Final Data'!G11="","",INDEX('Final Data'!$A$5:$I$50,MATCH(SMALL(IF(ISNUMBER(MATCH('Final Data'!$A$5:$A$50,'Order By Sequence'!$A$2:$A$9,0)),MATCH('Final Data'!$A$5:$A$50,'Order By Sequence'!$A$2:$A$9,0)),ROW(G7:O7)),IF(ISNUMBER(MATCH('Final Data'!$A$5:$A$50,'Order By Sequence'!$A$2:$A$9,0)),MATCH('Final Data'!$A$5:$A$50,'Order By Sequence'!$A$2:$A$9,0),0),0),COLUMN(G7:O7)))} | H11: {=IF('Final Data'!H11="","",INDEX('Final Data'!$A$5:$I$50,MATCH(SMALL(IF(ISNUMBER(MATCH('Final Data'!$A$5:$A$50,'Order By Sequence'!$A$2:$A$9,0)),MATCH('Final Data'!$A$5:$A$50,'Order By Sequence'!$A$2:$A$9,0)),ROW(H7:P7)),IF(ISNUMBER(MATCH('Final Data'!$A$5:$A$50,'Order By Sequence'!$A$2:$A$9,0)),MATCH('Final Data'!$A$5:$A$50,'Order By Sequence'!$A$2:$A$9,0),0),0),COLUMN(H7:P7)))} | I11: {=IF('Final Data'!I11="","",INDEX('Final Data'!$A$5:$I$50,MATCH(SMALL(IF(ISNUMBER(MATCH('Final Data'!$A$5:$A$50,'Order By Sequence'!$A$2:$A$9,0)),MATCH('Final Data'!$A$5:$A$50,'Order By Sequence'!$A$2:$A$9,0)),ROW(I7:Q7)),IF(ISNUMBER(MATCH('Final Data'!$A$5:$A$50,'Order By Sequence'!$A$2:$A$9,0)),MATCH('Final Data'!$A$5:$A$50,'Order By Sequence'!$A$2:$A$9,0),0),0),COLUMN(I7:Q7)))}
A12: {=IF('Final Data'!A12="","",INDEX('Final Data'!$A$5:$I$50,MATCH(SMALL(IF(ISNUMBER(MATCH('Final Data'!$A$5:$A$50,'Order By Sequence'!$A$2:$A$9,0)),MATCH('Final Data'!$A$5:$A$50,'Order By Sequence'!$A$2:$A$9,0)),ROW(A8:I8)),IF(ISNUMBER(MATCH('Final Data'!$A$5:$A$50,'Order By Sequence'!$A$2:$A$9,0)),MATCH('Final Data'!$A$5:$A$50,'Order By Sequence'!$A$2:$A$9,0),0),0),COLUMN(A8:I8)))} | B12: {=IF('Final Data'!B12="","",INDEX('Final Data'!$A$5:$I$50,MATCH(SMALL(IF(ISNUMBER(MATCH('Final Data'!$A$5:$A$50,'Order By Sequence'!$A$2:$A$9,0)),MATCH('Final Data'!$A$5:$A$50,'Order By Sequence'!$A$2:$A$9,0)),ROW(B8:J8)),IF(ISNUMBER(MATCH('Final Data'!$A$5:$A$50,'Order By Sequence'!$A$2:$A$9,0)),MATCH('Final Data'!$A$5:$A$50,'Order By Sequence'!$A$2:$A$9,0),0),0),COLUMN(B8:J8)))} | C12: {=IF('Final Data'!C12="","",INDEX('Final Data'!$A$5:$I$50,MATCH(SMALL(IF(ISNUMBER(MATCH('Final Data'!$A$5:$A$50,'Order By Sequence'!$A$2:$A$9,0)),MATCH('Final Data'!$A$5:$A$50,'Order By Sequence'!$A$2:$A$9,0)),ROW(C8:K8)),IF(ISNUMBER(MATCH('Final Data'!$A$5:$A$50,'Order By Sequence'!$A$2:$A$9,0)),MATCH('Final Data'!$A$5:$A$50,'Order By Sequence'!$A$2:$A$9,0),0),0),COLUMN(C8:K8)))} | D12: {=IF('Final Data'!D12="","",INDEX('Final Data'!$A$5:$I$50,MATCH(SMALL(IF(ISNUMBER(MATCH('Final Data'!$A$5:$A$50,'Order By Sequence'!$A$2:$A$9,0)),MATCH('Final Data'!$A$5:$A$50,'Order By Sequence'!$A$2:$A$9,0)),ROW(D8:L8)),IF(ISNUMBER(MATCH('Final Data'!$A$5:$A$50,'Order By Sequence'!$A$2:$A$9,0)),MATCH('Final Data'!$A$5:$A$50,'Order By Sequence'!$A$2:$A$9,0),0),0),COLUMN(D8:L8)))} | E12: {=IF('Final Data'!E12="","",INDEX('Final Data'!$A$5:$I$50,MATCH(SMALL(IF(ISNUMBER(MATCH('Final Data'!$A$5:$A$50,'Order By Sequence'!$A$2:$A$9,0)),MATCH('Final Data'!$A$5:$A$50,'Order By Sequence'!$A$2:$A$9,0)),ROW(E8:M8)),IF(ISNUMBER(MATCH('Final Data'!$A$5:$A$50,'Order By Sequence'!$A$2:$A$9,0)),MATCH('Final Data'!$A$5:$A$50,'Order By Sequence'!$A$2:$A$9,0),0),0),COLUMN(E8:M8)))} | F12: {=IF('Final Data'!F12="","",INDEX('Final Data'!$A$5:$I$50,MATCH(SMALL(IF(ISNUMBER(MATCH('Final Data'!$A$5:$A$50,'Order By Sequence'!$A$2:$A$9,0)),MATCH('Final Data'!$A$5:$A$50,'Order By Sequence'!$A$2:$A$9,0)),ROW(F8:N8)),IF(ISNUMBER(MATCH('Final Data'!$A$5:$A$50,'Order By Sequence'!$A$2:$A$9,0)),MATCH('Final Data'!$A$5:$A$50,'Order By Sequence'!$A$2:$A$9,0),0),0),COLUMN(F8:N8)))} | G12: {=IF('Final Data'!G12="","",INDEX('Final Data'!$A$5:$I$50,MATCH(SMALL(IF(ISNUMBER(MATCH('Final Data'!$A$5:$A$50,'Order By Sequence'!$A$2:$A$9,0)),MATCH('Final Data'!$A$5:$A$50,'Order By Sequence'!$A$2:$A$9,0)),ROW(G8:O8)),IF(ISNUMBER(MATCH('Final Data'!$A$5:$A$50,'Order By Sequence'!$A$2:$A$9,0)),MATCH('Final Data'!$A$5:$A$50,'Order By Sequence'!$A$2:$A$9,0),0),0),COLUMN(G8:O8)))} | H12: {=IF('Final Data'!H12="","",INDEX('Final Data'!$A$5:$I$50,MATCH(SMALL(IF(ISNUMBER(MATCH('Final Data'!$A$5:$A$50,'Order By Sequence'!$A$2:$A$9,0)),MATCH('Final Data'!$A$5:$A$50,'Order By Sequence'!$A$2:$A$9,0)),ROW(H8:P8)),IF(ISNUMBER(MATCH('Final Data'!$A$5:$A$50,'Order By Sequence'!$A$2:$A$9,0)),MATCH('Final Data'!$A$5:$A$50,'Order By Sequence'!$A$2:$A$9,0),0),0),COLUMN(H8:P8)))} | I12: {=IF('Final Data'!I12="","",INDEX('Final Data'!$A$5:$I$50,MATCH(SMALL(IF(ISNUMBER(MATCH('Final Data'!$A$5:$A$50,'Order By Sequence'!$A$2:$A$9,0)),MATCH('Final Data'!$A$5:$A$50,'Order By Sequence'!$A$2:$A$9,0)),ROW(I8:Q8)),IF(ISNUMBER(MATCH('Final Data'!$A$5:$A$50,'Order By Sequence'!$A$2:$A$9,0)),MATCH('Final Data'!$A$5:$A$50,'Order By Sequence'!$A$2:$A$9,0),0),0),COLUMN(I8:Q8)))}
A13: {=IF('Final Data'!A13="","",INDEX('Final Data'!$A$5:$I$50,MATCH(SMALL(IF(ISNUMBER(MATCH('Final Data'!$A$5:$A$50,'Order By Sequence'!$A$2:$A$9,0)),MATCH('Final Data'!$A$5:$A$50,'Order By Sequence'!$A$2:$A$9,0)),ROW(A9:I9)),IF(ISNUMBER(MATCH('Final Data'!$A$5:$A$50,'Order By Sequence'!$A$2:$A$9,0)),MATCH('Final Data'!$A$5:$A$50,'Order By Sequence'!$A$2:$A$9,0),0),0),COLUMN(A9:I9)))} | B13: {=IF('Final Data'!B13="","",INDEX('Final Data'!$A$5:$I$50,MATCH(SMALL(IF(ISNUMBER(MATCH('Final Data'!$A$5:$A$50,'Order By Sequence'!$A$2:$A$9,0)),MATCH('Final Data'!$A$5:$A$50,'Order By Sequence'!$A$2:$A$9,0)),ROW(B9:J9)),IF(ISNUMBER(MATCH('Final Data'!$A$5:$A$50,'Order By Sequence'!$A$2:$A$9,0)),MATCH('Final Data'!$A$5:$A$50,'Order By Sequence'!$A$2:$A$9,0),0),0),COLUMN(B9:J9)))} | C13: {=IF('Final Data'!C13="","",INDEX('Final Data'!$A$5:$I$50,MATCH(SMALL(IF(ISNUMBER(MATCH('Final Data'!$A$5:$A$50,'Order By Sequence'!$A$2:$A$9,0)),MATCH('Final Data'!$A$5:$A$50,'Order By Sequence'!$A$2:$A$9,0)),ROW(C9:K9)),IF(ISNUMBER(MATCH('Final Data'!$A$5:$A$50,'Order By Sequence'!$A$2:$A$9,0)),MATCH('Final Data'!$A$5:$A$50,'Order By Sequence'!$A$2:$A$9,0),0),0),COLUMN(C9:K9)))} | D13: {=IF('Final Data'!D13="","",INDEX('Final Data'!$A$5:$I$50,MATCH(SMALL(IF(ISNUMBER(MATCH('Final Data'!$A$5:$A$50,'Order By Sequence'!$A$2:$A$9,0)),MATCH('Final Data'!$A$5:$A$50,'Order By Sequence'!$A$2:$A$9,0)),ROW(D9:L9)),IF(ISNUMBER(MATCH('Final Data'!$A$5:$A$50,'Order By Sequence'!$A$2:$A$9,0)),MATCH('Final Data'!$A$5:$A$50,'Order By Sequence'!$A$2:$A$9,0),0),0),COLUMN(D9:L9)))} | E13: {=IF('Final Data'!E13="","",INDEX('Final Data'!$A$5:$I$50,MATCH(SMALL(IF(ISNUMBER(MATCH('Final Data'!$A$5:$A$50,'Order By Sequence'!$A$2:$A$9,0)),MATCH('Final Data'!$A$5:$A$50,'Order By Sequence'!$A$2:$A$9,0)),ROW(E9:M9)),IF(ISNUMBER(MATCH('Final Data'!$A$5:$A$50,'Order By Sequence'!$A$2:$A$9,0)),MATCH('Final Data'!$A$5:$A$50,'Order By Sequence'!$A$2:$A$9,0),0),0),COLUMN(E9:M9)))} | F13: {=IF('Final Data'!F13="","",INDEX('Final Data'!$A$5:$I$50,MATCH(SMALL(IF(ISNUMBER(MATCH('Final Data'!$A$5:$A$50,'Order By Sequence'!$A$2:$A$9,0)),MATCH('Final Data'!$A$5:$A$50,'Order By Sequence'!$A$2:$A$9,0)),ROW(F9:N9)),IF(ISNUMBER(MATCH('Final Data'!$A$5:$A$50,'Order By Sequence'!$A$2:$A$9,0)),MATCH('Final Data'!$A$5:$A$50,'Order By Sequence'!$A$2:$A$9,0),0),0),COLUMN(F9:N9)))} | G13: {=IF('Final Data'!G13="","",INDEX('Final Data'!$A$5:$I$50,MATCH(SMALL(IF(ISNUMBER(MATCH('Final Data'!$A$5:$A$50,'Order By Sequence'!$A$2:$A$9,0)),MATCH('Final Data'!$A$5:$A$50,'Order By Sequence'!$A$2:$A$9,0)),ROW(G9:O9)),IF(ISNUMBER(MATCH('Final Data'!$A$5:$A$50,'Order By Sequence'!$A$2:$A$9,0)),MATCH('Final Data'!$A$5:$A$50,'Order By Sequence'!$A$2:$A$9,0),0),0),COLUMN(G9:O9)))} | H13: {=IF('Final Data'!H13="","",INDEX('Final Data'!$A$5:$I$50,MATCH(SMALL(IF(ISNUMBER(MATCH('Final Data'!$A$5:$A$50,'Order By Sequence'!$A$2:$A$9,0)),MATCH('Final Data'!$A$5:$A$50,'Order By Sequence'!$A$2:$A$9,0)),ROW(H9:P9)),IF(ISNUMBER(MATCH('Final Data'!$A$5:$A$50,'Order By Sequence'!$A$2:$A$9,0)),MATCH('Final Data'!$A$5:$A$50,'Order By Sequence'!$A$2:$A$9,0),0),0),COLUMN(H9:P9)))} | I13: {=IF('Final Data'!I13="","",INDEX('Final Data'!$A$5:$I$50,MATCH(SMALL(IF(ISNUMBER(MATCH('Final Data'!$A$5:$A$50,'Order By Sequence'!$A$2:$A$9,0)),MATCH('Final Data'!$A$5:$A$50,'Order By Sequence'!$A$2:$A$9,0)),ROW(I9:Q9)),IF(ISNUMBER(MATCH('Final Data'!$A$5:$A$50,'Order By Sequence'!$A$2:$A$9,0)),MATCH('Final Data'!$A$5:$A$50,'Order By Sequence'!$A$2:$A$9,0),0),0),COLUMN(I9:Q9)))}
A14: {=IF('Final Data'!A14="","",INDEX('Final Data'!$A$5:$I$50,MATCH(SMALL(IF(ISNUMBER(MATCH('Final Data'!$A$5:$A$50,'Order By Sequence'!$A$2:$A$9,0)),MATCH('Final Data'!$A$5:$A$50,'Order By Sequence'!$A$2:$A$9,0)),ROW(A10:I10)),IF(ISNUMBER(MATCH('Final Data'!$A$5:$A$50,'Order By Sequence'!$A$2:$A$9,0)),MATCH('Final Data'!$A$5:$A$50,'Order By Sequence'!$A$2:$A$9,0),0),0),COLUMN(A10:I10)))} | B14: {=IF('Final Data'!B14="","",INDEX('Final Data'!$A$5:$I$50,MATCH(SMALL(IF(ISNUMBER(MATCH('Final Data'!$A$5:$A$50,'Order By Sequence'!$A$2:$A$9,0)),MATCH('Final Data'!$A$5:$A$50,'Order By Sequence'!$A$2:$A$9,0)),ROW(B10:J10)),IF(ISNUMBER(MATCH('Final Data'!$A$5:$A$50,'Order By Sequence'!$A$2:$A$9,0)),MATCH('Final Data'!$A$5:$A$50,'Order By Sequence'!$A$2:$A$9,0),0),0),COLUMN(B10:J10)))} | C14: {=IF('Final Data'!C14="","",INDEX('Final Data'!$A$5:$I$50,MATCH(SMALL(IF(ISNUMBER(MATCH('Final Data'!$A$5:$A$50,'Order By Sequence'!$A$2:$A$9,0)),MATCH('Final Data'!$A$5:$A$50,'Order By Sequence'!$A$2:$A$9,0)),ROW(C10:K10)),IF(ISNUMBER(MATCH('Final Data'!$A$5:$A$50,'Order By Sequence'!$A$2:$A$9,0)),MATCH('Final Data'!$A$5:$A$50,'Order By Sequence'!$A$2:$A$9,0),0),0),COLUMN(C10:K10)))} | D14: {=IF('Final Data'!D14="","",INDEX('Final Data'!$A$5:$I$50,MATCH(SMALL(IF(ISNUMBER(MATCH('Final Data'!$A$5:$A$50,'Order By Sequence'!$A$2:$A$9,0)),MATCH('Final Data'!$A$5:$A$50,'Order By Sequence'!$A$2:$A$9,0)),ROW(D10:L10)),IF(ISNUMBER(MATCH('Final Data'!$A$5:$A$50,'Order By Sequence'!$A$2:$A$9,0)),MATCH('Final Data'!$A$5:$A$50,'Order By Sequence'!$A$2:$A$9,0),0),0),COLUMN(D10:L10)))} | E14: {=IF('Final Data'!E14="","",INDEX('Final Data'!$A$5:$I$50,MATCH(SMALL(IF(ISNUMBER(MATCH('Final Data'!$A$5:$A$50,'Order By Sequence'!$A$2:$A$9,0)),MATCH('Final Data'!$A$5:$A$50,'Order By Sequence'!$A$2:$A$9,0)),ROW(E10:M10)),IF(ISNUMBER(MATCH('Final Data'!$A$5:$A$50,'Order By Sequence'!$A$2:$A$9,0)),MATCH('Final Data'!$A$5:$A$50,'Order By Sequence'!$A$2:$A$9,0),0),0),COLUMN(E10:M10)))} | F14: {=IF('Final Data'!F14="","",INDEX('Final Data'!$A$5:$I$50,MATCH(SMALL(IF(ISNUMBER(MATCH('Final Data'!$A$5:$A$50,'Order By Sequence'!$A$2:$A$9,0)),MATCH('Final Data'!$A$5:$A$50,'Order By Sequence'!$A$2:$A$9,0)),ROW(F10:N10)),IF(ISNUMBER(MATCH('Final Data'!$A$5:$A$50,'Order By Sequence'!$A$2:$A$9,0)),MATCH('Final Data'!$A$5:$A$50,'Order By Sequence'!$A$2:$A$9,0),0),0),COLUMN(F10:N10)))} | G14: {=IF('Final Data'!G14="","",INDEX('Final Data'!$A$5:$I$50,MATCH(SMALL(IF(ISNUMBER(MATCH('Final Data'!$A$5:$A$50,'Order By Sequence'!$A$2:$A$9,0)),MATCH('Final Data'!$A$5:$A$50,'Order By Sequence'!$A$2:$A$9,0)),ROW(G10:O10)),IF(ISNUMBER(MATCH('Final Data'!$A$5:$A$50,'Order By Sequence'!$A$2:$A$9,0)),MATCH('Final Data'!$A$5:$A$50,'Order By Sequence'!$A$2:$A$9,0),0),0),COLUMN(G10:O10)))} | H14: {=IF('Final Data'!H14="","",INDEX('Final Data'!$A$5:$I$50,MATCH(SMALL(IF(ISNUMBER(MATCH('Final Data'!$A$5:$A$50,'Order By Sequence'!$A$2:$A$9,0)),MATCH('Final Data'!$A$5:$A$50,'Order By Sequence'!$A$2:$A$9,0)),ROW(H10:P10)),IF(ISNUMBER(MATCH('Final Data'!$A$5:$A$50,'Order By Sequence'!$A$2:$A$9,0)),MATCH('Final Data'!$A$5:$A$50,'Order By Sequence'!$A$2:$A$9,0),0),0),COLUMN(H10:P10)))} | I14: {=IF('Final Data'!I14="","",INDEX('Final Data'!$A$5:$I$50,MATCH(SMALL(IF(ISNUMBER(MATCH('Final Data'!$A$5:$A$50,'Order By Sequence'!$A$2:$A$9,0)),MATCH('Final Data'!$A$5:$A$50,'Order By Sequence'!$A$2:$A$9,0)),ROW(I10:Q10)),IF(ISNUMBER(MATCH('Final Data'!$A$5:$A$50,'Order By Sequence'!$A$2:$A$9,0)),MATCH('Final Data'!$A$5:$A$50,'Order By Sequence'!$A$2:$A$9,0),0),0),COLUMN(I10:Q10)))}
A15: {=IF('Final Data'!A15="","",INDEX('Final Data'!$A$5:$I$50,MATCH(SMALL(IF(ISNUMBER(MATCH('Final Data'!$A$5:$A$50,'Order By Sequence'!$A$2:$A$9,0)),MATCH('Final Data'!$A$5:$A$50,'Order By Sequence'!$A$2:$A$9,0)),ROW(A11:I11)),IF(ISNUMBER(MATCH('Final Data'!$A$5:$A$50,'Order By Sequence'!$A$2:$A$9,0)),MATCH('Final Data'!$A$5:$A$50,'Order By Sequence'!$A$2:$A$9,0),0),0),COLUMN(A11:I11)))} | B15: {=IF('Final Data'!B15="","",INDEX('Final Data'!$A$5:$I$50,MATCH(SMALL(IF(ISNUMBER(MATCH('Final Data'!$A$5:$A$50,'Order By Sequence'!$A$2:$A$9,0)),MATCH('Final Data'!$A$5:$A$50,'Order By Sequence'!$A$2:$A$9,0)),ROW(B11:J11)),IF(ISNUMBER(MATCH('Final Data'!$A$5:$A$50,'Order By Sequence'!$A$2:$A$9,0)),MATCH('Final Data'!$A$5:$A$50,'Order By Sequence'!$A$2:$A$9,0),0),0),COLUMN(B11:J11)))} | C15: {=IF('Final Data'!C15="","",INDEX('Final Data'!$A$5:$I$50,MATCH(SMALL(IF(ISNUMBER(MATCH('Final Data'!$A$5:$A$50,'Order By Sequence'!$A$2:$A$9,0)),MATCH('Final Data'!$A$5:$A$50,'Order By Sequence'!$A$2:$A$9,0)),ROW(C11:K11)),IF(ISNUMBER(MATCH('Final Data'!$A$5:$A$50,'Order By Sequence'!$A$2:$A$9,0)),MATCH('Final Data'!$A$5:$A$50,'Order By Sequence'!$A$2:$A$9,0),0),0),COLUMN(C11:K11)))} | D15: {=IF('Final Data'!D15="","",INDEX('Final Data'!$A$5:$I$50,MATCH(SMALL(IF(ISNUMBER(MATCH('Final Data'!$A$5:$A$50,'Order By Sequence'!$A$2:$A$9,0)),MATCH('Final Data'!$A$5:$A$50,'Order By Sequence'!$A$2:$A$9,0)),ROW(D11:L11)),IF(ISNUMBER(MATCH('Final Data'!$A$5:$A$50,'Order By Sequence'!$A$2:$A$9,0)),MATCH('Final Data'!$A$5:$A$50,'Order By Sequence'!$A$2:$A$9,0),0),0),COLUMN(D11:L11)))} | E15: {=IF('Final Data'!E15="","",INDEX('Final Data'!$A$5:$I$50,MATCH(SMALL(IF(ISNUMBER(MATCH('Final Data'!$A$5:$A$50,'Order By Sequence'!$A$2:$A$9,0)),MATCH('Final Data'!$A$5:$A$50,'Order By Sequence'!$A$2:$A$9,0)),ROW(E11:M11)),IF(ISNUMBER(MATCH('Final Data'!$A$5:$A$50,'Order By Sequence'!$A$2:$A$9,0)),MATCH('Final Data'!$A$5:$A$50,'Order By Sequence'!$A$2:$A$9,0),0),0),COLUMN(E11:M11)))} | F15: {=IF('Final Data'!F15="","",INDEX('Final Data'!$A$5:$I$50,MATCH(SMALL(IF(ISNUMBER(MATCH('Final Data'!$A$5:$A$50,'Order By Sequence'!$A$2:$A$9,0)),MATCH('Final Data'!$A$5:$A$50,'Order By Sequence'!$A$2:$A$9,0)),ROW(F11:N11)),IF(ISNUMBER(MATCH('Final Data'!$A$5:$A$50,'Order By Sequence'!$A$2:$A$9,0)),MATCH('Final Data'!$A$5:$A$50,'Order By Sequence'!$A$2:$A$9,0),0),0),COLUMN(F11:N11)))} | G15: {=IF('Final Data'!G15="","",INDEX('Final Data'!$A$5:$I$50,MATCH(SMALL(IF(ISNUMBER(MATCH('Final Data'!$A$5:$A$50,'Order By Sequence'!$A$2:$A$9,0)),MATCH('Final Data'!$A$5:$A$50,'Order By Sequence'!$A$2:$A$9,0)),ROW(G11:O11)),IF(ISNUMBER(MATCH('Final Data'!$A$5:$A$50,'Order By Sequence'!$A$2:$A$9,0)),MATCH('Final Data'!$A$5:$A$50,'Order By Sequence'!$A$2:$A$9,0),0),0),COLUMN(G11:O11)))} | H15: {=IF('Final Data'!H15="","",INDEX('Final Data'!$A$5:$I$50,MATCH(SMALL(IF(ISNUMBER(MATCH('Final Data'!$A$5:$A$50,'Order By Sequence'!$A$2:$A$9,0)),MATCH('Final Data'!$A$5:$A$50,'Order By Sequence'!$A$2:$A$9,0)),ROW(H11:P11)),IF(ISNUMBER(MATCH('Final Data'!$A$5:$A$50,'Order By Sequence'!$A$2:$A$9,0)),MATCH('Final Data'!$A$5:$A$50,'Order By Sequence'!$A$2:$A$9,0),0),0),COLUMN(H11:P11)))} | I15: {=IF('Final Data'!I15="","",INDEX('Final Data'!$A$5:$I$50,MATCH(SMALL(IF(ISNUMBER(MATCH('Final Data'!$A$5:$A$50,'Order By Sequence'!$A$2:$A$9,0)),MATCH('Final Data'!$A$5:$A$50,'Order By Sequence'!$A$2:$A$9,0)),ROW(I11:Q11)),IF(ISNUMBER(MATCH('Final Data'!$A$5:$A$50,'Order By Sequence'!$A$2:$A$9,0)),MATCH('Final Data'!$A$5:$A$50,'Order By Sequence'!$A$2:$A$9,0),0),0),COLUMN(I11:Q11)))}
A16: {=IF('Final Data'!A16="","",INDEX('Final Data'!$A$5:$I$50,MATCH(SMALL(IF(ISNUMBER(MATCH('Final Data'!$A$5:$A$50,'Order By Sequence'!$A$2:$A$9,0)),MATCH('Final Data'!$A$5:$A$50,'Order By Sequence'!$A$2:$A$9,0)),ROW(A12:I12)),IF(ISNUMBER(MATCH('Final Data'!$A$5:$A$50,'Order By Sequence'!$A$2:$A$9,0)),MATCH('Final Data'!$A$5:$A$50,'Order By Sequence'!$A$2:$A$9,0),0),0),COLUMN(A12:I12)))} | B16: {=IF('Final Data'!B16="","",INDEX('Final Data'!$A$5:$I$50,MATCH(SMALL(IF(ISNUMBER(MATCH('Final Data'!$A$5:$A$50,'Order By Sequence'!$A$2:$A$9,0)),MATCH('Final Data'!$A$5:$A$50,'Order By Sequence'!$A$2:$A$9,0)),ROW(B12:J12)),IF(ISNUMBER(MATCH('Final Data'!$A$5:$A$50,'Order By Sequence'!$A$2:$A$9,0)),MATCH('Final Data'!$A$5:$A$50,'Order By Sequence'!$A$2:$A$9,0),0),0),COLUMN(B12:J12)))} | C16: {=IF('Final Data'!C16="","",INDEX('Final Data'!$A$5:$I$50,MATCH(SMALL(IF(ISNUMBER(MATCH('Final Data'!$A$5:$A$50,'Order By Sequence'!$A$2:$A$9,0)),MATCH('Final Data'!$A$5:$A$50,'Order By Sequence'!$A$2:$A$9,0)),ROW(C12:K12)),IF(ISNUMBER(MATCH('Final Data'!$A$5:$A$50,'Order By Sequence'!$A$2:$A$9,0)),MATCH('Final Data'!$A$5:$A$50,'Order By Sequence'!$A$2:$A$9,0),0),0),COLUMN(C12:K12)))} | D16: {=IF('Final Data'!D16="","",INDEX('Final Data'!$A$5:$I$50,MATCH(SMALL(IF(ISNUMBER(MATCH('Final Data'!$A$5:$A$50,'Order By Sequence'!$A$2:$A$9,0)),MATCH('Final Data'!$A$5:$A$50,'Order By Sequence'!$A$2:$A$9,0)),ROW(D12:L12)),IF(ISNUMBER(MATCH('Final Data'!$A$5:$A$50,'Order By Sequence'!$A$2:$A$9,0)),MATCH('Final Data'!$A$5:$A$50,'Order By Sequence'!$A$2:$A$9,0),0),0),COLUMN(D12:L12)))} | E16: {=IF('Final Data'!E16="","",INDEX('Final Data'!$A$5:$I$50,MATCH(SMALL(IF(ISNUMBER(MATCH('Final Data'!$A$5:$A$50,'Order By Sequence'!$A$2:$A$9,0)),MATCH('Final Data'!$A$5:$A$50,'Order By Sequence'!$A$2:$A$9,0)),ROW(E12:M12)),IF(ISNUMBER(MATCH('Final Data'!$A$5:$A$50,'Order By Sequence'!$A$2:$A$9,0)),MATCH('Final Data'!$A$5:$A$50,'Order By Sequence'!$A$2:$A$9,0),0),0),COLUMN(E12:M12)))} | F16: {=IF('Final Data'!F16="","",INDEX('Final Data'!$A$5:$I$50,MATCH(SMALL(IF(ISNUMBER(MATCH('Final Data'!$A$5:$A$50,'Order By Sequence'!$A$2:$A$9,0)),MATCH('Final Data'!$A$5:$A$50,'Order By Sequence'!$A$2:$A$9,0)),ROW(F12:N12)),IF(ISNUMBER(MATCH('Final Data'!$A$5:$A$50,'Order By Sequence'!$A$2:$A$9,0)),MATCH('Final Data'!$A$5:$A$50,'Order By Sequence'!$A$2:$A$9,0),0),0),COLUMN(F12:N12)))} | G16: {=IF('Final Data'!G16="","",INDEX('Final Data'!$A$5:$I$50,MATCH(SMALL(IF(ISNUMBER(MATCH('Final Data'!$A$5:$A$50,'Order By Sequence'!$A$2:$A$9,0)),MATCH('Final Data'!$A$5:$A$50,'Order By Sequence'!$A$2:$A$9,0)),ROW(G12:O12)),IF(ISNUMBER(MATCH('Final Data'!$A$5:$A$50,'Order By Sequence'!$A$2:$A$9,0)),MATCH('Final Data'!$A$5:$A$50,'Order By Sequence'!$A$2:$A$9,0),0),0),COLUMN(G12:O12)))} | H16: {=IF('Final Data'!H16="","",INDEX('Final Data'!$A$5:$I$50,MATCH(SMALL(IF(ISNUMBER(MATCH('Final Data'!$A$5:$A$50,'Order By Sequence'!$A$2:$A$9,0)),MATCH('Final Data'!$A$5:$A$50,'Order By Sequence'!$A$2:$A$9,0)),ROW(H12:P12)),IF(ISNUMBER(MATCH('Final Data'!$A$5:$A$50,'Order By Sequence'!$A$2:$A$9,0)),MATCH('Final Data'!$A$5:$A$50,'Order By Sequence'!$A$2:$A$9,0),0),0),COLUMN(H12:P12)))} | I16: {=IF('Final Data'!I16="","",INDEX('Final Data'!$A$5:$I$50,MATCH(SMALL(IF(ISNUMBER(MATCH('Final Data'!$A$5:$A$50,'Order By Sequence'!$A$2:$A$9,0)),MATCH('Final Data'!$A$5:$A$50,'Order By Sequence'!$A$2:$A$9,0)),ROW(I12:Q12)),IF(ISNUMBER(MATCH('Final Data'!$A$5:$A$50,'Order By Sequence'!$A$2:$A$9,0)),MATCH('Final Data'!$A$5:$A$50,'Order By Sequence'!$A$2:$A$9,0),0),0),COLUMN(I12:Q12)))}
... A50: {=IF('Final Data'!A50="","",INDEX('Final Data'!$A$5:$I$50,MATCH(SMALL(IF(ISNUMBER(MATCH('Final Data'!$A$5:$A$50,'Order By Sequence'!$A$2:$A$9,0)),MATCH('Final Data'!$A$5:$A$50,'Order By Sequence'!$A$2:$A$9,0)),ROW(A46:I46)),IF(ISNUMBER(MATCH('Final Data'!$A$5:$A$50,'Order By Sequence'!$A$2:$A$9,0)),MATCH('Final Data'!$A$5:$A$50,'Order By Sequence'!$A$2:$A$9,0),0),0),COLUMN(A46:I46)))} | B50: {=IF('Final Data'!B50="","",INDEX('Final Data'!$A$5:$I$50,MATCH(SMALL(IF(ISNUMBER(MATCH('Final Data'!$A$5:$A$50,'Order By Sequence'!$A$2:$A$9,0)),MATCH('Final Data'!$A$5:$A$50,'Order By Sequence'!$A$2:$A$9,0)),ROW(B46:J46)),IF(ISNUMBER(MATCH('Final Data'!$A$5:$A$50,'Order By Sequence'!$A$2:$A$9,0)),MATCH('Final Data'!$A$5:$A$50,'Order By Sequence'!$A$2:$A$9,0),0),0),COLUMN(B46:J46)))} | C50: {=IF('Final Data'!C50="","",INDEX('Final Data'!$A$5:$I$50,MATCH(SMALL(IF(ISNUMBER(MATCH('Final Data'!$A$5:$A$50,'Order By Sequence'!$A$2:$A$9,0)),MATCH('Final Data'!$A$5:$A$50,'Order By Sequence'!$A$2:$A$9,0)),ROW(C46:K46)),IF(ISNUMBER(MATCH('Final Data'!$A$5:$A$50,'Order By Sequence'!$A$2:$A$9,0)),MATCH('Final Data'!$A$5:$A$50,'Order By Sequence'!$A$2:$A$9,0),0),0),COLUMN(C46:K46)))} | D50: {=IF('Final Data'!D50="","",INDEX('Final Data'!$A$5:$I$50,MATCH(SMALL(IF(ISNUMBER(MATCH('Final Data'!$A$5:$A$50,'Order By Sequence'!$A$2:$A$9,0)),MATCH('Final Data'!$A$5:$A$50,'Order By Sequence'!$A$2:$A$9,0)),ROW(D46:L46)),IF(ISNUMBER(MATCH('Final Data'!$A$5:$A$50,'Order By Sequence'!$A$2:$A$9,0)),MATCH('Final Data'!$A$5:$A$50,'Order By Sequence'!$A$2:$A$9,0),0),0),COLUMN(D46:L46)))} | E50: {=IF('Final Data'!E50="","",INDEX('Final Data'!$A$5:$I$50,MATCH(SMALL(IF(ISNUMBER(MATCH('Final Data'!$A$5:$A$50,'Order By Sequence'!$A$2:$A$9,0)),MATCH('Final Data'!$A$5:$A$50,'Order By Sequence'!$A$2:$A$9,0)),ROW(E46:M46)),IF(ISNUMBER(MATCH('Final Data'!$A$5:$A$50,'Order By Sequence'!$A$2:$A$9,0)),MATCH('Final Data'!$A$5:$A$50,'Order By Sequence'!$A$2:$A$9,0),0),0),COLUMN(E46:M46)))} | F50: {=IF('Final Data'!F50="","",INDEX('Final Data'!$A$5:$I$50,MATCH(SMALL(IF(ISNUMBER(MATCH('Final Data'!$A$5:$A$50,'Order By Sequence'!$A$2:$A$9,0)),MATCH('Final Data'!$A$5:$A$50,'Order By Sequence'!$A$2:$A$9,0)),ROW(F46:N46)),IF(ISNUMBER(MATCH('Final Data'!$A$5:$A$50,'Order By Sequence'!$A$2:$A$9,0)),MATCH('Final Data'!$A$5:$A$50,'Order By Sequence'!$A$2:$A$9,0),0),0),COLUMN(F46:N46)))} | G50: {=IF('Final Data'!G50="","",INDEX('Final Data'!$A$5:$I$50,MATCH(SMALL(IF(ISNUMBER(MATCH('Final Data'!$A$5:$A$50,'Order By Sequence'!$A$2:$A$9,0)),MATCH('Final Data'!$A$5:$A$50,'Order By Sequence'!$A$2:$A$9,0)),ROW(G46:O46)),IF(ISNUMBER(MATCH('Final Data'!$A$5:$A$50,'Order By Sequence'!$A$2:$A$9,0)),MATCH('Final Data'!$A$5:$A$50,'Order By Sequence'!$A$2:$A$9,0),0),0),COLUMN(G46:O46)))} | H50: {=IF('Final Data'!H50="","",INDEX('Final Data'!$A$5:$I$50,MATCH(SMALL(IF(ISNUMBER(MATCH('Final Data'!$A$5:$A$50,'Order By Sequence'!$A$2:$A$9,0)),MATCH('Final Data'!$A$5:$A$50,'Order By Sequence'!$A$2:$A$9,0)),ROW(H46:P46)),IF(ISNUMBER(MATCH('Final Data'!$A$5:$A$50,'Order By Sequence'!$A$2:$A$9,0)),MATCH('Final Data'!$A$5:$A$50,'Order By Sequence'!$A$2:$A$9,0),0),0),COLUMN(H46:P46)))} | I50: {=IF('Final Data'!I50="","",INDEX('Final Data'!$A$5:$I$50,MATCH(SMALL(IF(ISNUMBER(MATCH('Final Data'!$A$5:$A$50,'Order By Sequence'!$A$2:$A$9,0)),MATCH('Final Data'!$A$5:$A$50,'Order By Sequence'!$A$2:$A$9,0)),ROW(I46:Q46)),IF(ISNUMBER(MATCH('Final Data'!$A$5:$A$50,'Order By Sequence'!$A$2:$A$9,0)),MATCH('Final Data'!$A$5:$A$50,'Order By Sequence'!$A$2:$A$9,0),0),0),COLUMN(I46:Q46)))}
