Workbook
Name Airframe: Airframe1!$A$1:$D$100
Name Airframe_New: Airframe1!$I$1:$L$100
Name Airframe_NewRev: Airframe1!$P$1:$S$100
Name Airframe_Shop_Visit_CSN: Airframe!#REF!
Name Airframe_Shop_Visit_Name: Airframe!#REF!
Name Airframe_Shop_Visit_Release_Date__h: Airframe!#REF!
Name Airframe_Shop_Visit_Start: Airframe!#REF!
Name Airframe_Shop_Visit_TSN: Airframe!#REF!
Name APU: 'APU1'!$A$1:$D$100
Name APU_Event_CSN: APU!$F$1
Name APU_Event_End_Date__h: APU!$D$1
Name APU_Event_Event_Type: APU!$A$1
Name APU_Event_Start: APU!$A$1:$F$1
Name APU_Event_TSN__00: APU!$E$1
Name APU_New: 'APU1'!$I$1:$L$100
Name APU_NewRev: 'APU1'!$P$1:$S$100
Name APU_Shop_Visit_CSN: APU!#REF!
Name APU_Shop_Visit_Name: APU!#REF!
Name APU_Shop_Visit_Release_Date__h: APU!#REF!
Name APU_Shop_Visit_Start: APU!#REF!
Name APU_Shop_Visit_TSN__00: APU!#REF!
Name Assembly_Eligible_Event.Projected_Event_Interval_2_Cycles: Airframe!$I$1
Name Assembly_Eligible_Event.Projected_Event_Interval_2_Hours: Airframe!$H$1
Name Assembly_Eligible_Event.Projected_Event_Interval_2_Months: Airframe!$G$1
Name Assembly_Eligible_Event_CSN: Airframe!$F$1
Name Assembly_Eligible_Event_End_Date__h: Airframe!$D$1
Name Assembly_Eligible_Event_End_Date__j: Airframe!#REF!
Name Assembly_Eligible_Event_Event_Type: Airframe!$A$1
Name Assembly_Eligible_Event_Start: Airframe!$A$1:$I$1
Name Assembly_Eligible_Event_TSN: Airframe!$E$1
Name Engine1: Engine11!$A$1:$D$100
Name Engine1_Event_CSN: Engine1!$F$1
Name Engine1_Event_End_Date__h: Engine1!$D$1
Name Engine1_Event_Event_Type: Engine1!$A$1
Name Engine1_Event_Start: Engine1!$A$1:$F$1
Name Engine1_Event_TSN__00: Engine1!$E$1
Name Engine1_New: Engine11!$I$1:$L$100
Name Engine1_Shop_Visit_CSN: Engine1!#REF!
Name Engine1_Shop_Visit_Name: Engine1!#REF!
Name Engine1_Shop_Visit_Release_Date__h: Engine1!#REF!
Name Engine1_Shop_Visit_Start: Engine1!#REF!
Name Engine1_Shop_Visit_TSN__00: Engine1!#REF!
Name Engine2: Engine21!$A$1:$D$100
Name Engine2_Event_CSN: Engine2!$F$1
Name Engine2_Event_End_Date__h: Engine2!$D$1
Name Engine2_Event_Event_Type: Engine2!$A$1
Name Engine2_Event_Start: Engine2!$A$1:$F$1
Name Engine2_Event_TSN__00: Engine2!$E$1
Name Engine2_New: Engine21!$I$1:$L$100
Name Engine2_Shop_Visit_CSN: Engine2!#REF!
Name Engine2_Shop_Visit_Name: Engine2!#REF!
Name Engine2_Shop_Visit_Release_Date__h: Engine2!#REF!
Name Engine2_Shop_Visit_Start: Engine2!#REF!
Name Engine2_Shop_Visit_TSN__00: Engine2!#REF!
Name Event_Type.Shop_Visit_CSN: Engine1!$F$2
Name Event_Type.Shop_Visit_Id: Engine1!$B$2
Name Event_Type.Shop_Visit_Release_Date: Engine1!$D$2
Name Event_Type.Shop_Visit_TSN__000: Engine1!$E$2
Name Event_Type_Airframe.Shop_Visit_CSN: Airframe!$F$2
Name Event_Type_Airframe.Shop_Visit_Id: Airframe!$B$2

Sheet Airframe
K1: =IF(A1="","",IF(B1="",A1,IF(B1=B2,C1&" & "&C2,""))) | L1: =IF(K1="","",D1) | M1: =IF(K1="","",E1) | N1: =IF(K1="","",F1)
K2: =IF(A2="","",IF(B2="",A2,IF(B2=B3,C2&" & "&C3,""))) | L2: =IF(K2="","",D2) | M2: =IF(K2="","",E2) | N2: =IF(K2="","",F2)
K3: =IF(A3="","",IF(B3="",A3,IF(B3=B4,C3&" & "&C4,""))) | L3: =IF(K3="","",D3) | M3: =IF(K3="","",E3) | N3: =IF(K3="","",F3)
K4: =IF(A4="","",IF(B4="",A4,IF(B4=B5,C4&" & "&C5,""))) | L4: =IF(K4="","",D4) | M4: =IF(K4="","",E4) | N4: =IF(K4="","",F4)
K5: =IF(A5="","",IF(B5="",A5,IF(B5=B6,C5&" & "&C6,""))) | L5: =IF(K5="","",D5) | M5: =IF(K5="","",E5) | N5: =IF(K5="","",F5)
K6: =IF(A6="","",IF(B6="",A6,IF(B6=B7,C6&" & "&C7,""))) | L6: =IF(K6="","",D6) | M6: =IF(K6="","",E6) | N6: =IF(K6="","",F6)
K7: =IF(A7="","",IF(B7="",A7,IF(B7=B8,C7&" & "&C8,""))) | L7: =IF(K7="","",D7) | M7: =IF(K7="","",E7) | N7: =IF(K7="","",F7)
K8: =IF(A8="","",IF(B8="",A8,IF(B8=B9,C8&" & "&C9,""))) | L8: =IF(K8="","",D8) | M8: =IF(K8="","",E8) | N8: =IF(K8="","",F8)
K9: =IF(A9="","",IF(B9="",A9,IF(B9=B10,C9&" & "&C10,""))) | L9: =IF(K9="","",D9) | M9: =IF(K9="","",E9) | N9: =IF(K9="","",F9)
K10: =IF(A10="","",IF(B10="",A10,IF(B10=B11,C10&" & "&C11,""))) | L10: =IF(K10="","",D10) | M10: =IF(K10="","",E10) | N10: =IF(K10="","",F10)
K11: =IF(A11="","",IF(B11="",A11,IF(B11=B12,C11&" & "&C12,""))) | L11: =IF(K11="","",D11) | M11: =IF(K11="","",E11) | N11: =IF(K11="","",F11)
K12: =IF(A12="","",IF(B12="",A12,IF(B12=B13,C12&" & "&C13,""))) | L12: =IF(K12="","",D12) | M12: =IF(K12="","",E12) | N12: =IF(K12="","",F12)
... K149: =IF(A149="","",IF(B149="",A149,IF(B149=B150,C149&" & "&C150,""))) | L149: =IF(K149="","",D149) | M149: =IF(K149="","",E149) | N149: =IF(K149="","",F149)
K150: =IF(A150="","",IF(B150="",A150,IF(B150=B151,C150&" & "&C151,""))) | M150: =IF(K150="","",E150) | N150: =IF(K150="","",F150)

Sheet Airframe1
A1: Type | B1: Date | C1: TSN | D1: CSN | E1: Row No | G1: Date Row No | I1: Name | J1: Date | K1: TSN | L1: CSN | P1: Name | Q1: Date | R1: TSN | S1: CSN
A2: {=IF(E2="","",IF(E2<>"",INDEX(Airframe!K:K,E2),""))} | B2: {=IF(A2="", "", IF(E2<>"", IF(INDEX(Airframe!L:L, E2)="", "", INDEX(Airframe!L:L, E2)), ""))} | C2: {=IF(A2="", "", IF(E2<>"", IF(INDEX(Airframe!M:M, E2)="", "", INDEX(Airframe!M:M, E2)), ""))} | D2: {=IF(A2="", "", IF(E2<>"", IF(INDEX(Airframe!N:N, E2)="", "", INDEX(Airframe!N:N, E2)), ""))} | E2: {=IFERROR(SMALL(IF(Airframe!K:K<>"", ROW(Airframe!K:K)), ROW()-1), "")} | G2: =IF(B2="","",COUNTIFS(B$2:B$1000,">"&B2)+COUNTIFS(B$2:B$1000,B2,A$2:A$1000,"<"&A2)+1) | I2: =IF(G2="","",INDEX(A:A, MATCH(ROW(A1), G:G, 0))) | J2: =IF(G2="","",INDEX(B:B, MATCH(ROW(A1), G:G, 0))) | K2: =IF(G2="","",INDEX(C:C, MATCH(ROW(A1), G:G, 0))) | L2: =IF(G2="","",INDEX(D:D, MATCH(ROW(A1), G:G, 0))) | P2: {=_xlfn._xlws.FILTER(Table1[], Table1[Date] = _xlfn.BYROW(Table1[Name], _xlfn.LAMBDA(_xlpm.event, _xlfn.MAXIFS(Table1[Date], Table1[Name], _xlpm.event))))} -> #VALUE!
A3: {=IF(E3="","",IF(E3<>"",INDEX(Airframe!K:K,E3),""))} | B3: {=IF(A3="", "", IF(E3<>"", IF(INDEX(Airframe!L:L, E3)="", "", INDEX(Airframe!L:L, E3)), ""))} | C3: {=IF(A3="", "", IF(E3<>"", IF(INDEX(Airframe!M:M, E3)="", "", INDEX(Airframe!M:M, E3)), ""))} | D3: {=IF(A3="", "", IF(E3<>"", IF(INDEX(Airframe!N:N, E3)="", "", INDEX(Airframe!N:N, E3)), ""))} | E3: {=IFERROR(SMALL(IF(Airframe!K:K<>"", ROW(Airframe!K:K)), ROW()-1), "")} | G3: =IF(B3="","",COUNTIFS(B$2:B$1000,">"&B3)+COUNTIFS(B$2:B$1000,B3,A$2:A$1000,"<"&A3)+1) | I3: =IF(G3="","",INDEX(A:A, MATCH(ROW(A2), G:G, 0))) | J3: =IF(G3="","",INDEX(B:B, MATCH(ROW(A2), G:G, 0))) | K3: =IF(G3="","",INDEX(C:C, MATCH(ROW(A2), G:G, 0))) | L3: =IF(G3="","",INDEX(D:D, MATCH(ROW(A2), G:G, 0)))
A4: {=IF(E4="","",IF(E4<>"",INDEX(Airframe!K:K,E4),""))} | B4: {=IF(A4="", "", IF(E4<>"", IF(INDEX(Airframe!L:L, E4)="", "", INDEX(Airframe!L:L, E4)), ""))} | C4: {=IF(A4="", "", IF(E4<>"", IF(INDEX(Airframe!M:M, E4)="", "", INDEX(Airframe!M:M, E4)), ""))} | D4: {=IF(A4="", "", IF(E4<>"", IF(INDEX(Airframe!N:N, E4)="", "", INDEX(Airframe!N:N, E4)), ""))} | E4: {=IFERROR(SMALL(IF(Airframe!K:K<>"", ROW(Airframe!K:K)), ROW()-1), "")} | G4: =IF(B4="","",COUNTIFS(B$2:B$1000,">"&B4)+COUNTIFS(B$2:B$1000,B4,A$2:A$1000,"<"&A4)+1) | I4: =IF(G4="","",INDEX(A:A, MATCH(ROW(A3), G:G, 0))) | J4: =IF(G4="","",INDEX(B:B, MATCH(ROW(A3), G:G, 0))) | K4: =IF(G4="","",INDEX(C:C, MATCH(ROW(A3), G:G, 0))) | L4: =IF(G4="","",INDEX(D:D, MATCH(ROW(A3), G:G, 0)))
A5: {=IF(E5="","",IF(E5<>"",INDEX(Airframe!K:K,E5),""))} | B5: {=IF(A5="", "", IF(E5<>"", IF(INDEX(Airframe!L:L, E5)="", "", INDEX(Airframe!L:L, E5)), ""))} | C5: {=IF(A5="", "", IF(E5<>"", IF(INDEX(Airframe!M:M, E5)="", "", INDEX(Airframe!M:M, E5)), ""))} | D5: {=IF(A5="", "", IF(E5<>"", IF(INDEX(Airframe!N:N, E5)="", "", INDEX(Airframe!N:N, E5)), ""))} | E5: {=IFERROR(SMALL(IF(Airframe!K:K<>"", ROW(Airframe!K:K)), ROW()-1), "")} | G5: =IF(B5="","",COUNTIFS(B$2:B$1000,">"&B5)+COUNTIFS(B$2:B$1000,B5,A$2:A$1000,"<"&A5)+1) | I5: =IF(G5="","",INDEX(A:A, MATCH(ROW(A4), G:G, 0))) | J5: =IF(G5="","",INDEX(B:B, MATCH(ROW(A4), G:G, 0))) | K5: =IF(G5="","",INDEX(C:C, MATCH(ROW(A4), G:G, 0))) | L5: =IF(G5="","",INDEX(D:D, MATCH(ROW(A4), G:G, 0)))
A6: {=IF(E6="","",IF(E6<>"",INDEX(Airframe!K:K,E6),""))} | B6: {=IF(A6="", "", IF(E6<>"", IF(INDEX(Airframe!L:L, E6)="", "", INDEX(Airframe!L:L, E6)), ""))} | C6: {=IF(A6="", "", IF(E6<>"", IF(INDEX(Airframe!M:M, E6)="", "", INDEX(Airframe!M:M, E6)), ""))} | D6: {=IF(A6="", "", IF(E6<>"", IF(INDEX(Airframe!N:N, E6)="", "", INDEX(Airframe!N:N, E6)), ""))} | E6: {=IFERROR(SMALL(IF(Airframe!K:K<>"", ROW(Airframe!K:K)), ROW()-1), "")} | G6: =IF(B6="","",COUNTIFS(B$2:B$1000,">"&B6)+COUNTIFS(B$2:B$1000,B6,A$2:A$1000,"<"&A6)+1) | I6: =IF(G6="","",INDEX(A:A, MATCH(ROW(A5), G:G, 0))) | J6: =IF(G6="","",INDEX(B:B, MATCH(ROW(A5), G:G, 0))) | K6: =IF(G6="","",INDEX(C:C, MATCH(ROW(A5), G:G, 0))) | L6: =IF(G6="","",INDEX(D:D, MATCH(ROW(A5), G:G, 0)))
A7: {=IF(E7="","",IF(E7<>"",INDEX(Airframe!K:K,E7),""))} | B7: {=IF(A7="", "", IF(E7<>"", IF(INDEX(Airframe!L:L, E7)="", "", INDEX(Airframe!L:L, E7)), ""))} | C7: {=IF(A7="", "", IF(E7<>"", IF(INDEX(Airframe!M:M, E7)="", "", INDEX(Airframe!M:M, E7)), ""))} | D7: {=IF(A7="", "", IF(E7<>"", IF(INDEX(Airframe!N:N, E7)="", "", INDEX(Airframe!N:N, E7)), ""))} | E7: {=IFERROR(SMALL(IF(Airframe!K:K<>"", ROW(Airframe!K:K)), ROW()-1), "")} | G7: =IF(B7="","",COUNTIFS(B$2:B$1000,">"&B7)+COUNTIFS(B$2:B$1000,B7,A$2:A$1000,"<"&A7)+1) | I7: =IF(G7="","",INDEX(A:A, MATCH(ROW(A6), G:G, 0))) | J7: =IF(G7="","",INDEX(B:B, MATCH(ROW(A6), G:G, 0))) | K7: =IF(G7="","",INDEX(C:C, MATCH(ROW(A6), G:G, 0))) | L7: =IF(G7="","",INDEX(D:D, MATCH(ROW(A6), G:G, 0)))
A8: {=IF(E8="","",IF(E8<>"",INDEX(Airframe!K:K,E8),""))} | B8: {=IF(A8="", "", IF(E8<>"", IF(INDEX(Airframe!L:L, E8)="", "", INDEX(Airframe!L:L, E8)), ""))} | C8: {=IF(A8="", "", IF(E8<>"", IF(INDEX(Airframe!M:M, E8)="", "", INDEX(Airframe!M:M, E8)), ""))} | D8: {=IF(A8="", "", IF(E8<>"", IF(INDEX(Airframe!N:N, E8)="", "", INDEX(Airframe!N:N, E8)), ""))} | E8: {=IFERROR(SMALL(IF(Airframe!K:K<>"", ROW(Airframe!K:K)), ROW()-1), "")} | G8: =IF(B8="","",COUNTIFS(B$2:B$1000,">"&B8)+COUNTIFS(B$2:B$1000,B8,A$2:A$1000,"<"&A8)+1) | I8: =IF(G8="","",INDEX(A:A, MATCH(ROW(A7), G:G, 0))) | J8: =IF(G8="","",INDEX(B:B, MATCH(ROW(A7), G:G, 0))) | K8: =IF(G8="","",INDEX(C:C, MATCH(ROW(A7), G:G, 0))) | L8: =IF(G8="","",INDEX(D:D, MATCH(ROW(A7), G:G, 0)))
A9: {=IF(E9="","",IF(E9<>"",INDEX(Airframe!K:K,E9),""))} | B9: {=IF(A9="", "", IF(E9<>"", IF(INDEX(Airframe!L:L, E9)="", "", INDEX(Airframe!L:L, E9)), ""))} | C9: {=IF(A9="", "", IF(E9<>"", IF(INDEX(Airframe!M:M, E9)="", "", INDEX(Airframe!M:M, E9)), ""))} | D9: {=IF(A9="", "", IF(E9<>"", IF(INDEX(Airframe!N:N, E9)="", "", INDEX(Airframe!N:N, E9)), ""))} | E9: {=IFERROR(SMALL(IF(Airframe!K:K<>"", ROW(Airframe!K:K)), ROW()-1), "")} | G9: =IF(B9="","",COUNTIFS(B$2:B$1000,">"&B9)+COUNTIFS(B$2:B$1000,B9,A$2:A$1000,"<"&A9)+1) | I9: =IF(G9="","",INDEX(A:A, MATCH(ROW(A8), G:G, 0))) | J9: =IF(G9="","",INDEX(B:B, MATCH(ROW(A8), G:G, 0))) | K9: =IF(G9="","",INDEX(C:C, MATCH(ROW(A8), G:G, 0))) | L9: =IF(G9="","",INDEX(D:D, MATCH(ROW(A8), G:G, 0)))
A10: {=IF(E10="","",IF(E10<>"",INDEX(Airframe!K:K,E10),""))} | B10: {=IF(A10="", "", IF(E10<>"", IF(INDEX(Airframe!L:L, E10)="", "", INDEX(Airframe!L:L, E10)), ""))} | C10: {=IF(A10="", "", IF(E10<>"", IF(INDEX(Airframe!M:M, E10)="", "", INDEX(Airframe!M:M, E10)), ""))} | D10: {=IF(A10="", "", IF(E10<>"", IF(INDEX(Airframe!N:N, E10)="", "", INDEX(Airframe!N:N, E10)), ""))} | E10: {=IFERROR(SMALL(IF(Airframe!K:K<>"", ROW(Airframe!K:K)), ROW()-1), "")} | G10: =IF(B10="","",COUNTIFS(B$2:B$1000,">"&B10)+COUNTIFS(B$2:B$1000,B10,A$2:A$1000,"<"&A10)+1) | I10: =IF(G10="","",INDEX(A:A, MATCH(ROW(A9), G:G, 0))) | J10: =IF(G10="","",INDEX(B:B, MATCH(ROW(A9), G:G, 0))) | K10: =IF(G10="","",INDEX(C:C, MATCH(ROW(A9), G:G, 0))) | L10: =IF(G10="","",INDEX(D:D, MATCH(ROW(A9), G:G, 0)))
A11: {=IF(E11="","",IF(E11<>"",INDEX(Airframe!K:K,E11),""))} | B11: {=IF(A11="", "", IF(E11<>"", IF(INDEX(Airframe!L:L, E11)="", "", INDEX(Airframe!L:L, E11)), ""))} | C11: {=IF(A11="", "", IF(E11<>"", IF(INDEX(Airframe!M:M, E11)="", "", INDEX(Airframe!M:M, E11)), ""))} | D11: {=IF(A11="", "", IF(E11<>"", IF(INDEX(Airframe!N:N, E11)="", "", INDEX(Airframe!N:N, E11)), ""))} | E11: {=IFERROR(SMALL(IF(Airframe!K:K<>"", ROW(Airframe!K:K)), ROW()-1), "")} | G11: =IF(B11="","",COUNTIFS(B$2:B$1000,">"&B11)+COUNTIFS(B$2:B$1000,B11,A$2:A$1000,"<"&A11)+1) | I11: =IF(G11="","",INDEX(A:A, MATCH(ROW(A10), G:G, 0))) | J11: =IF(G11="","",INDEX(B:B, MATCH(ROW(A10), G:G, 0))) | K11: =IF(G11="","",INDEX(C:C, MATCH(ROW(A10), G:G, 0))) | L11: =IF(G11="","",INDEX(D:D, MATCH(ROW(A10), G:G, 0)))
A12: {=IF(E12="","",IF(E12<>"",INDEX(Airframe!K:K,E12),""))} | B12: {=IF(A12="", "", IF(E12<>"", IF(INDEX(Airframe!L:L, E12)="", "", INDEX(Airframe!L:L, E12)), ""))} | C12: {=IF(A12="", "", IF(E12<>"", IF(INDEX(Airframe!M:M, E12)="", "", INDEX(Airframe!M:M, E12)), ""))} | D12: {=IF(A12="", "", IF(E12<>"", IF(INDEX(Airframe!N:N, E12)="", "", INDEX(Airframe!N:N, E12)), ""))} | E12: {=IFERROR(SMALL(IF(Airframe!K:K<>"", ROW(Airframe!K:K)), ROW()-1), "")} | G12: =IF(B12="","",COUNTIFS(B$2:B$1000,">"&B12)+COUNTIFS(B$2:B$1000,B12,A$2:A$1000,"<"&A12)+1) | I12: =IF(G12="","",INDEX(A:A, MATCH(ROW(A11), G:G, 0))) | J12: =IF(G12="","",INDEX(B:B, MATCH(ROW(A11), G:G, 0))) | K12: =IF(G12="","",INDEX(C:C, MATCH(ROW(A11), G:G, 0))) | L12: =IF(G12="","",INDEX(D:D, MATCH(ROW(A11), G:G, 0)))
A13: {=IF(E13="","",IF(E13<>"",INDEX(Airframe!K:K,E13),""))} | B13: {=IF(A13="", "", IF(E13<>"", IF(INDEX(Airframe!L:L, E13)="", "", INDEX(Airframe!L:L, E13)), ""))} | C13: {=IF(A13="", "", IF(E13<>"", IF(INDEX(Airframe!M:M, E13)="", "", INDEX(Airframe!M:M, E13)), ""))} | D13: {=IF(A13="", "", IF(E13<>"", IF(INDEX(Airframe!N:N, E13)="", "", INDEX(Airframe!N:N, E13)), ""))} | E13: {=IFERROR(SMALL(IF(Airframe!K:K<>"", ROW(Airframe!K:K)), ROW()-1), "")} | G13: =IF(B13="","",COUNTIFS(B$2:B$1000,">"&B13)+COUNTIFS(B$2:B$1000,B13,A$2:A$1000,"<"&A13)+1) | I13: =IF(G13="","",INDEX(A:A, MATCH(ROW(A12), G:G, 0))) | J13: =IF(G13="","",INDEX(B:B, MATCH(ROW(A12), G:G, 0))) | K13: =IF(G13="","",INDEX(C:C, MATCH(ROW(A12), G:G, 0))) | L13: =IF(G13="","",INDEX(D:D, MATCH(ROW(A12), G:G, 0)))
A14: {=IF(E14="","",IF(E14<>"",INDEX(Airframe!K:K,E14),""))} | B14: {=IF(A14="", "", IF(E14<>"", IF(INDEX(Airframe!L:L, E14)="", "", INDEX(Airframe!L:L, E14)), ""))} | C14: {=IF(A14="", "", IF(E14<>"", IF(INDEX(Airframe!M:M, E14)="", "", INDEX(Airframe!M:M, E14)), ""))} | D14: {=IF(A14="", "", IF(E14<>"", IF(INDEX(Airframe!N:N, E14)="", "", INDEX(Airframe!N:N, E14)), ""))} | E14: {=IFERROR(SMALL(IF(Airframe!K:K<>"", ROW(Airframe!K:K)), ROW()-1), "")} | G14: =IF(B14="","",COUNTIFS(B$2:B$1000,">"&B14)+COUNTIFS(B$2:B$1000,B14,A$2:A$1000,"<"&A14)+1) | I14: =IF(G14="","",INDEX(A:A, MATCH(ROW(A13), G:G, 0))) | J14: =IF(G14="","",INDEX(B:B, MATCH(ROW(A13), G:G, 0))) | K14: =IF(G14="","",INDEX(C:C, MATCH(ROW(A13), G:G, 0))) | L14: =IF(G14="","",INDEX(D:D, MATCH(ROW(A13), G:G, 0)))
... A100: {=IF(E100="","",IF(E100<>"",INDEX(Airframe!K:K,E100),""))} | B100: {=IF(A100="", "", IF(E100<>"", IF(INDEX(Airframe!L:L, E100)="", "", INDEX(Airframe!L:L, E100)), ""))} | C100: {=IF(A100="", "", IF(E100<>"", IF(INDEX(Airframe!M:M, E100)="", "", INDEX(Airframe!M:M, E100)), ""))} | D100: {=IF(A100="", "", IF(E100<>"", IF(INDEX(Airframe!N:N, E100)="", "", INDEX(Airframe!N:N, E100)), ""))} | E100: {=IFERROR(SMALL(IF(Airframe!K:K<>"", ROW(Airframe!K:K)), ROW()-1), "")} | G100: =IF(B100="","",COUNTIFS(B$2:B$1000,">"&B100)+COUNTIFS(B$2:B$1000,B100,A$2:A$1000,"<"&A100)+1) | I100: =IF(G100="","",INDEX(A:A, MATCH(ROW(A99), G:G, 0))) | J100: =IF(G100="","",INDEX(B:B, MATCH(ROW(A99), G:G, 0))) | K100: =IF(G100="","",INDEX(C:C, MATCH(ROW(A99), G:G, 0))) | L100: =IF(G100="","",INDEX(D:D, MATCH(ROW(A99), G:G, 0)))

Sheet Sheet1

Sheet Engine1
H1: =IF(A1="","",IF(B1="",A1,IF(B1=B2,C1&" & "&C2,""))) | I1: =IF(H1="","",D1) | J1: =IF(H1="","",E1) | K1: =IF(H1="","",F1)
H2: =IF(A2="","",IF(B2="",A2,IF(B2=B3,C2&" & "&C3,""))) | I2: =IF(H2="","",D2) | J2: =IF(H2="","",E2) | K2: =IF(H2="","",F2)
H3: =IF(A3="","",IF(B3="",A3,IF(B3=B4,C3&" & "&C4,""))) | I3: =IF(H3="","",D3) | J3: =IF(H3="","",E3) | K3: =IF(H3="","",F3)
H4: =IF(A4="","",IF(B4="",A4,IF(B4=B5,C4&" & "&C5,""))) | I4: =IF(H4="","",D4) | J4: =IF(H4="","",E4) | K4: =IF(H4="","",F4)
H5: =IF(A5="","",IF(B5="",A5,IF(B5=B6,C5&" & "&C6,""))) | I5: =IF(H5="","",D5) | J5: =IF(H5="","",E5) | K5: =IF(H5="","",F5)
H6: =IF(A6="","",IF(B6="",A6,IF(B6=B7,C6&" & "&C7,""))) | I6: =IF(H6="","",D6) | J6: =IF(H6="","",E6) | K6: =IF(H6="","",F6)
H7: =IF(A7="","",IF(B7="",A7,IF(B7=B8,C7&" & "&C8,""))) | I7: =IF(H7="","",D7) | J7: =IF(H7="","",E7) | K7: =IF(H7="","",F7)
H8: =IF(A8="","",IF(B8="",A8,IF(B8=B9,C8&" & "&C9,""))) | I8: =IF(H8="","",D8) | J8: =IF(H8="","",E8) | K8: =IF(H8="","",F8)
H9: =IF(A9="","",IF(B9="",A9,IF(B9=B10,C9&" & "&C10,""))) | I9: =IF(H9="","",D9) | J9: =IF(H9="","",E9) | K9: =IF(H9="","",F9)
H10: =IF(A10="","",IF(B10="",A10,IF(B10=B11,C10&" & "&C11,""))) | I10: =IF(H10="","",D10) | J10: =IF(H10="","",E10) | K10: =IF(H10="","",F10)
H11: =IF(A11="","",IF(B11="",A11,IF(B11=B12,C11&" & "&C12,""))) | I11: =IF(H11="","",D11) | J11: =IF(H11="","",E11) | K11: =IF(H11="","",F11)
H12: =IF(A12="","",IF(B12="",A12,IF(B12=B13,C12&" & "&C13,""))) | I12: =IF(H12="","",D12) | J12: =IF(H12="","",E12) | K12: =IF(H12="","",F12)
... H150: =IF(A150="","",IF(B150="",A150,IF(B150=B151,C150&" & "&C151,""))) | I150: =IF(H150="","",D150) | J150: =IF(H150="","",E150) | K150: =IF(H150="","",F150)

Sheet Engine11
A1: Name | B1: Date | C1: TSN | D1: CSN | E1: Row No | G1: Date Row No | I1: Name | J1: Date | K1: TSN | L1: CSN
A2: {=IF(E2="","",IF(E2<>"",INDEX(Engine1!H:H,E2),""))} | B2: {=IF(A2="", "", IF(E2<>"", IF(INDEX(Engine1!I:I, E2)="", "", INDEX(Engine1!I:I, E2)), ""))} | C2: {=IF(A2="", "", IF(E2<>"", IF(INDEX(Engine1!J:J, E2)="", "", INDEX(Engine1!J:J, E2)), ""))} | D2: {=IF(A2="", "", IF(E2<>"", IF(INDEX(Engine1!K:K, E2)="", "", INDEX(Engine1!K:K, E2)), ""))} | E2: {=IFERROR(SMALL(IF(Engine1!H:H<>"", ROW(Engine1!H:H)), ROW()-1), "")} | G2: =IF(B2="","",COUNTIFS(B$2:B$1000,">"&B2)+COUNTIFS(B$2:B$1000,B2,A$2:A$1000,"<"&A2)+1) | I2: =IF(G2="","",INDEX(A:A, MATCH(ROW(A1), G:G, 0))) | J2: =IF(G2="","",INDEX(B:B, MATCH(ROW(A1), G:G, 0))) | K2: =IF(G2="","",INDEX(C:C, MATCH(ROW(A1), G:G, 0))) | L2: =IF(G2="","",INDEX(D:D, MATCH(ROW(A1), G:G, 0)))
A3: {=IF(E3="","",IF(E3<>"",INDEX(Engine1!H:H,E3),""))} | B3: {=IF(A3="", "", IF(E3<>"", IF(INDEX(Engine1!I:I, E3)="", "", INDEX(Engine1!I:I, E3)), ""))} | C3: {=IF(A3="", "", IF(E3<>"", IF(INDEX(Engine1!J:J, E3)="", "", INDEX(Engine1!J:J, E3)), ""))} | D3: {=IF(A3="", "", IF(E3<>"", IF(INDEX(Engine1!K:K, E3)="", "", INDEX(Engine1!K:K, E3)), ""))} | E3: {=IFERROR(SMALL(IF(Engine1!H:H<>"", ROW(Engine1!H:H)), ROW()-1), "")} | G3: =IF(B3="","",COUNTIFS(B$2:B$1000,">"&B3)+COUNTIFS(B$2:B$1000,B3,A$2:A$1000,"<"&A3)+1) | I3: =IF(G3="","",INDEX(A:A, MATCH(ROW(A2), G:G, 0))) | J3: =IF(G3="","",INDEX(B:B, MATCH(ROW(A2), G:G, 0))) | K3: =IF(G3="","",INDEX(C:C, MATCH(ROW(A2), G:G, 0))) | L3: =IF(G3="","",INDEX(D:D, MATCH(ROW(A2), G:G, 0)))
A4: {=IF(E4="","",IF(E4<>"",INDEX(Engine1!H:H,E4),""))} | B4: {=IF(A4="", "", IF(E4<>"", IF(INDEX(Engine1!I:I, E4)="", "", INDEX(Engine1!I:I, E4)), ""))} | C4: {=IF(A4="", "", IF(E4<>"", IF(INDEX(Engine1!J:J, E4)="", "", INDEX(Engine1!J:J, E4)), ""))} | D4: {=IF(A4="", "", IF(E4<>"", IF(INDEX(Engine1!K:K, E4)="", "", INDEX(Engine1!K:K, E4)), ""))} | E4: {=IFERROR(SMALL(IF(Engine1!H:H<>"", ROW(Engine1!H:H)), ROW()-1), "")} | G4: =IF(B4="","",COUNTIFS(B$2:B$1000,">"&B4)+COUNTIFS(B$2:B$1000,B4,A$2:A$1000,"<"&A4)+1) | I4: =IF(G4="","",INDEX(A:A, MATCH(ROW(A3), G:G, 0))) | J4: =IF(G4="","",INDEX(B:B, MATCH(ROW(A3), G:G, 0))) | K4: =IF(G4="","",INDEX(C:C, MATCH(ROW(A3), G:G, 0))) | L4: =IF(G4="","",INDEX(D:D, MATCH(ROW(A3), G:G, 0)))
A5: {=IF(E5="","",IF(E5<>"",INDEX(Engine1!H:H,E5),""))} | B5: {=IF(A5="", "", IF(E5<>"", IF(INDEX(Engine1!I:I, E5)="", "", INDEX(Engine1!I:I, E5)), ""))} | C5: {=IF(A5="", "", IF(E5<>"", IF(INDEX(Engine1!J:J, E5)="", "", INDEX(Engine1!J:J, E5)), ""))} | D5: {=IF(A5="", "", IF(E5<>"", IF(INDEX(Engine1!K:K, E5)="", "", INDEX(Engine1!K:K, E5)), ""))} | E5: {=IFERROR(SMALL(IF(Engine1!H:H<>"", ROW(Engine1!H:H)), ROW()-1), "")} | G5: =IF(B5="","",COUNTIFS(B$2:B$1000,">"&B5)+COUNTIFS(B$2:B$1000,B5,A$2:A$1000,"<"&A5)+1) | I5: =IF(G5="","",INDEX(A:A, MATCH(ROW(A4), G:G, 0))) | J5: =IF(G5="","",INDEX(B:B, MATCH(ROW(A4), G:G, 0))) | K5: =IF(G5="","",INDEX(C:C, MATCH(ROW(A4), G:G, 0))) | L5: =IF(G5="","",INDEX(D:D, MATCH(ROW(A4), G:G, 0)))
A6: {=IF(E6="","",IF(E6<>"",INDEX(Engine1!H:H,E6),""))} | B6: {=IF(A6="", "", IF(E6<>"", IF(INDEX(Engine1!I:I, E6)="", "", INDEX(Engine1!I:I, E6)), ""))} | C6: {=IF(A6="", "", IF(E6<>"", IF(INDEX(Engine1!J:J, E6)="", "", INDEX(Engine1!J:J, E6)), ""))} | D6: {=IF(A6="", "", IF(E6<>"", IF(INDEX(Engine1!K:K, E6)="", "", INDEX(Engine1!K:K, E6)), ""))} | E6: {=IFERROR(SMALL(IF(Engine1!H:H<>"", ROW(Engine1!H:H)), ROW()-1), "")} | G6: =IF(B6="","",COUNTIFS(B$2:B$1000,">"&B6)+COUNTIFS(B$2:B$1000,B6,A$2:A$1000,"<"&A6)+1) | I6: =IF(G6="","",INDEX(A:A, MATCH(ROW(A5), G:G, 0))) | J6: =IF(G6="","",INDEX(B:B, MATCH(ROW(A5), G:G, 0))) | K6: =IF(G6="","",INDEX(C:C, MATCH(ROW(A5), G:G, 0))) | L6: =IF(G6="","",INDEX(D:D, MATCH(ROW(A5), G:G, 0)))
A7: {=IF(E7="","",IF(E7<>"",INDEX(Engine1!H:H,E7),""))} | B7: {=IF(A7="", "", IF(E7<>"", IF(INDEX(Engine1!I:I, E7)="", "", INDEX(Engine1!I:I, E7)), ""))} | C7: {=IF(A7="", "", IF(E7<>"", IF(INDEX(Engine1!J:J, E7)="", "", INDEX(Engine1!J:J, E7)), ""))} | D7: {=IF(A7="", "", IF(E7<>"", IF(INDEX(Engine1!K:K, E7)="", "", INDEX(Engine1!K:K, E7)), ""))} | E7: {=IFERROR(SMALL(IF(Engine1!H:H<>"", ROW(Engine1!H:H)), ROW()-1), "")} | G7: =IF(B7="","",COUNTIFS(B$2:B$1000,">"&B7)+COUNTIFS(B$2:B$1000,B7,A$2:A$1000,"<"&A7)+1) | I7: =IF(G7="","",INDEX(A:A, MATCH(ROW(A6), G:G, 0))) | J7: =IF(G7="","",INDEX(B:B, MATCH(ROW(A6), G:G, 0))) | K7: =IF(G7="","",INDEX(C:C, MATCH(ROW(A6), G:G, 0))) | L7: =IF(G7="","",INDEX(D:D, MATCH(ROW(A6), G:G, 0)))
A8: {=IF(E8="","",IF(E8<>"",INDEX(Engine1!H:H,E8),""))} | B8: {=IF(A8="", "", IF(E8<>"", IF(INDEX(Engine1!I:I, E8)="", "", INDEX(Engine1!I:I, E8)), ""))} | C8: {=IF(A8="", "", IF(E8<>"", IF(INDEX(Engine1!J:J, E8)="", "", INDEX(Engine1!J:J, E8)), ""))} | D8: {=IF(A8="", "", IF(E8<>"", IF(INDEX(Engine1!K:K, E8)="", "", INDEX(Engine1!K:K, E8)), ""))} | E8: {=IFERROR(SMALL(IF(Engine1!H:H<>"", ROW(Engine1!H:H)), ROW()-1), "")} | G8: =IF(B8="","",COUNTIFS(B$2:B$1000,">"&B8)+COUNTIFS(B$2:B$1000,B8,A$2:A$1000,"<"&A8)+1) | I8: =IF(G8="","",INDEX(A:A, MATCH(ROW(A7), G:G, 0))) | J8: =IF(G8="","",INDEX(B:B, MATCH(ROW(A7), G:G, 0))) | K8: =IF(G8="","",INDEX(C:C, MATCH(ROW(A7), G:G, 0))) | L8: =IF(G8="","",INDEX(D:D, MATCH(ROW(A7), G:G, 0)))
A9: {=IF(E9="","",IF(E9<>"",INDEX(Engine1!H:H,E9),""))} | B9: {=IF(A9="", "", IF(E9<>"", IF(INDEX(Engine1!I:I, E9)="", "", INDEX(Engine1!I:I, E9)), ""))} | C9: {=IF(A9="", "", IF(E9<>"", IF(INDEX(Engine1!J:J, E9)="", "", INDEX(Engine1!J:J, E9)), ""))} | D9: {=IF(A9="", "", IF(E9<>"", IF(INDEX(Engine1!K:K, E9)="", "", INDEX(Engine1!K:K, E9)), ""))} | E9: {=IFERROR(SMALL(IF(Engine1!H:H<>"", ROW(Engine1!H:H)), ROW()-1), "")} | G9: =IF(B9="","",COUNTIFS(B$2:B$1000,">"&B9)+COUNTIFS(B$2:B$1000,B9,A$2:A$1000,"<"&A9)+1) | I9: =IF(G9="","",INDEX(A:A, MATCH(ROW(A8), G:G, 0))) | J9: =IF(G9="","",INDEX(B:B, MATCH(ROW(A8), G:G, 0))) | K9: =IF(G9="","",INDEX(C:C, MATCH(ROW(A8), G:G, 0))) | L9: =IF(G9="","",INDEX(D:D, MATCH(ROW(A8), G:G, 0)))
A10: {=IF(E10="","",IF(E10<>"",INDEX(Engine1!H:H,E10),""))} | B10: {=IF(A10="", "", IF(E10<>"", IF(INDEX(Engine1!I:I, E10)="", "", INDEX(Engine1!I:I, E10)), ""))} | C10: {=IF(A10="", "", IF(E10<>"", IF(INDEX(Engine1!J:J, E10)="", "", INDEX(Engine1!J:J, E10)), ""))} | D10: {=IF(A10="", "", IF(E10<>"", IF(INDEX(Engine1!K:K, E10)="", "", INDEX(Engine1!K:K, E10)), ""))} | E10: {=IFERROR(SMALL(IF(Engine1!H:H<>"", ROW(Engine1!H:H)), ROW()-1), "")} | G10: =IF(B10="","",COUNTIFS(B$2:B$1000,">"&B10)+COUNTIFS(B$2:B$1000,B10,A$2:A$1000,"<"&A10)+1) | I10: =IF(G10="","",INDEX(A:A, MATCH(ROW(A9), G:G, 0))) | J10: =IF(G10="","",INDEX(B:B, MATCH(ROW(A9), G:G, 0))) | K10: =IF(G10="","",INDEX(C:C, MATCH(ROW(A9), G:G, 0))) | L10: =IF(G10="","",INDEX(D:D, MATCH(ROW(A9), G:G, 0)))
A11: {=IF(E11="","",IF(E11<>"",INDEX(Engine1!H:H,E11),""))} | B11: {=IF(A11="", "", IF(E11<>"", IF(INDEX(Engine1!I:I, E11)="", "", INDEX(Engine1!I:I, E11)), ""))} | C11: {=IF(A11="", "", IF(E11<>"", IF(INDEX(Engine1!J:J, E11)="", "", INDEX(Engine1!J:J, E11)), ""))} | D11: {=IF(A11="", "", IF(E11<>"", IF(INDEX(Engine1!K:K, E11)="", "", INDEX(Engine1!K:K, E11)), ""))} | E11: {=IFERROR(SMALL(IF(Engine1!H:H<>"", ROW(Engine1!H:H)), ROW()-1), "")} | G11: =IF(B11="","",COUNTIFS(B$2:B$1000,">"&B11)+COUNTIFS(B$2:B$1000,B11,A$2:A$1000,"<"&A11)+1) | I11: =IF(G11="","",INDEX(A:A, MATCH(ROW(A10), G:G, 0))) | J11: =IF(G11="","",INDEX(B:B, MATCH(ROW(A10), G:G, 0))) | K11: =IF(G11="","",INDEX(C:C, MATCH(ROW(A10), G:G, 0))) | L11: =IF(G11="","",INDEX(D:D, MATCH(ROW(A10), G:G, 0)))
A12: {=IF(E12="","",IF(E12<>"",INDEX(Engine1!H:H,E12),""))} | B12: {=IF(A12="", "", IF(E12<>"", IF(INDEX(Engine1!I:I, E12)="", "", INDEX(Engine1!I:I, E12)), ""))} | C12: {=IF(A12="", "", IF(E12<>"", IF(INDEX(Engine1!J:J, E12)="", "", INDEX(Engine1!J:J, E12)), ""))} | D12: {=IF(A12="", "", IF(E12<>"", IF(INDEX(Engine1!K:K, E12)="", "", INDEX(Engine1!K:K, E12)), ""))} | E12: {=IFERROR(SMALL(IF(Engine1!H:H<>"", ROW(Engine1!H:H)), ROW()-1), "")} | G12: =IF(B12="","",COUNTIFS(B$2:B$1000,">"&B12)+COUNTIFS(B$2:B$1000,B12,A$2:A$1000,"<"&A12)+1) | I12: =IF(G12="","",INDEX(A:A, MATCH(ROW(A11), G:G, 0))) | J12: =IF(G12="","",INDEX(B:B, MATCH(ROW(A11), G:G, 0))) | K12: =IF(G12="","",INDEX(C:C, MATCH(ROW(A11), G:G, 0))) | L12: =IF(G12="","",INDEX(D:D, MATCH(ROW(A11), G:G, 0)))
A13: {=IF(E13="","",IF(E13<>"",INDEX(Engine1!H:H,E13),""))} | B13: {=IF(A13="", "", IF(E13<>"", IF(INDEX(Engine1!I:I, E13)="", "", INDEX(Engine1!I:I, E13)), ""))} | C13: {=IF(A13="", "", IF(E13<>"", IF(INDEX(Engine1!J:J, E13)="", "", INDEX(Engine1!J:J, E13)), ""))} | D13: {=IF(A13="", "", IF(E13<>"", IF(INDEX(Engine1!K:K, E13)="", "", INDEX(Engine1!K:K, E13)), ""))} | E13: {=IFERROR(SMALL(IF(Engine1!H:H<>"", ROW(Engine1!H:H)), ROW()-1), "")} | G13: =IF(B13="","",COUNTIFS(B$2:B$1000,">"&B13)+COUNTIFS(B$2:B$1000,B13,A$2:A$1000,"<"&A13)+1) | I13: =IF(G13="","",INDEX(A:A, MATCH(ROW(A12), G:G, 0))) | J13: =IF(G13="","",INDEX(B:B, MATCH(ROW(A12), G:G, 0))) | K13: =IF(G13="","",INDEX(C:C, MATCH(ROW(A12), G:G, 0))) | L13: =IF(G13="","",INDEX(D:D, MATCH(ROW(A12), G:G, 0)))
... A100: {=IF(E100="","",IF(E100<>"",INDEX(Engine1!H:H,E100),""))} | B100: {=IF(A100="", "", IF(E100<>"", IF(INDEX(Engine1!I:I, E100)="", "", INDEX(Engine1!I:I, E100)), ""))} | C100: {=IF(A100="", "", IF(E100<>"", IF(INDEX(Engine1!J:J, E100)="", "", INDEX(Engine1!J:J, E100)), ""))} | D100: {=IF(A100="", "", IF(E100<>"", IF(INDEX(Engine1!K:K, E100)="", "", INDEX(Engine1!K:K, E100)), ""))} | E100: {=IFERROR(SMALL(IF(Engine1!H:H<>"", ROW(Engine1!H:H)), ROW()-1), "")} | G100: =IF(B100="","",COUNTIFS(B$2:B$1000,">"&B100)+COUNTIFS(B$2:B$1000,B100,A$2:A$1000,"<"&A100)+1) | I100: =IF(G100="","",INDEX(A:A, MATCH(ROW(A99), G:G, 0))) | J100: =IF(G100="","",INDEX(B:B, MATCH(ROW(A99), G:G, 0))) | K100: =IF(G100="","",INDEX(C:C, MATCH(ROW(A99), G:G, 0))) | L100: =IF(G100="","",INDEX(D:D, MATCH(ROW(A99), G:G, 0)))

Sheet Engine2
H1: =IF(A1="","",IF(B1="",A1,IF(B1=B2,C1&" & "&C2,""))) | I1: =IF(H1="","",D1) | J1: =IF(H1="","",E1) | K1: =IF(H1="","",F1)
H2: =IF(A2="","",IF(B2="",A2,IF(B2=B3,C2&" & "&C3,""))) | I2: =IF(H2="","",D2) | J2: =IF(H2="","",E2) | K2: =IF(H2="","",F2)
H3: =IF(A3="","",IF(B3="",A3,IF(B3=B4,C3&" & "&C4,""))) | I3: =IF(H3="","",D3) | J3: =IF(H3="","",E3) | K3: =IF(H3="","",F3)
H4: =IF(A4="","",IF(B4="",A4,IF(B4=B5,C4&" & "&C5,""))) | I4: =IF(H4="","",D4) | J4: =IF(H4="","",E4) | K4: =IF(H4="","",F4)
H5: =IF(A5="","",IF(B5="",A5,IF(B5=B6,C5&" & "&C6,""))) | I5: =IF(H5="","",D5) | J5: =IF(H5="","",E5) | K5: =IF(H5="","",F5)
H6: =IF(A6="","",IF(B6="",A6,IF(B6=B7,C6&" & "&C7,""))) | I6: =IF(H6="","",D6) | J6: =IF(H6="","",E6) | K6: =IF(H6="","",F6)
H7: =IF(A7="","",IF(B7="",A7,IF(B7=B8,C7&" & "&C8,""))) | I7: =IF(H7="","",D7) | J7: =IF(H7="","",E7) | K7: =IF(H7="","",F7)
H8: =IF(A8="","",IF(B8="",A8,IF(B8=B9,C8&" & "&C9,""))) | I8: =IF(H8="","",D8) | J8: =IF(H8="","",E8) | K8: =IF(H8="","",F8)
H9: =IF(A9="","",IF(B9="",A9,IF(B9=B10,C9&" & "&C10,""))) | I9: =IF(H9="","",D9) | J9: =IF(H9="","",E9) | K9: =IF(H9="","",F9)
H10: =IF(A10="","",IF(B10="",A10,IF(B10=B11,C10&" & "&C11,""))) | I10: =IF(H10="","",D10) | J10: =IF(H10="","",E10) | K10: =IF(H10="","",F10)
H11: =IF(A11="","",IF(B11="",A11,IF(B11=B12,C11&" & "&C12,""))) | I11: =IF(H11="","",D11) | J11: =IF(H11="","",E11) | K11: =IF(H11="","",F11)
H12: =IF(A12="","",IF(B12="",A12,IF(B12=B13,C12&" & "&C13,""))) | I12: =IF(H12="","",D12) | J12: =IF(H12="","",E12) | K12: =IF(H12="","",F12)
... H150: =IF(A150="","",IF(B150="",A150,IF(B150=B151,C150&" & "&C151,""))) | I150: =IF(H150="","",D150) | J150: =IF(H150="","",E150) | K150: =IF(H150="","",F150)

Sheet Engine21
A1: Name | B1: Date | C1: TSN | D1: CSN | E1: Row No | G1: Date Row No | I1: Name | J1: Date | K1: TSN | L1: CSN
A2: {=IF(E2="","",IF(E2<>"",INDEX(Engine2!H:H,E2),""))} | B2: {=IF(A2="", "", IF(E2<>"", IF(INDEX(Engine2!I:I, E2)="", "", INDEX(Engine2!I:I, E2)), ""))} | C2: {=IF(A2="", "", IF(E2<>"", IF(INDEX(Engine2!J:J, E2)="", "", INDEX(Engine2!J:J, E2)), ""))} | D2: {=IF(A2="", "", IF(E2<>"", IF(INDEX(Engine2!K:K, E2)="", "", INDEX(Engine2!K:K, E2)), ""))} | E2: {=IFERROR(SMALL(IF(Engine2!H:H<>"", ROW(Engine2!H:H)), ROW()-1), "")} | G2: =IF(B2="","",COUNTIFS(B$2:B$1000,">"&B2)+COUNTIFS(B$2:B$1000,B2,A$2:A$1000,"<"&A2)+1) | I2: =IF(G2="","",INDEX(A:A, MATCH(ROW(A1), G:G, 0))) | J2: =IF(G2="","",INDEX(B:B, MATCH(ROW(A1), G:G, 0))) | K2: =IF(G2="","",INDEX(C:C, MATCH(ROW(A1), G:G, 0))) | L2: =IF(G2="","",INDEX(D:D, MATCH(ROW(A1), G:G, 0)))
A3: {=IF(E3="","",IF(E3<>"",INDEX(Engine2!H:H,E3),""))} | B3: {=IF(A3="", "", IF(E3<>"", IF(INDEX(Engine2!I:I, E3)="", "", INDEX(Engine2!I:I, E3)), ""))} | C3: {=IF(A3="", "", IF(E3<>"", IF(INDEX(Engine2!J:J, E3)="", "", INDEX(Engine2!J:J, E3)), ""))} | D3: {=IF(A3="", "", IF(E3<>"", IF(INDEX(Engine2!K:K, E3)="", "", INDEX(Engine2!K:K, E3)), ""))} | E3: {=IFERROR(SMALL(IF(Engine2!H:H<>"", ROW(Engine2!H:H)), ROW()-1), "")} | G3: =IF(B3="","",COUNTIFS(B$2:B$1000,">"&B3)+COUNTIFS(B$2:B$1000,B3,A$2:A$1000,"<"&A3)+1) | I3: =IF(G3="","",INDEX(A:A, MATCH(ROW(A2), G:G, 0))) | J3: =IF(G3="","",INDEX(B:B, MATCH(ROW(A2), G:G, 0))) | K3: =IF(G3="","",INDEX(C:C, MATCH(ROW(A2), G:G, 0))) | L3: =IF(G3="","",INDEX(D:D, MATCH(ROW(A2), G:G, 0)))
A4: {=IF(E4="","",IF(E4<>"",INDEX(Engine2!H:H,E4),""))} | B4: {=IF(A4="", "", IF(E4<>"", IF(INDEX(Engine2!I:I, E4)="", "", INDEX(Engine2!I:I, E4)), ""))} | C4: {=IF(A4="", "", IF(E4<>"", IF(INDEX(Engine2!J:J, E4)="", "", INDEX(Engine2!J:J, E4)), ""))} | D4: {=IF(A4="", "", IF(E4<>"", IF(INDEX(Engine2!K:K, E4)="", "", INDEX(Engine2!K:K, E4)), ""))} | E4: {=IFERROR(SMALL(IF(Engine2!H:H<>"", ROW(Engine2!H:H)), ROW()-1), "")} | G4: =IF(B4="","",COUNTIFS(B$2:B$1000,">"&B4)+COUNTIFS(B$2:B$1000,B4,A$2:A$1000,"<"&A4)+1) | I4: =IF(G4="","",INDEX(A:A, MATCH(ROW(A3), G:G, 0))) | J4: =IF(G4="","",INDEX(B:B, MATCH(ROW(A3), G:G, 0))) | K4: =IF(G4="","",INDEX(C:C, MATCH(ROW(A3), G:G, 0))) | L4: =IF(G4="","",INDEX(D:D, MATCH(ROW(A3), G:G, 0)))
A5: {=IF(E5="","",IF(E5<>"",INDEX(Engine2!H:H,E5),""))} | B5: {=IF(A5="", "", IF(E5<>"", IF(INDEX(Engine2!I:I, E5)="", "", INDEX(Engine2!I:I, E5)), ""))} | C5: {=IF(A5="", "", IF(E5<>"", IF(INDEX(Engine2!J:J, E5)="", "", INDEX(Engine2!J:J, E5)), ""))} | D5: {=IF(A5="", "", IF(E5<>"", IF(INDEX(Engine2!K:K, E5)="", "", INDEX(Engine2!K:K, E5)), ""))} | E5: {=IFERROR(SMALL(IF(Engine2!H:H<>"", ROW(Engine2!H:H)), ROW()-1), "")} | G5: =IF(B5="","",COUNTIFS(B$2:B$1000,">"&B5)+COUNTIFS(B$2:B$1000,B5,A$2:A$1000,"<"&A5)+1) | I5: =IF(G5="","",INDEX(A:A, MATCH(ROW(A4), G:G, 0))) | J5: =IF(G5="","",INDEX(B:B, MATCH(ROW(A4), G:G, 0))) | K5: =IF(G5="","",INDEX(C:C, MATCH(ROW(A4), G:G, 0))) | L5: =IF(G5="","",INDEX(D:D, MATCH(ROW(A4), G:G, 0)))
A6: {=IF(E6="","",IF(E6<>"",INDEX(Engine2!H:H,E6),""))} | B6: {=IF(A6="", "", IF(E6<>"", IF(INDEX(Engine2!I:I, E6)="", "", INDEX(Engine2!I:I, E6)), ""))} | C6: {=IF(A6="", "", IF(E6<>"", IF(INDEX(Engine2!J:J, E6)="", "", INDEX(Engine2!J:J, E6)), ""))} | D6: {=IF(A6="", "", IF(E6<>"", IF(INDEX(Engine2!K:K, E6)="", "", INDEX(Engine2!K:K, E6)), ""))} | E6: {=IFERROR(SMALL(IF(Engine2!H:H<>"", ROW(Engine2!H:H)), ROW()-1), "")} | G6: =IF(B6="","",COUNTIFS(B$2:B$1000,">"&B6)+COUNTIFS(B$2:B$1000,B6,A$2:A$1000,"<"&A6)+1) | I6: =IF(G6="","",INDEX(A:A, MATCH(ROW(A5), G:G, 0))) | J6: =IF(G6="","",INDEX(B:B, MATCH(ROW(A5), G:G, 0))) | K6: =IF(G6="","",INDEX(C:C, MATCH(ROW(A5), G:G, 0))) | L6: =IF(G6="","",INDEX(D:D, MATCH(ROW(A5), G:G, 0)))
A7: {=IF(E7="","",IF(E7<>"",INDEX(Engine2!H:H,E7),""))} | B7: {=IF(A7="", "", IF(E7<>"", IF(INDEX(Engine2!I:I, E7)="", "", INDEX(Engine2!I:I, E7)), ""))} | C7: {=IF(A7="", "", IF(E7<>"", IF(INDEX(Engine2!J:J, E7)="", "", INDEX(Engine2!J:J, E7)), ""))} | D7: {=IF(A7="", "", IF(E7<>"", IF(INDEX(Engine2!K:K, E7)="", "", INDEX(Engine2!K:K, E7)), ""))} | E7: {=IFERROR(SMALL(IF(Engine2!H:H<>"", ROW(Engine2!H:H)), ROW()-1), "")} | G7: =IF(B7="","",COUNTIFS(B$2:B$1000,">"&B7)+COUNTIFS(B$2:B$1000,B7,A$2:A$1000,"<"&A7)+1) | I7: =IF(G7="","",INDEX(A:A, MATCH(ROW(A6), G:G, 0))) | J7: =IF(G7="","",INDEX(B:B, MATCH(ROW(A6), G:G, 0))) | K7: =IF(G7="","",INDEX(C:C, MATCH(ROW(A6), G:G, 0))) | L7: =IF(G7="","",INDEX(D:D, MATCH(ROW(A6), G:G, 0)))
A8: {=IF(E8="","",IF(E8<>"",INDEX(Engine2!H:H,E8),""))} | B8: {=IF(A8="", "", IF(E8<>"", IF(INDEX(Engine2!I:I, E8)="", "", INDEX(Engine2!I:I, E8)), ""))} | C8: {=IF(A8="", "", IF(E8<>"", IF(INDEX(Engine2!J:J, E8)="", "", INDEX(Engine2!J:J, E8)), ""))} | D8: {=IF(A8="", "", IF(E8<>"", IF(INDEX(Engine2!K:K, E8)="", "", INDEX(Engine2!K:K, E8)), ""))} | E8: {=IFERROR(SMALL(IF(Engine2!H:H<>"", ROW(Engine2!H:H)), ROW()-1), "")} | G8: =IF(B8="","",COUNTIFS(B$2:B$1000,">"&B8)+COUNTIFS(B$2:B$1000,B8,A$2:A$1000,"<"&A8)+1) | I8: =IF(G8="","",INDEX(A:A, MATCH(ROW(A7), G:G, 0))) | J8: =IF(G8="","",INDEX(B:B, MATCH(ROW(A7), G:G, 0))) | K8: =IF(G8="","",INDEX(C:C, MATCH(ROW(A7), G:G, 0))) | L8: =IF(G8="","",INDEX(D:D, MATCH(ROW(A7), G:G, 0)))
A9: {=IF(E9="","",IF(E9<>"",INDEX(Engine2!H:H,E9),""))} | B9: {=IF(A9="", "", IF(E9<>"", IF(INDEX(Engine2!I:I, E9)="", "", INDEX(Engine2!I:I, E9)), ""))} | C9: {=IF(A9="", "", IF(E9<>"", IF(INDEX(Engine2!J:J, E9)="", "", INDEX(Engine2!J:J, E9)), ""))} | D9: {=IF(A9="", "", IF(E9<>"", IF(INDEX(Engine2!K:K, E9)="", "", INDEX(Engine2!K:K, E9)), ""))} | E9: {=IFERROR(SMALL(IF(Engine2!H:H<>"", ROW(Engine2!H:H)), ROW()-1), "")} | G9: =IF(B9="","",COUNTIFS(B$2:B$1000,">"&B9)+COUNTIFS(B$2:B$1000,B9,A$2:A$1000,"<"&A9)+1) | I9: =IF(G9="","",INDEX(A:A, MATCH(ROW(A8), G:G, 0))) | J9: =IF(G9="","",INDEX(B:B, MATCH(ROW(A8), G:G, 0))) | K9: =IF(G9="","",INDEX(C:C, MATCH(ROW(A8), G:G, 0))) | L9: =IF(G9="","",INDEX(D:D, MATCH(ROW(A8), G:G, 0)))
A10: {=IF(E10="","",IF(E10<>"",INDEX(Engine2!H:H,E10),""))} | B10: {=IF(A10="", "", IF(E10<>"", IF(INDEX(Engine2!I:I, E10)="", "", INDEX(Engine2!I:I, E10)), ""))} | C10: {=IF(A10="", "", IF(E10<>"", IF(INDEX(Engine2!J:J, E10)="", "", INDEX(Engine2!J:J, E10)), ""))} | D10: {=IF(A10="", "", IF(E10<>"", IF(INDEX(Engine2!K:K, E10)="", "", INDEX(Engine2!K:K, E10)), ""))} | E10: {=IFERROR(SMALL(IF(Engine2!H:H<>"", ROW(Engine2!H:H)), ROW()-1), "")} | G10: =IF(B10="","",COUNTIFS(B$2:B$1000,">"&B10)+COUNTIFS(B$2:B$1000,B10,A$2:A$1000,"<"&A10)+1) | I10: =IF(G10="","",INDEX(A:A, MATCH(ROW(A9), G:G, 0))) | J10: =IF(G10="","",INDEX(B:B, MATCH(ROW(A9), G:G, 0))) | K10: =IF(G10="","",INDEX(C:C, MATCH(ROW(A9), G:G, 0))) | L10: =IF(G10="","",INDEX(D:D, MATCH(ROW(A9), G:G, 0)))
A11: {=IF(E11="","",IF(E11<>"",INDEX(Engine2!H:H,E11),""))} | B11: {=IF(A11="", "", IF(E11<>"", IF(INDEX(Engine2!I:I, E11)="", "", INDEX(Engine2!I:I, E11)), ""))} | C11: {=IF(A11="", "", IF(E11<>"", IF(INDEX(Engine2!J:J, E11)="", "", INDEX(Engine2!J:J, E11)), ""))} | D11: {=IF(A11="", "", IF(E11<>"", IF(INDEX(Engine2!K:K, E11)="", "", INDEX(Engine2!K:K, E11)), ""))} | E11: {=IFERROR(SMALL(IF(Engine2!H:H<>"", ROW(Engine2!H:H)), ROW()-1), "")} | G11: =IF(B11="","",COUNTIFS(B$2:B$1000,">"&B11)+COUNTIFS(B$2:B$1000,B11,A$2:A$1000,"<"&A11)+1) | I11: =IF(G11="","",INDEX(A:A, MATCH(ROW(A10), G:G, 0))) | J11: =IF(G11="","",INDEX(B:B, MATCH(ROW(A10), G:G, 0))) | K11: =IF(G11="","",INDEX(C:C, MATCH(ROW(A10), G:G, 0))) | L11: =IF(G11="","",INDEX(D:D, MATCH(ROW(A10), G:G, 0)))
A12: {=IF(E12="","",IF(E12<>"",INDEX(Engine2!H:H,E12),""))} | B12: {=IF(A12="", "", IF(E12<>"", IF(INDEX(Engine2!I:I, E12)="", "", INDEX(Engine2!I:I, E12)), ""))} | C12: {=IF(A12="", "", IF(E12<>"", IF(INDEX(Engine2!J:J, E12)="", "", INDEX(Engine2!J:J, E12)), ""))} | D12: {=IF(A12="", "", IF(E12<>"", IF(INDEX(Engine2!K:K, E12)="", "", INDEX(Engine2!K:K, E12)), ""))} | E12: {=IFERROR(SMALL(IF(Engine2!H:H<>"", ROW(Engine2!H:H)), ROW()-1), "")} | G12: =IF(B12="","",COUNTIFS(B$2:B$1000,">"&B12)+COUNTIFS(B$2:B$1000,B12,A$2:A$1000,"<"&A12)+1) | I12: =IF(G12="","",INDEX(A:A, MATCH(ROW(A11), G:G, 0))) | J12: =IF(G12="","",INDEX(B:B, MATCH(ROW(A11), G:G, 0))) | K12: =IF(G12="","",INDEX(C:C, MATCH(ROW(A11), G:G, 0))) | L12: =IF(G12="","",INDEX(D:D, MATCH(ROW(A11), G:G, 0)))
A13: {=IF(E13="","",IF(E13<>"",INDEX(Engine2!H:H,E13),""))} | B13: {=IF(A13="", "", IF(E13<>"", IF(INDEX(Engine2!I:I, E13)="", "", INDEX(Engine2!I:I, E13)), ""))} | C13: {=IF(A13="", "", IF(E13<>"", IF(INDEX(Engine2!J:J, E13)="", "", INDEX(Engine2!J:J, E13)), ""))} | D13: {=IF(A13="", "", IF(E13<>"", IF(INDEX(Engine2!K:K, E13)="", "", INDEX(Engine2!K:K, E13)), ""))} | E13: {=IFERROR(SMALL(IF(Engine2!H:H<>"", ROW(Engine2!H:H)), ROW()-1), "")} | G13: =IF(B13="","",COUNTIFS(B$2:B$1000,">"&B13)+COUNTIFS(B$2:B$1000,B13,A$2:A$1000,"<"&A13)+1) | I13: =IF(G13="","",INDEX(A:A, MATCH(ROW(A12), G:G, 0))) | J13: =IF(G13="","",INDEX(B:B, MATCH(ROW(A12), G:G, 0))) | K13: =IF(G13="","",INDEX(C:C, MATCH(ROW(A12), G:G, 0))) | L13: =IF(G13="","",INDEX(D:D, MATCH(ROW(A12), G:G, 0)))
... A99: {=IF(E99="","",IF(E99<>"",INDEX(Engine2!H:H,E99),""))} | B99: {=IF(A99="", "", IF(E99<>"", IF(INDEX(Engine2!I:I, E99)="", "", INDEX(Engine2!I:I, E99)), ""))} | C99: {=IF(A99="", "", IF(E99<>"", IF(INDEX(Engine2!J:J, E99)="", "", INDEX(Engine2!J:J, E99)), ""))} | D99: {=IF(A99="", "", IF(E99<>"", IF(INDEX(Engine2!K:K, E99)="", "", INDEX(Engine2!K:K, E99)), ""))} | E99: {=IFERROR(SMALL(IF(Engine2!H:H<>"", ROW(Engine2!H:H)), ROW()-1), "")} | G99: =IF(B99="","",COUNTIFS(B$2:B$1000,">"&B99)+COUNTIFS(B$2:B$1000,B99,A$2:A$1000,"<"&A99)+1) | I99: =IF(G99="","",INDEX(A:A, MATCH(ROW(A98), G:G, 0))) | J99: =IF(G99="","",INDEX(B:B, MATCH(ROW(A98), G:G, 0))) | K99: =IF(G99="","",INDEX(C:C, MATCH(ROW(A98), G:G, 0))) | L99: =IF(G99="","",INDEX(D:D, MATCH(ROW(A98), G:G, 0)))
A100: {=IF(E100="","",IF(E100<>"",INDEX(Engine2!#REF!,E100),""))} | B100: {=IF(A100="", "", IF(E100<>"", IF(INDEX(Engine2!I:I, E100)="", "", INDEX(Engine2!I:I, E100)), ""))} | C100: {=IF(A100="", "", IF(E100<>"", IF(INDEX(Engine2!J:J, E100)="", "", INDEX(Engine2!J:J, E100)), ""))} | D100: {=IF(A100="", "", IF(E100<>"", IF(INDEX(Engine2!K:K, E100)="", "", INDEX(Engine2!K:K, E100)), ""))} | E100: {=IFERROR(SMALL(IF(Engine2!H:H<>"", ROW(Engine2!H:H)), ROW()-1), "")} | G100: =IF(B100="","",COUNTIFS(B$2:B$1000,">"&B100)+COUNTIFS(B$2:B$1000,B100,A$2:A$1000,"<"&A100)+1) | I100: =IF(G100="","",INDEX(A:A, MATCH(ROW(A99), G:G, 0))) | J100: =IF(G100="","",INDEX(B:B, MATCH(ROW(A99), G:G, 0))) | K100: =IF(G100="","",INDEX(C:C, MATCH(ROW(A99), G:G, 0))) | L100: =IF(G100="","",INDEX(D:D, MATCH(ROW(A99), G:G, 0)))

Sheet APU
H1: =IF(A1="","",IF(B1="",A1,IF(B1=B2,C1&" & "&C2,""))) | I1: =IF(H1="","",D1) | J1: =IF(H1="","",E1) | K1: =IF(H1="","",F1)
H2: =IF(A2="","",IF(B2="",A2,IF(B2=B3,C2&" & "&C3,""))) | I2: =IF(H2="","",D2) | J2: =IF(H2="","",E2) | K2: =IF(H2="","",F2)
H3: =IF(A3="","",IF(B3="",A3,IF(B3=B4,C3&" & "&C4,""))) | I3: =IF(H3="","",D3) | J3: =IF(H3="","",E3) | K3: =IF(H3="","",F3)
H4: =IF(A4="","",IF(B4="",A4,IF(B4=B5,C4&" & "&C5,""))) | I4: =IF(H4="","",D4) | J4: =IF(H4="","",E4) | K4: =IF(H4="","",F4)
H5: =IF(A5="","",IF(B5="",A5,IF(B5=B6,C5&" & "&C6,""))) | I5: =IF(H5="","",D5) | J5: =IF(H5="","",E5) | K5: =IF(H5="","",F5)
H6: =IF(A6="","",IF(B6="",A6,IF(B6=B7,C6&" & "&C7,""))) | I6: =IF(H6="","",D6) | J6: =IF(H6="","",E6) | K6: =IF(H6="","",F6)
H7: =IF(A7="","",IF(B7="",A7,IF(B7=B8,C7&" & "&C8,""))) | I7: =IF(H7="","",D7) | J7: =IF(H7="","",E7) | K7: =IF(H7="","",F7)
H8: =IF(A8="","",IF(B8="",A8,IF(B8=B9,C8&" & "&C9,""))) | I8: =IF(H8="","",D8) | J8: =IF(H8="","",E8) | K8: =IF(H8="","",F8)
H9: =IF(A9="","",IF(B9="",A9,IF(B9=B10,C9&" & "&C10,""))) | I9: =IF(H9="","",D9) | J9: =IF(H9="","",E9) | K9: =IF(H9="","",F9)
H10: =IF(A10="","",IF(B10="",A10,IF(B10=B11,C10&" & "&C11,""))) | I10: =IF(H10="","",D10) | J10: =IF(H10="","",E10) | K10: =IF(H10="","",F10)
H11: =IF(A11="","",IF(B11="",A11,IF(B11=B12,C11&" & "&C12,""))) | I11: =IF(H11="","",D11) | J11: =IF(H11="","",E11) | K11: =IF(H11="","",F11)
H12: =IF(A12="","",IF(B12="",A12,IF(B12=B13,C12&" & "&C13,""))) | I12: =IF(H12="","",D12) | J12: =IF(H12="","",E12) | K12: =IF(H12="","",F12)
... H150: =IF(A150="","",IF(B150="",A150,IF(B150=B151,C150&" & "&C151,""))) | I150: =IF(H150="","",D150) | J150: =IF(H150="","",E150) | K150: =IF(H150="","",F150)

Sheet APU1
A1: Name | B1: Date | C1: TSN | D1: CSN | E1: Row No | G1: Date Row No | I1: Name | J1: Date | K1: TSN | L1: CSN | P1: Name | Q1: Date | R1: TSN | S1: CSN
A2: {=IF(E2="","",IF(E2<>"",INDEX(APU!H:H,E2),""))} | B2: {=IF(A2="", "", IF(E2<>"", IF(INDEX(APU!I:I, E2)="", "", INDEX(APU!I:I, E2)), ""))} | C2: {=IF(A2="", "", IF(E2<>"", IF(INDEX(APU!J:J, E2)="", "", INDEX(APU!J:J, E2)), ""))} | D2: {=IF(A2="", "", IF(E2<>"", IF(INDEX(APU!K:K, E2)="", "", INDEX(APU!K:K, E2)), ""))} | E2: {=IFERROR(SMALL(IF(APU!H:H<>"", ROW(APU!H:H)), ROW()-1), "")} | G2: =IF(B2="","",COUNTIFS(B$2:B$1000,">"&B2)+COUNTIFS(B$2:B$1000,B2,A$2:A$1000,"<"&A2)+1) | I2: =IF(G2="","",INDEX(A:A, MATCH(ROW(A1), G:G, 0))) | J2: =IF(G2="","",INDEX(B:B, MATCH(ROW(A1), G:G, 0))) | K2: =IF(G2="","",INDEX(C:C, MATCH(ROW(A1), G:G, 0))) | L2: =IF(G2="","",INDEX(D:D, MATCH(ROW(A1), G:G, 0))) | P2: {=_xlfn._xlws.FILTER(Table2[], Table2[Date] = _xlfn.BYROW(Table2[Name], _xlfn.LAMBDA(_xlpm.event, _xlfn.MAXIFS(Table2[Date], Table2[Name], _xlpm.event))))} -> #VALUE!
A3: {=IF(E3="","",IF(E3<>"",INDEX(APU!H:H,E3),""))} | B3: {=IF(A3="", "", IF(E3<>"", IF(INDEX(APU!I:I, E3)="", "", INDEX(APU!I:I, E3)), ""))} | C3: {=IF(A3="", "", IF(E3<>"", IF(INDEX(APU!J:J, E3)="", "", INDEX(APU!J:J, E3)), ""))} | D3: {=IF(A3="", "", IF(E3<>"", IF(INDEX(APU!K:K, E3)="", "", INDEX(APU!K:K, E3)), ""))} | E3: {=IFERROR(SMALL(IF(APU!H:H<>"", ROW(APU!H:H)), ROW()-1), "")} | G3: =IF(B3="","",COUNTIFS(B$2:B$1000,">"&B3)+COUNTIFS(B$2:B$1000,B3,A$2:A$1000,"<"&A3)+1) | I3: =IF(G3="","",INDEX(A:A, MATCH(ROW(A2), G:G, 0))) | J3: =IF(G3="","",INDEX(B:B, MATCH(ROW(A2), G:G, 0))) | K3: =IF(G3="","",INDEX(C:C, MATCH(ROW(A2), G:G, 0))) | L3: =IF(G3="","",INDEX(D:D, MATCH(ROW(A2), G:G, 0)))
A4: {=IF(E4="","",IF(E4<>"",INDEX(APU!H:H,E4),""))} | B4: {=IF(A4="", "", IF(E4<>"", IF(INDEX(APU!I:I, E4)="", "", INDEX(APU!I:I, E4)), ""))} | C4: {=IF(A4="", "", IF(E4<>"", IF(INDEX(APU!J:J, E4)="", "", INDEX(APU!J:J, E4)), ""))} | D4: {=IF(A4="", "", IF(E4<>"", IF(INDEX(APU!K:K, E4)="", "", INDEX(APU!K:K, E4)), ""))} | E4: {=IFERROR(SMALL(IF(APU!H:H<>"", ROW(APU!H:H)), ROW()-1), "")} | G4: =IF(B4="","",COUNTIFS(B$2:B$1000,">"&B4)+COUNTIFS(B$2:B$1000,B4,A$2:A$1000,"<"&A4)+1) | I4: =IF(G4="","",INDEX(A:A, MATCH(ROW(A3), G:G, 0))) | J4: =IF(G4="","",INDEX(B:B, MATCH(ROW(A3), G:G, 0))) | K4: =IF(G4="","",INDEX(C:C, MATCH(ROW(A3), G:G, 0))) | L4: =IF(G4="","",INDEX(D:D, MATCH(ROW(A3), G:G, 0)))
A5: {=IF(E5="","",IF(E5<>"",INDEX(APU!H:H,E5),""))} | B5: {=IF(A5="", "", IF(E5<>"", IF(INDEX(APU!I:I, E5)="", "", INDEX(APU!I:I, E5)), ""))} | C5: {=IF(A5="", "", IF(E5<>"", IF(INDEX(APU!J:J, E5)="", "", INDEX(APU!J:J, E5)), ""))} | D5: {=IF(A5="", "", IF(E5<>"", IF(INDEX(APU!K:K, E5)="", "", INDEX(APU!K:K, E5)), ""))} | E5: {=IFERROR(SMALL(IF(APU!H:H<>"", ROW(APU!H:H)), ROW()-1), "")} | G5: =IF(B5="","",COUNTIFS(B$2:B$1000,">"&B5)+COUNTIFS(B$2:B$1000,B5,A$2:A$1000,"<"&A5)+1) | I5: =IF(G5="","",INDEX(A:A, MATCH(ROW(A4), G:G, 0))) | J5: =IF(G5="","",INDEX(B:B, MATCH(ROW(A4), G:G, 0))) | K5: =IF(G5="","",INDEX(C:C, MATCH(ROW(A4), G:G, 0))) | L5: =IF(G5="","",INDEX(D:D, MATCH(ROW(A4), G:G, 0)))
A6: {=IF(E6="","",IF(E6<>"",INDEX(APU!H:H,E6),""))} | B6: {=IF(A6="", "", IF(E6<>"", IF(INDEX(APU!I:I, E6)="", "", INDEX(APU!I:I, E6)), ""))} | C6: {=IF(A6="", "", IF(E6<>"", IF(INDEX(APU!J:J, E6)="", "", INDEX(APU!J:J, E6)), ""))} | D6: {=IF(A6="", "", IF(E6<>"", IF(INDEX(APU!K:K, E6)="", "", INDEX(APU!K:K, E6)), ""))} | E6: {=IFERROR(SMALL(IF(APU!H:H<>"", ROW(APU!H:H)), ROW()-1), "")} | G6: =IF(B6="","",COUNTIFS(B$2:B$1000,">"&B6)+COUNTIFS(B$2:B$1000,B6,A$2:A$1000,"<"&A6)+1) | I6: =IF(G6="","",INDEX(A:A, MATCH(ROW(A5), G:G, 0))) | J6: =IF(G6="","",INDEX(B:B, MATCH(ROW(A5), G:G, 0))) | K6: =IF(G6="","",INDEX(C:C, MATCH(ROW(A5), G:G, 0))) | L6: =IF(G6="","",INDEX(D:D, MATCH(ROW(A5), G:G, 0)))
A7: {=IF(E7="","",IF(E7<>"",INDEX(APU!H:H,E7),""))} | B7: {=IF(A7="", "", IF(E7<>"", IF(INDEX(APU!I:I, E7)="", "", INDEX(APU!I:I, E7)), ""))} | C7: {=IF(A7="", "", IF(E7<>"", IF(INDEX(APU!J:J, E7)="", "", INDEX(APU!J:J, E7)), ""))} | D7: {=IF(A7="", "", IF(E7<>"", IF(INDEX(APU!K:K, E7)="", "", INDEX(APU!K:K, E7)), ""))} | E7: {=IFERROR(SMALL(IF(APU!H:H<>"", ROW(APU!H:H)), ROW()-1), "")} | G7: =IF(B7="","",COUNTIFS(B$2:B$1000,">"&B7)+COUNTIFS(B$2:B$1000,B7,A$2:A$1000,"<"&A7)+1) | I7: =IF(G7="","",INDEX(A:A, MATCH(ROW(A6), G:G, 0))) | J7: =IF(G7="","",INDEX(B:B, MATCH(ROW(A6), G:G, 0))) | K7: =IF(G7="","",INDEX(C:C, MATCH(ROW(A6), G:G, 0))) | L7: =IF(G7="","",INDEX(D:D, MATCH(ROW(A6), G:G, 0)))
A8: {=IF(E8="","",IF(E8<>"",INDEX(APU!H:H,E8),""))} | B8: {=IF(A8="", "", IF(E8<>"", IF(INDEX(APU!I:I, E8)="", "", INDEX(APU!I:I, E8)), ""))} | C8: {=IF(A8="", "", IF(E8<>"", IF(INDEX(APU!J:J, E8)="", "", INDEX(APU!J:J, E8)), ""))} | D8: {=IF(A8="", "", IF(E8<>"", IF(INDEX(APU!K:K, E8)="", "", INDEX(APU!K:K, E8)), ""))} | E8: {=IFERROR(SMALL(IF(APU!H:H<>"", ROW(APU!H:H)), ROW()-1), "")} | G8: =IF(B8="","",COUNTIFS(B$2:B$1000,">"&B8)+COUNTIFS(B$2:B$1000,B8,A$2:A$1000,"<"&A8)+1) | I8: =IF(G8="","",INDEX(A:A, MATCH(ROW(A7), G:G, 0))) | J8: =IF(G8="","",INDEX(B:B, MATCH(ROW(A7), G:G, 0))) | K8: =IF(G8="","",INDEX(C:C, MATCH(ROW(A7), G:G, 0))) | L8: =IF(G8="","",INDEX(D:D, MATCH(ROW(A7), G:G, 0)))
A9: {=IF(E9="","",IF(E9<>"",INDEX(APU!H:H,E9),""))} | B9: {=IF(A9="", "", IF(E9<>"", IF(INDEX(APU!I:I, E9)="", "", INDEX(APU!I:I, E9)), ""))} | C9: {=IF(A9="", "", IF(E9<>"", IF(INDEX(APU!J:J, E9)="", "", INDEX(APU!J:J, E9)), ""))} | D9: {=IF(A9="", "", IF(E9<>"", IF(INDEX(APU!K:K, E9)="", "", INDEX(APU!K:K, E9)), ""))} | E9: {=IFERROR(SMALL(IF(APU!H:H<>"", ROW(APU!H:H)), ROW()-1), "")} | G9: =IF(B9="","",COUNTIFS(B$2:B$1000,">"&B9)+COUNTIFS(B$2:B$1000,B9,A$2:A$1000,"<"&A9)+1) | I9: =IF(G9="","",INDEX(A:A, MATCH(ROW(A8), G:G, 0))) | J9: =IF(G9="","",INDEX(B:B, MATCH(ROW(A8), G:G, 0))) | K9: =IF(G9="","",INDEX(C:C, MATCH(ROW(A8), G:G, 0))) | L9: =IF(G9="","",INDEX(D:D, MATCH(ROW(A8), G:G, 0)))
A10: {=IF(E10="","",IF(E10<>"",INDEX(APU!H:H,E10),""))} | B10: {=IF(A10="", "", IF(E10<>"", IF(INDEX(APU!I:I, E10)="", "", INDEX(APU!I:I, E10)), ""))} | C10: {=IF(A10="", "", IF(E10<>"", IF(INDEX(APU!J:J, E10)="", "", INDEX(APU!J:J, E10)), ""))} | D10: {=IF(A10="", "", IF(E10<>"", IF(INDEX(APU!K:K, E10)="", "", INDEX(APU!K:K, E10)), ""))} | E10: {=IFERROR(SMALL(IF(APU!H:H<>"", ROW(APU!H:H)), ROW()-1), "")} | G10: =IF(B10="","",COUNTIFS(B$2:B$1000,">"&B10)+COUNTIFS(B$2:B$1000,B10,A$2:A$1000,"<"&A10)+1) | I10: =IF(G10="","",INDEX(A:A, MATCH(ROW(A9), G:G, 0))) | J10: =IF(G10="","",INDEX(B:B, MATCH(ROW(A9), G:G, 0))) | K10: =IF(G10="","",INDEX(C:C, MATCH(ROW(A9), G:G, 0))) | L10: =IF(G10="","",INDEX(D:D, MATCH(ROW(A9), G:G, 0)))
A11: {=IF(E11="","",IF(E11<>"",INDEX(APU!H:H,E11),""))} | B11: {=IF(A11="", "", IF(E11<>"", IF(INDEX(APU!I:I, E11)="", "", INDEX(APU!I:I, E11)), ""))} | C11: {=IF(A11="", "", IF(E11<>"", IF(INDEX(APU!J:J, E11)="", "", INDEX(APU!J:J, E11)), ""))} | D11: {=IF(A11="", "", IF(E11<>"", IF(INDEX(APU!K:K, E11)="", "", INDEX(APU!K:K, E11)), ""))} | E11: {=IFERROR(SMALL(IF(APU!H:H<>"", ROW(APU!H:H)), ROW()-1), "")} | G11: =IF(B11="","",COUNTIFS(B$2:B$1000,">"&B11)+COUNTIFS(B$2:B$1000,B11,A$2:A$1000,"<"&A11)+1) | I11: =IF(G11="","",INDEX(A:A, MATCH(ROW(A10), G:G, 0))) | J11: =IF(G11="","",INDEX(B:B, MATCH(ROW(A10), G:G, 0))) | K11: =IF(G11="","",INDEX(C:C, MATCH(ROW(A10), G:G, 0))) | L11: =IF(G11="","",INDEX(D:D, MATCH(ROW(A10), G:G, 0)))
A12: {=IF(E12="","",IF(E12<>"",INDEX(APU!H:H,E12),""))} | B12: {=IF(A12="", "", IF(E12<>"", IF(INDEX(APU!I:I, E12)="", "", INDEX(APU!I:I, E12)), ""))} | C12: {=IF(A12="", "", IF(E12<>"", IF(INDEX(APU!J:J, E12)="", "", INDEX(APU!J:J, E12)), ""))} | D12: {=IF(A12="", "", IF(E12<>"", IF(INDEX(APU!K:K, E12)="", "", INDEX(APU!K:K, E12)), ""))} | E12: {=IFERROR(SMALL(IF(APU!H:H<>"", ROW(APU!H:H)), ROW()-1), "")} | G12: =IF(B12="","",COUNTIFS(B$2:B$1000,">"&B12)+COUNTIFS(B$2:B$1000,B12,A$2:A$1000,"<"&A12)+1) | I12: =IF(G12="","",INDEX(A:A, MATCH(ROW(A11), G:G, 0))) | J12: =IF(G12="","",INDEX(B:B, MATCH(ROW(A11), G:G, 0))) | K12: =IF(G12="","",INDEX(C:C, MATCH(ROW(A11), G:G, 0))) | L12: =IF(G12="","",INDEX(D:D, MATCH(ROW(A11), G:G, 0)))
A13: {=IF(E13="","",IF(E13<>"",INDEX(APU!H:H,E13),""))} | B13: {=IF(A13="", "", IF(E13<>"", IF(INDEX(APU!I:I, E13)="", "", INDEX(APU!I:I, E13)), ""))} | C13: {=IF(A13="", "", IF(E13<>"", IF(INDEX(APU!J:J, E13)="", "", INDEX(APU!J:J, E13)), ""))} | D13: {=IF(A13="", "", IF(E13<>"", IF(INDEX(APU!K:K, E13)="", "", INDEX(APU!K:K, E13)), ""))} | E13: {=IFERROR(SMALL(IF(APU!H:H<>"", ROW(APU!H:H)), ROW()-1), "")} | G13: =IF(B13="","",COUNTIFS(B$2:B$1000,">"&B13)+COUNTIFS(B$2:B$1000,B13,A$2:A$1000,"<"&A13)+1) | I13: =IF(G13="","",INDEX(A:A, MATCH(ROW(A12), G:G, 0))) | J13: =IF(G13="","",INDEX(B:B, MATCH(ROW(A12), G:G, 0))) | K13: =IF(G13="","",INDEX(C:C, MATCH(ROW(A12), G:G, 0))) | L13: =IF(G13="","",INDEX(D:D, MATCH(ROW(A12), G:G, 0)))
A14: {=IF(E14="","",IF(E14<>"",INDEX(APU!H:H,E14),""))} | B14: {=IF(A14="", "", IF(E14<>"", IF(INDEX(APU!I:I, E14)="", "", INDEX(APU!I:I, E14)), ""))} | C14: {=IF(A14="", "", IF(E14<>"", IF(INDEX(APU!J:J, E14)="", "", INDEX(APU!J:J, E14)), ""))} | D14: {=IF(A14="", "", IF(E14<>"", IF(INDEX(APU!K:K, E14)="", "", INDEX(APU!K:K, E14)), ""))} | E14: {=IFERROR(SMALL(IF(APU!H:H<>"", ROW(APU!H:H)), ROW()-1), "")} | G14: =IF(B14="","",COUNTIFS(B$2:B$1000,">"&B14)+COUNTIFS(B$2:B$1000,B14,A$2:A$1000,"<"&A14)+1) | I14: =IF(G14="","",INDEX(A:A, MATCH(ROW(A13), G:G, 0))) | J14: =IF(G14="","",INDEX(B:B, MATCH(ROW(A13), G:G, 0))) | K14: =IF(G14="","",INDEX(C:C, MATCH(ROW(A13), G:G, 0))) | L14: =IF(G14="","",INDEX(D:D, MATCH(ROW(A13), G:G, 0)))
... A100: {=IF(E100="","",IF(E100<>"",INDEX(APU!H:H,E100),""))} | B100: {=IF(A100="", "", IF(E100<>"", IF(INDEX(APU!I:I, E100)="", "", INDEX(APU!I:I, E100)), ""))} | C100: {=IF(A100="", "", IF(E100<>"", IF(INDEX(APU!J:J, E100)="", "", INDEX(APU!J:J, E100)), ""))} | D100: {=IF(A100="", "", IF(E100<>"", IF(INDEX(APU!K:K, E100)="", "", INDEX(APU!K:K, E100)), ""))} | E100: {=IFERROR(SMALL(IF(APU!H:H<>"", ROW(APU!H:H)), ROW()-1), "")} | G100: =IF(B100="","",COUNTIFS(B$2:B$1000,">"&B100)+COUNTIFS(B$2:B$1000,B100,A$2:A$1000,"<"&A100)+1) | I100: =IF(G100="","",INDEX(A:A, MATCH(ROW(A99), G:G, 0))) | J100: =IF(G100="","",INDEX(B:B, MATCH(ROW(A99), G:G, 0))) | K100: =IF(G100="","",INDEX(C:C, MATCH(ROW(A99), G:G, 0))) | L100: =IF(G100="","",INDEX(D:D, MATCH(ROW(A99), G:G, 0)))
